frame,time_from_origin_s,centroid_x_m,centroid_y_m,centroid_z_m,valid
0,0.000000,-0.029146,0.863584,1.046749,1
1,0.011111,-0.029158,0.863597,1.046718,1
2,0.022222,-0.029170,0.863586,1.046668,1
3,0.033333,-0.029166,0.863598,1.046612,1
4,0.044444,-0.029167,0.863636,1.046571,1
5,0.055556,-0.029184,0.863622,1.046509,1
6,0.066667,-0.029193,0.863634,1.046462,1
7,0.077778,-0.029169,0.863642,1.046408,1
8,0.088889,-0.029216,0.863596,1.046399,1
9,0.100000,-0.029188,0.863615,1.046315,1
10,0.111111,-0.029325,0.863063,1.046039,1
11,0.122222,-0.029324,0.863041,1.046008,1
12,0.133333,-0.029341,0.863039,1.045955,1
13,0.144444,-0.029304,0.863049,1.045884,1
14,0.155556,-0.029350,0.863033,1.045865,1
15,0.166667,-0.029296,0.863032,1.045806,1
16,0.177778,-0.029329,0.863015,1.045778,1
17,0.188889,-0.029355,0.862995,1.045716,1
18,0.200000,-0.029368,0.862996,1.045683,1
19,0.211111,-0.029363,0.862996,1.045668,1
20,0.222222,-0.029359,0.862994,1.045620,1
21,0.233333,-0.029386,0.862998,1.045573,1
22,0.244444,-0.029381,0.862973,1.045543,1
23,0.255556,-0.029420,0.862964,1.045504,1
24,0.266667,-0.029402,0.862997,1.045499,1
25,0.277778,-0.029443,0.862964,1.045454,1
26,0.288889,-0.029439,0.862986,1.045420,1
27,0.300000,-0.029471,0.862946,1.045387,1
28,0.311111,-0.029477,0.862950,1.045380,1
29,0.322222,-0.029485,0.862940,1.045349,1
30,0.333333,-0.029510,0.862924,1.045325,1
31,0.344444,-0.029509,0.862920,1.045325,1
32,0.355556,-0.029527,0.862903,1.045301,1
33,0.366667,-0.029550,0.862875,1.045280,1
34,0.377778,-0.029564,0.862873,1.045256,1
35,0.388889,-0.029559,0.862881,1.045260,1
36,0.400000,-0.029557,0.862871,1.045274,1
37,0.411111,-0.029571,0.862866,1.045260,1
38,0.422222,-0.029603,0.862853,1.045258,1
39,0.433333,-0.029578,0.862863,1.045250,1
40,0.444444,-0.029556,0.862849,1.045297,1
41,0.455556,-0.029560,0.862832,1.045280,1
42,0.466667,-0.029572,0.862819,1.045305,1
43,0.477778,-0.029545,0.862815,1.045327,1
44,0.488889,-0.029533,0.862842,1.045346,1
45,0.500000,-0.029558,0.862784,1.045344,1
46,0.511111,-0.029560,0.862768,1.045386,1
47,0.522222,-0.029589,0.862782,1.045407,1
48,0.533333,-0.029579,0.862774,1.045459,1
49,0.544444,-0.029541,0.862804,1.045505,1
50,0.555556,-0.029487,0.862838,1.045527,1
51,0.566667,-0.029462,0.862859,1.045549,1
52,0.577778,-0.029469,0.862795,1.045599,1
53,0.588889,-0.029482,0.862792,1.045644,1
54,0.600000,-0.029477,0.862803,1.045703,1
55,0.611111,-0.029490,0.862789,1.045748,1
56,0.622222,-0.029470,0.862781,1.045792,1
57,0.633333,-0.029469,0.862773,1.045827,1
58,0.644444,-0.029500,0.862719,1.045892,1
59,0.655556,-0.029469,0.862758,1.045914,1
60,0.666667,-0.029530,0.862696,1.045995,1
61,0.677778,-0.029495,0.862715,1.046047,1
62,0.688889,-0.029531,0.862685,1.046129,1
63,0.700000,-0.029547,0.862707,1.046182,1
64,0.711111,-0.029523,0.862710,1.046222,1
65,0.722222,-0.029558,0.862664,1.046264,1
66,0.733333,-0.029544,0.862671,1.046327,1
67,0.744444,-0.029578,0.862666,1.046372,1
68,0.755556,-0.029588,0.862666,1.046419,1
69,0.766667,-0.029569,0.862694,1.046483,1
70,0.777778,-0.029576,0.862697,1.046518,1
71,0.788889,-0.029552,0.862670,1.046589,1
72,0.800000,-0.029517,0.862674,1.046636,1
73,0.811111,-0.029584,0.862601,1.046716,1
74,0.822222,-0.029538,0.862645,1.046767,1
75,0.833333,-0.029552,0.862686,1.046858,1
76,0.844444,-0.029541,0.862812,1.046953,1
77,0.855556,-0.029484,0.862984,1.047002,1
78,0.866667,-0.029512,0.863059,1.047112,1
79,0.877778,-0.029477,0.863115,1.047189,1
80,0.888889,-0.029499,0.863134,1.047264,1
81,0.900000,-0.029502,0.863125,1.047297,1
82,0.911111,-0.029488,0.863153,1.047342,1
83,0.922222,-0.029463,0.863184,1.047373,1
84,0.933333,-0.029492,0.863168,1.047398,1
85,0.944444,-0.029502,0.863166,1.047416,1
86,0.955556,-0.029467,0.863207,1.047455,1
87,0.966667,-0.029616,0.862682,1.047204,1
88,0.977778,-0.029608,0.862682,1.047250,1
89,0.988889,-0.029592,0.862663,1.047270,1
90,1.000000,-0.029589,0.862651,1.047292,1
91,1.011111,-0.029574,0.862664,1.047334,1
92,1.022222,-0.029560,0.862662,1.047347,1
93,1.033333,-0.029571,0.862699,1.047378,1
94,1.044444,-0.029540,0.862740,1.047396,1
95,1.055556,-0.029532,0.862739,1.047411,1
96,1.066667,-0.029498,0.862777,1.047421,1
97,1.077778,-0.029501,0.862772,1.047428,1
98,1.088889,-0.029487,0.862785,1.047433,1
99,1.100000,-0.029477,0.862821,1.047407,1
100,1.111111,-0.029499,0.862758,1.047435,1
101,1.122222,-0.029472,0.862779,1.047439,1
102,1.133333,-0.029480,0.862749,1.047459,1
103,1.144444,-0.029397,0.862784,1.047384,1
104,1.155556,-0.029446,0.862805,1.047468,1
105,1.166667,-0.029368,0.862853,1.047392,1
106,1.177778,-0.029375,0.862852,1.047399,1
107,1.188889,-0.029372,0.862836,1.047394,1
108,1.200000,-0.029354,0.862860,1.047384,1
109,1.211111,-0.029319,0.862861,1.047409,1
110,1.222222,-0.029292,0.862880,1.047386,1
111,1.233333,-0.029299,0.862856,1.047341,1
112,1.244444,-0.029258,0.862888,1.047413,1
113,1.255556,-0.029218,0.862877,1.047422,1
114,1.266667,-0.029212,0.862865,1.047407,1
115,1.277778,-0.029199,0.862864,1.047412,1
116,1.288889,-0.029128,0.862936,1.047464,1
117,1.300000,-0.029105,0.863073,1.047535,1
118,1.311111,-0.029106,0.863252,1.047582,1
119,1.322222,-0.029127,0.863323,1.047623,1
120,1.333333,-0.029058,0.863366,1.047674,1
121,1.344444,-0.029042,0.863371,1.047717,1
122,1.355556,-0.029024,0.863365,1.047708,1
123,1.366667,-0.029008,0.863395,1.047710,1
124,1.377778,-0.028968,0.863389,1.047731,1
125,1.388889,-0.028973,0.863376,1.047769,1
126,1.400000,-0.028910,0.863407,1.047767,1
127,1.411111,-0.028923,0.863393,1.047795,1
128,1.422222,-0.028837,0.863436,1.047802,1
129,1.433333,-0.028856,0.863403,1.047809,1
130,1.444444,-0.028824,0.863445,1.047803,1
131,1.455556,-0.028750,0.863463,1.047837,1
132,1.466667,-0.028659,0.863524,1.047856,1
133,1.477778,-0.028620,0.863500,1.047903,1
134,1.488889,-0.028573,0.863534,1.047917,1
135,1.500000,-0.028512,0.863566,1.047929,1
136,1.511111,-0.028450,0.863595,1.047944,1
137,1.522222,-0.028397,0.863635,1.047942,1
138,1.533333,-0.028332,0.863643,1.047923,1
139,1.544444,-0.028256,0.863659,1.047973,1
140,1.555556,-0.028202,0.863671,1.047983,1
141,1.566667,-0.028134,0.863713,1.048059,1
142,1.577778,-0.028026,0.863743,1.048081,1
143,1.588889,-0.027954,0.863778,1.048116,1
144,1.600000,-0.027855,0.863810,1.048162,1
145,1.611111,-0.027779,0.863835,1.048259,1
146,1.622222,-0.027705,0.863868,1.048324,1
147,1.633333,-0.027620,0.863871,1.048377,1
148,1.644444,-0.027577,0.863888,1.048469,1
149,1.655556,-0.027562,0.863905,1.048479,1
150,1.666667,-0.027437,0.863928,1.048532,1
151,1.677778,-0.027337,0.863913,1.048611,1
152,1.688889,-0.027255,0.863939,1.048676,1
153,1.700000,-0.027170,0.863950,1.048721,1
154,1.711111,-0.027106,0.863974,1.048777,1
155,1.722222,-0.026942,0.863979,1.048884,1
156,1.733333,-0.026869,0.863998,1.048986,1
157,1.744444,-0.026805,0.864005,1.049071,1
158,1.755556,-0.026677,0.863973,1.049132,1
159,1.766667,-0.026526,0.864000,1.049210,1
160,1.777778,-0.026455,0.863979,1.049288,1
161,1.788889,-0.026395,0.863955,1.049388,1
162,1.800000,-0.026273,0.863990,1.049482,1
163,1.811111,-0.026172,0.863961,1.049546,1
164,1.822222,-0.026045,0.863920,1.049628,1
165,1.833333,-0.025922,0.863903,1.049715,1
166,1.844444,-0.025796,0.863906,1.049834,1
167,1.855556,-0.025689,0.863912,1.049988,1
168,1.866667,-0.025587,0.863394,1.049741,1
169,1.877778,-0.025469,0.863404,1.049890,1
170,1.888889,-0.025384,0.863347,1.050046,1
171,1.900000,-0.025279,0.863343,1.050194,1
172,1.911111,-0.025160,0.863310,1.050302,1
173,1.922222,-0.025081,0.863313,1.050389,1
174,1.933333,-0.024963,0.863448,1.050619,1
175,1.944444,-0.024890,0.863504,1.050861,1
176,1.955556,-0.024816,0.863619,1.050991,1
177,1.966667,-0.024814,0.863675,1.051126,1
178,1.977778,-0.024770,0.863760,1.051287,1
179,1.988889,-0.024716,0.863779,1.051356,1
180,2.000000,-0.024705,0.863765,1.051362,1
181,2.011111,-0.024665,0.863743,1.051406,1
182,2.022222,-0.024611,0.863717,1.051431,1
183,2.033333,-0.024537,0.863678,1.051510,1
184,2.044444,-0.024506,0.863695,1.051539,1
185,2.055556,-0.024510,0.863661,1.051524,1
186,2.066667,-0.024482,0.863680,1.051546,1
187,2.077778,-0.024436,0.863702,1.051578,1
188,2.088889,-0.024364,0.863686,1.051564,1
189,2.100000,-0.024329,0.863678,1.051569,1
190,2.111111,-0.024274,0.863226,1.051150,1
191,2.122222,-0.024234,0.863248,1.051161,1
192,2.133333,-0.024193,0.863213,1.051177,1
193,2.144444,-0.024152,0.863207,1.051198,1
194,2.155556,-0.024036,0.863190,1.051155,1
195,2.166667,-0.023998,0.863183,1.051115,1
196,2.177778,-0.023931,0.863167,1.051095,1
197,2.188889,-0.023920,0.863157,1.051058,1
198,2.200000,-0.023865,0.863192,1.051058,1
199,2.211111,-0.023785,0.863209,1.051013,1
200,2.222222,-0.023751,0.863169,1.051005,1
201,2.233333,-0.023683,0.863112,1.050952,1
202,2.244444,-0.023681,0.863136,1.050936,1
203,2.255556,-0.023624,0.863155,1.050865,1
204,2.266667,-0.023609,0.863129,1.050882,1
205,2.277778,-0.023542,0.863144,1.050831,1
206,2.288889,-0.023510,0.863112,1.050856,1
207,2.300000,-0.023516,0.863065,1.050858,1
208,2.311111,-0.023466,0.863087,1.050822,1
209,2.322222,-0.023402,0.863076,1.050802,1
210,2.333333,-0.023372,0.863086,1.050824,1
211,2.344444,-0.023363,0.863061,1.050853,1
212,2.355556,-0.023290,0.863110,1.050763,1
213,2.366667,-0.023277,0.863035,1.050752,1
214,2.377778,-0.023206,0.863065,1.050718,1
215,2.388889,-0.023211,0.863036,1.050729,1
216,2.400000,-0.023192,0.863050,1.050668,1
217,2.411111,-0.023163,0.863068,1.050661,1
218,2.422222,-0.023190,0.863045,1.050612,1
219,2.433333,-0.023171,0.863057,1.050606,1
220,2.444444,-0.023173,0.863079,1.050566,1
221,2.455556,-0.023193,0.863106,1.050531,1
222,2.466667,-0.023196,0.863125,1.050466,1
223,2.477778,-0.023194,0.863162,1.050430,1
224,2.488889,-0.023202,0.863167,1.050358,1
225,2.500000,-0.023237,0.863153,1.050231,1
226,2.511111,-0.023288,0.863151,1.050211,1
227,2.522222,-0.023365,0.863167,1.050147,1
228,2.533333,-0.023462,0.863166,1.050005,1
229,2.544444,-0.023522,0.863203,1.049879,1
230,2.555556,-0.023649,0.863193,1.049750,1
231,2.566667,-0.023759,0.863146,1.049626,1
232,2.577778,-0.023886,0.863141,1.049508,1
233,2.588889,-0.024010,0.863136,1.049406,1
234,2.600000,-0.024165,0.863145,1.049267,1
235,2.611111,-0.024288,0.863159,1.049120,1
236,2.622222,-0.024459,0.863114,1.048947,1
237,2.633333,-0.024587,0.863124,1.048821,1
238,2.644444,-0.024759,0.863121,1.048656,1
239,2.655556,-0.024880,0.863146,1.048494,1
240,2.666667,-0.025058,0.863173,1.048325,1
241,2.677778,-0.025249,0.863228,1.048168,1
242,2.688889,-0.025395,0.863250,1.047983,1
243,2.700000,-0.025546,0.863301,1.047786,1
244,2.711111,-0.025688,0.863299,1.047579,1
245,2.722222,-0.025852,0.863260,1.047371,1
246,2.733333,-0.025981,0.863221,1.047157,1
247,2.744444,-0.026115,0.863202,1.046921,1
248,2.755556,-0.026255,0.863225,1.046646,1
249,2.766667,-0.026378,0.863185,1.046438,1
250,2.777778,-0.026533,0.863118,1.046178,1
251,2.788889,-0.026648,0.863088,1.045969,1
252,2.800000,-0.026738,0.863028,1.045773,1
253,2.811111,-0.026766,0.863036,1.045520,1
254,2.822222,-0.026826,0.863022,1.045300,1
255,2.833333,-0.026867,0.863036,1.045069,1
256,2.844444,-0.026921,0.863002,1.044849,1
257,2.855556,-0.026946,0.862979,1.044639,1
258,2.866667,-0.026954,0.862953,1.044418,1
259,2.877778,-0.026924,0.862947,1.044265,1
260,2.888889,-0.026890,0.862917,1.044053,1
261,2.900000,-0.026873,0.862917,1.043855,1
262,2.911111,-0.026835,0.862926,1.043660,1
263,2.922222,-0.026769,0.862917,1.043509,1
264,2.933333,-0.026690,0.862921,1.043320,1
265,2.944444,-0.026596,0.862932,1.043169,1
266,2.955556,-0.026498,0.862914,1.043026,1
267,2.966667,-0.026434,0.862894,1.042870,1
268,2.977778,-0.026366,0.862892,1.042728,1
269,2.988889,-0.026366,0.862914,1.042589,1
270,3.000000,-0.026289,0.862857,1.042426,1
271,3.011111,-0.026221,0.862812,1.042334,1
272,3.022222,-0.026088,0.862838,1.042215,1
273,3.033333,-0.025996,0.862811,1.042123,1
274,3.044444,-0.025897,0.862797,1.042027,1
275,3.055556,-0.025789,0.862780,1.041936,1
276,3.066667,-0.025713,0.862728,1.041849,1
277,3.077778,-0.025649,0.862724,1.041729,1
278,3.088889,-0.025590,0.862713,1.041664,1
279,3.100000,-0.025503,0.862758,1.041570,1
280,3.111111,-0.025397,0.862730,1.041486,1
281,3.122222,-0.025309,0.862702,1.041408,1
282,3.133333,-0.025223,0.862688,1.041356,1
283,3.144444,-0.025180,0.862643,1.041307,1
284,3.155556,-0.025116,0.862639,1.041232,1
285,3.166667,-0.025045,0.862652,1.041167,1
286,3.177778,-0.024943,0.862622,1.041091,1
287,3.188889,-0.024863,0.862610,1.041007,1
288,3.200000,-0.024741,0.862564,1.040960,1
289,3.211111,-0.024637,0.862550,1.040885,1
290,3.222222,-0.024550,0.862552,1.040819,1
291,3.233333,-0.024458,0.862566,1.040759,1
292,3.244444,-0.024381,0.862566,1.040713,1
293,3.255556,-0.024305,0.862583,1.040646,1
294,3.266667,-0.024074,0.862432,1.040604,1
295,3.277778,-0.023944,0.862380,1.040571,1
296,3.288889,-0.023792,0.862358,1.040551,1
297,3.300000,-0.023683,0.862341,1.040499,1
298,3.311111,-0.023605,0.862357,1.040418,1
299,3.322222,-0.023469,0.862337,1.040393,1
300,3.333333,-0.023362,0.862324,1.040383,1
301,3.344444,-0.023280,0.862282,1.040403,1
302,3.355556,-0.023164,0.862285,1.040364,1
303,3.366667,-0.023044,0.862312,1.040375,1
304,3.377778,-0.022956,0.862302,1.040373,1
305,3.388889,-0.022824,0.862339,1.040368,1
306,3.400000,-0.022667,0.862315,1.040332,1
307,3.411111,-0.022576,0.862243,1.040280,1
308,3.422222,-0.022449,0.862292,1.040194,1
309,3.433333,-0.022387,0.862292,1.040247,1
310,3.444444,-0.022197,0.862261,1.040215,1
311,3.455556,-0.022115,0.862250,1.040246,1
312,3.466667,-0.021987,0.862262,1.040191,1
313,3.477778,-0.021916,0.862244,1.040178,1
314,3.488889,-0.021807,0.862248,1.040179,1
315,3.500000,-0.021727,0.862277,1.040054,1
316,3.511111,-0.021612,0.862306,1.039989,1
317,3.522222,-0.021513,0.862304,1.039931,1
318,3.533333,-0.021342,0.862355,1.039888,1
319,3.544444,-0.021270,0.862372,1.039856,1
320,3.555556,-0.021172,0.862376,1.039876,1
321,3.566667,-0.021111,0.862387,1.039843,1
322,3.577778,-0.021004,0.862424,1.039813,1
323,3.588889,-0.020948,0.862430,1.039805,1
324,3.600000,-0.020791,0.862495,1.039825,1
325,3.611111,-0.020686,0.862476,1.039846,1
326,3.622222,-0.020594,0.862464,1.039868,1
327,3.633333,-0.020525,0.862452,1.039869,1
328,3.644444,-0.020466,0.862483,1.039889,1
329,3.655556,-0.020410,0.862488,1.039906,1
330,3.666667,-0.020372,0.862476,1.039953,1
331,3.677778,-0.020322,0.862431,1.040025,1
332,3.688889,-0.020275,0.862464,1.040011,1
333,3.700000,-0.020150,0.862494,1.040055,1
334,3.711111,-0.020105,0.862501,1.040089,1
335,3.722222,-0.020019,0.862522,1.040151,1
336,3.733333,-0.019961,0.862506,1.040189,1
337,3.744444,-0.019902,0.862509,1.040238,1
338,3.755556,-0.019858,0.862474,1.040285,1
339,3.766667,-0.019788,0.862468,1.040351,1
340,3.777778,-0.019748,0.862489,1.040406,1
341,3.788889,-0.019701,0.862460,1.040448,1
342,3.800000,-0.019656,0.862481,1.040506,1
343,3.811111,-0.019599,0.862430,1.040566,1
344,3.822222,-0.019547,0.862440,1.040647,1
345,3.833333,-0.019509,0.862411,1.040661,1
346,3.844444,-0.019459,0.862410,1.040663,1
347,3.855556,-0.019447,0.862419,1.040704,1
348,3.866667,-0.019410,0.862413,1.040716,1
349,3.877778,-0.019328,0.862452,1.040792,1
350,3.888889,-0.019289,0.862474,1.040787,1
351,3.900000,-0.019283,0.862409,1.040729,1
352,3.911111,-0.019293,0.862442,1.040792,1
353,3.922222,-0.019284,0.862444,1.040789,1
354,3.933333,-0.019310,0.862443,1.040769,1
355,3.944444,-0.019311,0.862410,1.040754,1
356,3.955556,-0.019313,0.862444,1.040756,1
357,3.966667,-0.019328,0.862402,1.040750,1
358,3.977778,-0.019356,0.862404,1.040731,1
359,3.988889,-0.019396,0.862437,1.040676,1
360,4.000000,-0.019437,0.862451,1.040621,1
361,4.011111,-0.019444,0.862460,1.040640,1
362,4.022222,-0.019474,0.862492,1.040644,1
363,4.033333,-0.019534,0.862474,1.040557,1
364,4.044444,-0.019555,0.862496,1.040567,1
365,4.055556,-0.019631,0.862500,1.040568,1
366,4.066667,-0.019699,0.862508,1.040544,1
367,4.077778,-0.019715,0.862505,1.040516,1
368,4.088889,-0.019798,0.862491,1.040452,1
369,4.100000,-0.019839,0.862512,1.040465,1
370,4.111111,-0.019887,0.862522,1.040420,1
371,4.122222,-0.019944,0.862512,1.040369,1
372,4.133333,-0.020010,0.862522,1.040392,1
373,4.144444,-0.020056,0.862513,1.040393,1
374,4.155556,-0.020108,0.862521,1.040381,1
375,4.166667,-0.020140,0.862517,1.040379,1
376,4.177778,-0.020217,0.862471,1.040380,1
377,4.188889,-0.020258,0.862449,1.040380,1
378,4.200000,-0.020314,0.862442,1.040416,1
379,4.211111,-0.020375,0.862426,1.040449,1
380,4.222222,-0.020428,0.862388,1.040477,1
381,4.233333,-0.020480,0.862402,1.040530,1
382,4.244444,-0.020522,0.862393,1.040585,1
383,4.255556,-0.020592,0.862408,1.040634,1
384,4.266667,-0.020642,0.862403,1.040684,1
385,4.277778,-0.020685,0.862419,1.040751,1
386,4.288889,-0.020754,0.862388,1.040806,1
387,4.300000,-0.020778,0.862385,1.040888,1
388,4.311111,-0.020834,0.862360,1.040965,1
389,4.322222,-0.020889,0.862355,1.041062,1
390,4.333333,-0.020931,0.862322,1.041150,1
391,4.344444,-0.021015,0.862321,1.041235,1
392,4.355556,-0.021096,0.862292,1.041317,1
393,4.366667,-0.021174,0.862287,1.041424,1
394,4.377778,-0.021223,0.862264,1.041518,1
395,4.388889,-0.021261,0.862267,1.041592,1
396,4.400000,-0.021282,0.862250,1.041703,1
397,4.411111,-0.021313,0.862254,1.041819,1
398,4.422222,-0.021295,0.862246,1.041918,1
399,4.433333,-0.021380,0.862218,1.042039,1
400,4.444444,-0.021371,0.862203,1.042111,1
401,4.455556,-0.021400,0.862183,1.042198,1
402,4.466667,-0.021415,0.862157,1.042311,1
403,4.477778,-0.021485,0.862167,1.042399,1
404,4.488889,-0.021547,0.862171,1.042480,1
405,4.500000,-0.021570,0.862180,1.042584,1
406,4.511111,-0.021554,0.862234,1.042660,1
407,4.522222,-0.021549,0.862228,1.042738,1
408,4.533333,-0.021606,0.862211,1.042879,1
409,4.544444,-0.021637,0.862204,1.042929,1
410,4.555556,-0.021642,0.862229,1.042989,1
411,4.566667,-0.021727,0.862196,1.043094,1
412,4.577778,-0.021737,0.862164,1.043176,1
413,4.588889,-0.021723,0.862151,1.043256,1
414,4.600000,-0.021777,0.862141,1.043349,1
415,4.611111,-0.021797,0.862141,1.043430,1
416,4.622222,-0.021792,0.862160,1.043471,1
417,4.633333,-0.021861,0.862177,1.043562,1
418,4.644444,-0.021900,0.862172,1.043636,1
419,4.655556,-0.021933,0.862202,1.043719,1
420,4.666667,-0.021954,0.862179,1.043787,1
421,4.677778,-0.022000,0.862201,1.043847,1
422,4.688889,-0.022016,0.862194,1.043894,1
423,4.700000,-0.022032,0.862249,1.043947,1
424,4.711111,-0.022051,0.862270,1.044011,1
425,4.722222,-0.022034,0.862304,1.044061,1
426,4.733333,-0.022099,0.862307,1.044148,1
427,4.744444,-0.022111,0.862324,1.044195,1
428,4.755556,-0.022142,0.862344,1.044247,1
429,4.766667,-0.022163,0.862382,1.044295,1
430,4.777778,-0.022174,0.862417,1.044362,1
431,4.788889,-0.022211,0.862441,1.044422,1
432,4.800000,-0.022217,0.862450,1.044474,1
433,4.811111,-0.022213,0.862442,1.044529,1
434,4.822222,-0.022242,0.862434,1.044602,1
435,4.833333,-0.022253,0.862456,1.044650,1
436,4.844444,-0.022267,0.862460,1.044743,1
437,4.855556,-0.022286,0.862479,1.044792,1
438,4.866667,-0.022305,0.862496,1.044854,1
439,4.877778,-0.022318,0.862492,1.044928,1
440,4.888889,-0.022335,0.862501,1.044999,1
441,4.900000,-0.022323,0.862536,1.045074,1
442,4.911111,-0.022319,0.862534,1.045128,1
443,4.922222,-0.022274,0.862554,1.045224,1
444,4.933333,-0.022323,0.862525,1.045291,1
445,4.944444,-0.022310,0.862531,1.045392,1
446,4.955556,-0.022336,0.862541,1.045458,1
447,4.966667,-0.022325,0.862545,1.045563,1
448,4.977778,-0.022320,0.862590,1.045670,1
449,4.988889,-0.022353,0.862586,1.045762,1
450,5.000000,-0.022344,0.862597,1.045840,1
451,5.011111,-0.022372,0.862616,1.045961,1
452,5.022222,-0.022407,0.862631,1.046020,1
453,5.033333,-0.022393,0.862655,1.046134,1
454,5.044444,-0.022401,0.862650,1.046219,1
455,5.055556,-0.022435,0.862685,1.046324,1
456,5.066667,-0.022470,0.862666,1.046407,1
457,5.077778,-0.022483,0.862650,1.046475,1
458,5.088889,-0.022496,0.862681,1.046575,1
459,5.100000,-0.022498,0.862670,1.046656,1
460,5.111111,-0.022483,0.862727,1.046755,1
461,5.122222,-0.022496,0.862734,1.046833,1
462,5.133333,-0.022473,0.862732,1.046926,1
463,5.144444,-0.022460,0.862702,1.047007,1
464,5.155556,-0.022456,0.862727,1.047083,1
465,5.166667,-0.022461,0.862750,1.047183,1
466,5.177778,-0.022431,0.862782,1.047269,1
467,5.188889,-0.022432,0.862776,1.047344,1
468,5.200000,-0.022425,0.862760,1.047409,1
469,5.211111,-0.022419,0.862745,1.047484,1
470,5.222222,-0.022400,0.862775,1.047551,1
471,5.233333,-0.022376,0.862798,1.047645,1
472,5.244444,-0.022363,0.862793,1.047717,1
473,5.255556,-0.022363,0.862795,1.047788,1
474,5.266667,-0.022347,0.862797,1.047882,1
475,5.277778,-0.022321,0.862783,1.047958,1
476,5.288889,-0.022287,0.862768,1.048017,1
477,5.300000,-0.022278,0.862769,1.048092,1
478,5.311111,-0.022274,0.862785,1.048163,1
479,5.322222,-0.022242,0.862809,1.048233,1
480,5.333333,-0.022237,0.862811,1.048299,1
481,5.344444,-0.022242,0.862786,1.048374,1
482,5.355556,-0.022227,0.862798,1.048455,1
483,5.366667,-0.022225,0.862799,1.048526,1
484,5.377778,-0.022202,0.862822,1.048589,1
485,5.388889,-0.022203,0.862819,1.048642,1
486,5.400000,-0.022180,0.862844,1.048741,1
487,5.411111,-0.022192,0.862840,1.048818,1
488,5.422222,-0.022181,0.862833,1.048843,1
489,5.433333,-0.022181,0.862878,1.048968,1
490,5.444444,-0.022191,0.862862,1.049053,1
491,5.455556,-0.022184,0.862882,1.049116,1
492,5.466667,-0.022174,0.862865,1.049212,1
493,5.477778,-0.022166,0.862867,1.049301,1
494,5.488889,-0.022182,0.862867,1.049376,1
495,5.500000,-0.022175,0.862897,1.049458,1
496,5.511111,-0.022201,0.862927,1.049540,1
497,5.522222,-0.022206,0.862935,1.049613,1
498,5.533333,-0.022225,0.862903,1.049680,1
499,5.544444,-0.022241,0.862911,1.049766,1
500,5.555556,-0.022282,0.862945,1.049856,1
501,5.566667,-0.022291,0.862934,1.049931,1
502,5.577778,-0.022293,0.862939,1.050050,1
503,5.588889,-0.022293,0.862987,1.050164,1
504,5.600000,-0.022345,0.863013,1.050303,1
505,5.611111,-0.022353,0.863050,1.050408,1
506,5.622222,-0.022378,0.863085,1.050580,1
507,5.633333,-0.022395,0.863152,1.050743,1
508,5.644444,-0.022415,0.863186,1.050887,1
509,5.655556,-0.022454,0.863321,1.051136,1
510,5.666667,-0.022501,0.863407,1.051347,1
511,5.677778,-0.022526,0.863497,1.051594,1
512,5.688889,-0.022576,0.863567,1.051830,1
513,5.700000,-0.022591,0.863642,1.052064,1
514,5.711111,-0.022649,0.863751,1.052305,1
515,5.722222,-0.022653,0.863839,1.052447,1
516,5.733333,-0.022664,0.863953,1.052743,1
517,5.744444,-0.022734,0.863986,1.052950,1
518,5.755556,-0.022746,0.864049,1.053147,1
519,5.766667,-0.022829,0.864121,1.053317,1
520,5.777778,-0.022869,0.864191,1.053460,1
521,5.788889,-0.022862,0.864291,1.053552,1
522,5.800000,-0.022980,0.864321,1.053666,1
523,5.811111,-0.022990,0.864406,1.053774,1
524,5.822222,-0.023056,0.864466,1.053797,1
525,5.833333,-0.023125,0.864505,1.053852,1
526,5.844444,-0.023126,0.864626,1.053855,1
527,5.855556,-0.023180,0.864702,1.053872,1
528,5.866667,-0.023194,0.864793,1.053808,1
529,5.877778,-0.023257,0.864853,1.053791,1
530,5.888889,-0.023278,0.864926,1.053741,1
531,5.900000,-0.023263,0.865006,1.053602,1
532,5.911111,-0.023333,0.865106,1.053535,1
533,5.922222,-0.023400,0.865203,1.053424,1
534,5.933333,-0.023432,0.865299,1.053349,1
535,5.944444,-0.023461,0.865384,1.053216,1
536,5.955556,-0.023517,0.865449,1.053110,1
537,5.966667,-0.023491,0.865531,1.053082,1
538,5.977778,-0.023271,0.865691,1.053328,1
539,5.988889,-0.023290,0.865780,1.053240,1
540,6.000000,-0.023294,0.865885,1.053149,1
541,6.011111,-0.023320,0.865971,1.053065,1
542,6.022222,-0.023314,0.866036,1.052955,1
543,6.033333,-0.023314,0.866120,1.052880,1
544,6.044444,-0.023362,0.866184,1.052800,1
545,6.055556,-0.023379,0.866283,1.052708,1
546,6.066667,-0.023430,0.866319,1.052626,1
547,6.077778,-0.023426,0.866350,1.052477,1
548,6.088889,-0.023453,0.866383,1.052411,1
549,6.100000,-0.023500,0.866390,1.052360,1
550,6.111111,-0.023522,0.866448,1.052299,1
551,6.122222,-0.023600,0.866530,1.052179,1
552,6.133333,-0.023661,0.866629,1.052169,1
553,6.144444,-0.023739,0.866740,1.052070,1
554,6.155556,-0.023886,0.866875,1.052067,1
555,6.166667,-0.023962,0.866922,1.051882,1
556,6.177778,-0.024069,0.867056,1.051867,1
557,6.188889,-0.024261,0.867185,1.051805,1
558,6.200000,-0.024515,0.867339,1.051831,1
559,6.211111,-0.024697,0.867450,1.051727,1
560,6.222222,-0.024944,0.867548,1.051616,1
561,6.233333,-0.025185,0.867700,1.051488,1
562,6.244444,-0.025594,0.867841,1.051420,1
563,6.255556,-0.025911,0.867930,1.051241,1
564,6.266667,-0.026271,0.868043,1.051133,1
565,6.277778,-0.026861,0.868185,1.051066,1
566,6.288889,-0.027321,0.868276,1.050865,1
567,6.300000,-0.027889,0.868359,1.050697,1
568,6.311111,-0.028422,0.868453,1.050476,1
569,6.322222,-0.029147,0.868500,1.050267,1
570,6.333333,-0.029848,0.868537,1.050072,1
571,6.344444,-0.030738,0.868567,1.049887,1
572,6.355556,-0.031571,0.868502,1.049713,1
573,6.366667,-0.032380,0.868455,1.049544,1
574,6.377778,-0.033410,0.868397,1.049321,1
575,6.388889,-0.034533,0.868307,1.049103,1
576,6.400000,-0.035578,0.868366,1.048845,1
577,6.411111,-0.036834,0.868318,1.048619,1
578,6.422222,-0.038083,0.868231,1.048384,1
579,6.433333,-0.039351,0.868199,1.048163,1
580,6.444444,-0.040600,0.868248,1.047935,1
581,6.455556,-0.042033,0.868235,1.047704,1
582,6.466667,-0.043439,0.868195,1.047435,1
583,6.477778,-0.044992,0.868134,1.047265,1
584,6.488889,-0.046525,0.868176,1.046989,1
585,6.500000,-0.048198,0.868077,1.046774,1
586,6.511111,-0.049789,0.868079,1.046486,1
587,6.522222,-0.051543,0.868063,1.046187,1
588,6.533333,-0.053322,0.867998,1.045863,1
589,6.544444,-0.055124,0.867994,1.045525,1
590,6.555556,-0.056992,0.867906,1.045222,1
591,6.566667,-0.058950,0.867845,1.044780,1
592,6.577778,-0.060897,0.867819,1.044311,1
593,6.588889,-0.062883,0.867778,1.043809,1
594,6.600000,-0.064923,0.867684,1.043298,1
595,6.611111,-0.066989,0.867587,1.042720,1
596,6.622222,-0.069137,0.867463,1.042098,1
597,6.633333,-0.071354,0.867420,1.041443,1
598,6.644444,-0.073591,0.867303,1.040676,1
599,6.655556,-0.075833,0.867224,1.039942,1
600,6.666667,-0.078059,0.867094,1.039084,1
601,6.677778,-0.080351,0.866964,1.038182,1
602,6.688889,-0.082651,0.866853,1.037258,1
603,6.700000,-0.085013,0.866702,1.036164,1
604,6.711111,-0.087334,0.866629,1.035101,1
605,6.722222,-0.089646,0.866463,1.033979,1
606,6.733333,-0.091956,0.866415,1.032733,1
607,6.744444,-0.094215,0.866274,1.031473,1
608,6.755556,-0.096476,0.866262,1.030047,1
609,6.766667,-0.098702,0.866296,1.028531,1
610,6.777778,-0.100936,0.866275,1.026929,1
611,6.788889,-0.103088,0.866310,1.025206,1
612,6.800000,-0.105169,0.866270,1.023422,1
613,6.811111,-0.107311,0.866330,1.021396,1
614,6.822222,-0.109403,0.866409,1.019349,1
615,6.833333,-0.111443,0.866589,1.017204,1
616,6.844444,-0.113435,0.866814,1.014955,1
617,6.855556,-0.115409,0.867096,1.012647,1
618,6.866667,-0.117367,0.867383,1.010173,1
619,6.877778,-0.119195,0.867782,1.007536,1
620,6.888889,-0.121024,0.868149,1.004872,1
621,6.900000,-0.122737,0.868559,1.002039,1
622,6.911111,-0.124352,0.868906,0.999100,1
623,6.922222,-0.125912,0.869212,0.996017,1
624,6.933333,-0.127369,0.869395,0.992882,1
625,6.944444,-0.128782,0.869564,0.989605,1
626,6.955556,-0.130137,0.869756,0.986192,1
627,6.966667,-0.131351,0.869771,0.982713,1
628,6.977778,-0.132511,0.869729,0.979202,1
629,6.988889,-0.133603,0.869673,0.975598,1
630,7.000000,-0.134606,0.869548,0.971788,1
631,7.011111,-0.135577,0.869389,0.967935,1
632,7.022222,-0.136411,0.869276,0.963945,1
633,7.033333,-0.137238,0.869051,0.960001,1
634,7.044444,-0.138148,0.868764,0.956131,1
635,7.055556,-0.138757,0.868580,0.952003,1
636,7.066667,-0.139362,0.868402,0.947766,1
637,7.077778,-0.139628,0.867960,0.944416,1
638,7.088889,-0.140142,0.867802,0.940129,1
639,7.100000,-0.140485,0.867721,0.935775,1
640,7.111111,-0.140817,0.867788,0.931019,1
641,7.122222,-0.141195,0.867628,0.926587,1
642,7.133333,-0.141274,0.867500,0.921895,1
643,7.144444,-0.141195,0.867159,0.917303,1
644,7.155556,-0.141090,0.867047,0.912462,1
645,7.166667,-0.141026,0.866812,0.907998,1
646,7.177778,-0.140768,0.866537,0.903423,1
647,7.188889,-0.140496,0.866111,0.898849,1
648,7.200000,-0.140016,0.865593,0.894184,1
649,7.211111,-0.139518,0.864976,0.889505,1
650,7.222222,-0.138992,0.864369,0.884807,1
651,7.233333,-0.138398,0.863684,0.880020,1
652,7.244444,-0.137778,0.862959,0.875126,1
653,7.255556,-0.137093,0.862054,0.870272,1
654,7.266667,-0.136242,0.861027,0.865444,1
655,7.277778,-0.135442,0.860051,0.860454,1
656,7.288889,-0.134610,0.858919,0.855413,1
657,7.300000,-0.133721,0.857789,0.850257,1
658,7.311111,-0.132715,0.856625,0.845086,1
659,7.322222,-0.131754,0.855426,0.839875,1
660,7.333333,-0.130610,0.854203,0.834523,1
661,7.344444,-0.129329,0.853216,0.828839,1
662,7.355556,-0.127964,0.852589,0.823037,1
663,7.366667,-0.126335,0.852299,0.816986,1
664,7.377778,-0.124346,0.852266,0.810747,1
665,7.388889,-0.122635,0.852578,0.804534,1
666,7.400000,-0.120965,0.852965,0.798359,1
667,7.411111,-0.119383,0.853485,0.792098,1
668,7.422222,-0.117626,0.854184,0.785916,1
669,7.433333,-0.115986,0.854952,0.779676,1
670,7.444444,-0.114294,0.855730,0.773481,1
671,7.455556,-0.112653,0.856571,0.767317,1
672,7.466667,-0.111064,0.857778,0.760948,1
673,7.477778,-0.109338,0.859014,0.754611,1
674,7.488889,-0.107784,0.860165,0.748370,1
675,7.500000,-0.106119,0.861474,0.741985,1
676,7.511111,-0.104554,0.862740,0.735509,1
677,7.522222,-0.102892,0.863943,0.729079,1
678,7.533333,-0.101362,0.865152,0.722385,1
679,7.544444,-0.099844,0.866276,0.715716,1
680,7.555556,-0.098391,0.867383,0.708975,1
681,7.566667,-0.096935,0.868342,0.702231,1
682,7.577778,-0.095557,0.869257,0.695327,1
683,7.588889,-0.094280,0.870129,0.688246,1
684,7.600000,-0.093095,0.870925,0.681133,1
685,7.611111,-0.091905,0.871648,0.673766,1
686,7.622222,-0.090748,0.872243,0.666340,1
687,7.633333,-0.089783,0.872861,0.658884,1
688,7.644444,-0.088781,0.873451,0.651348,1
689,7.655556,-0.087830,0.874005,0.643889,1
690,7.666667,-0.086653,0.874156,0.636872,1
691,7.677778,-0.085710,0.874657,0.629361,1
692,7.688889,-0.084867,0.875109,0.621893,1
693,7.700000,-0.084039,0.875530,0.614431,1
694,7.711111,-0.083535,0.875784,0.606795,1
695,7.722222,-0.083135,0.876018,0.599005,1
696,7.733333,-0.082785,0.876123,0.591252,1
697,7.744444,-0.082497,0.875814,0.582544,1
698,7.755556,-0.082372,0.875701,0.574546,1
699,7.766667,-0.082339,0.875612,0.566496,1
700,7.777778,-0.082301,0.875414,0.558530,1
701,7.788889,-0.082340,0.875244,0.550563,1
702,7.800000,-0.082502,0.875033,0.542643,1
703,7.811111,-0.082828,0.874697,0.534701,1
704,7.822222,-0.083235,0.874521,0.526794,1
705,7.833333,-0.083679,0.874152,0.518871,1
706,7.844444,-0.084226,0.873886,0.510939,1
707,7.855556,-0.084900,0.873576,0.503134,1
708,7.866667,-0.085723,0.873109,0.495460,1
709,7.877778,-0.086551,0.872634,0.487846,1
710,7.888889,-0.087510,0.872216,0.480323,1
711,7.900000,-0.088539,0.871739,0.472989,1
712,7.911111,-0.089541,0.871339,0.465851,1
713,7.922222,-0.090747,0.870918,0.458806,1
714,7.933333,-0.091876,0.870385,0.451980,1
715,7.944444,-0.093096,0.869713,0.445219,1
716,7.955556,-0.094394,0.868908,0.438663,1
717,7.966667,-0.095712,0.867880,0.432305,1
718,7.977778,-0.096982,0.866763,0.426122,1
719,7.988889,-0.098331,0.865562,0.420097,1
720,8.000000,-0.099759,0.864276,0.414181,1
721,8.011111,-0.101155,0.862976,0.408398,1
722,8.022222,-0.102680,0.861715,0.402490,1
723,8.033333,-0.104513,0.860894,0.396306,1
724,8.044444,-0.106670,0.860741,0.389802,1
725,8.055556,-0.108968,0.860964,0.383322,1
726,8.066667,-0.111145,0.861166,0.377157,1
727,8.077778,-0.113261,0.861643,0.371048,1
728,8.088889,-0.115373,0.862584,0.364791,1
729,8.100000,-0.117443,0.863718,0.358658,1
730,8.111111,-0.119436,0.865012,0.352457,1
731,8.122222,-0.121584,0.866480,0.346079,1
732,8.133333,-0.123800,0.867883,0.339585,1
733,8.144444,-0.125857,0.869187,0.333100,1
734,8.155556,-0.128063,0.870304,0.326576,1
735,8.166667,-0.130181,0.871282,0.319844,1
736,8.177778,-0.131976,0.872290,0.312954,1
737,8.188889,-0.133941,0.872901,0.306018,1
738,8.200000,-0.135915,0.873266,0.298827,1
739,8.211111,-0.137799,0.873459,0.291719,1
740,8.222222,-0.139546,0.873616,0.284611,1
741,8.233333,-0.141282,0.873614,0.277433,1
742,8.244444,-0.142910,0.873756,0.270021,1
743,8.255556,-0.144438,0.874005,0.262581,1
744,8.266667,-0.145890,0.874265,0.254928,1
745,8.277778,-0.147256,0.874561,0.247346,1
746,8.288889,-0.148549,0.875062,0.239442,1
747,8.300000,-0.149862,0.875894,0.231585,1
748,8.311111,-0.150976,0.876477,0.223491,1
749,8.322222,-0.152013,0.877080,0.215417,1
750,8.333333,-0.153061,0.877682,0.207287,1
751,8.344444,-0.153959,0.878272,0.199080,1
752,8.355556,-0.154941,0.878763,0.190798,1
753,8.366667,-0.155820,0.879220,0.182551,1
754,8.377778,-0.156613,0.879409,0.174341,1
755,8.388889,-0.157417,0.879612,0.166003,1
756,8.400000,-0.158181,0.879617,0.157759,1
757,8.411111,-0.158791,0.879479,0.149602,1
758,8.422222,-0.159521,0.879221,0.141408,1
759,8.433333,-0.160095,0.878990,0.133230,1
760,8.444444,-0.160574,0.878560,0.125100,1
761,8.455556,-0.160992,0.878109,0.116932,1
762,8.466667,-0.161263,0.877640,0.108862,1
763,8.477778,-0.161429,0.877156,0.100780,1
764,8.488889,-0.161670,0.876599,0.092664,1
765,8.500000,-0.161681,0.876058,0.084623,1
766,8.511111,-0.161603,0.875500,0.076667,1
767,8.522222,-0.161496,0.874948,0.068735,1
768,8.533333,-0.161328,0.874427,0.060798,1
769,8.544444,-0.161217,0.873799,0.052714,1
770,8.555556,-0.160824,0.873365,0.045038,1
771,8.566667,-0.160426,0.872940,0.037457,1
772,8.577778,-0.159891,0.872530,0.029988,1
773,8.588889,-0.159387,0.872038,0.022635,1
774,8.600000,-0.158779,0.871489,0.015437,1
775,8.611111,-0.158022,0.870564,0.008442,1
776,8.622222,-0.157268,0.869936,0.001468,1
777,8.633333,-0.156476,0.869075,-0.005383,1
778,8.644444,-0.155700,0.868037,-0.012107,1
779,8.655556,-0.154898,0.866894,-0.018647,1
780,8.666667,-0.154111,0.865624,-0.025241,1
781,8.677778,-0.153222,0.864258,-0.031697,1
782,8.688889,-0.152258,0.862950,-0.038056,1
783,8.700000,-0.151365,0.861448,-0.044371,1
784,8.711111,-0.150342,0.859962,-0.050729,1
785,8.722222,-0.149344,0.858416,-0.057148,1
786,8.733333,-0.148101,0.857223,-0.063889,1
787,8.744444,-0.146599,0.856275,-0.070772,1
788,8.755556,-0.145075,0.855796,-0.077712,1
789,8.766667,-0.143418,0.855553,-0.084468,1
790,8.777778,-0.141820,0.855478,-0.091135,1
791,8.788889,-0.140360,0.855729,-0.097697,1
792,8.800000,-0.138767,0.855867,-0.103733,1
793,8.811111,-0.137334,0.856690,-0.110340,1
794,8.822222,-0.135875,0.857598,-0.116899,1
795,8.833333,-0.135374,0.858647,-0.123091,1
796,8.844444,-0.133892,0.860031,-0.129729,1
797,8.855556,-0.132397,0.861385,-0.136145,1
798,8.866667,-0.130943,0.862778,-0.142726,1
799,8.877778,-0.129765,0.864288,-0.149079,1
800,8.888889,-0.128441,0.865808,-0.155727,1
801,8.900000,-0.126972,0.867072,-0.162544,1
802,8.911111,-0.125646,0.868340,-0.169431,1
803,8.922222,-0.124351,0.869529,-0.176493,1
804,8.933333,-0.123213,0.870573,-0.183647,1
805,8.944444,-0.121949,0.871570,-0.190791,1
806,8.955556,-0.120910,0.872460,-0.198013,1
807,8.966667,-0.119797,0.873342,-0.205601,1
808,8.977778,-0.118706,0.874066,-0.213334,1
809,8.988889,-0.117747,0.874720,-0.221086,1
810,9.000000,-0.116733,0.875395,-0.228966,1
811,9.011111,-0.115843,0.876040,-0.236943,1
812,9.022222,-0.114986,0.876614,-0.244960,1
813,9.033333,-0.114057,0.877224,-0.253028,1
814,9.044444,-0.113143,0.877772,-0.261097,1
815,9.055556,-0.112325,0.878232,-0.269325,1
816,9.066667,-0.111469,0.878711,-0.277509,1
817,9.077778,-0.110674,0.879008,-0.285708,1
818,9.088889,-0.109850,0.879300,-0.293885,1
819,9.100000,-0.109100,0.879450,-0.302060,1
820,9.111111,-0.108023,0.878939,-0.310802,1
821,9.122222,-0.107428,0.878823,-0.319035,1
822,9.133333,-0.106888,0.878750,-0.327327,1
823,9.144444,-0.106228,0.878663,-0.335600,1
824,9.155556,-0.105761,0.878291,-0.343769,1
825,9.166667,-0.105275,0.877990,-0.351959,1
826,9.177778,-0.104936,0.877637,-0.360227,1
827,9.188889,-0.104624,0.877257,-0.368399,1
828,9.200000,-0.104415,0.876809,-0.376564,1
829,9.211111,-0.104332,0.876288,-0.384650,1
830,9.222222,-0.104304,0.875776,-0.392759,1
831,9.233333,-0.104494,0.875162,-0.400721,1
832,9.244444,-0.104786,0.874524,-0.408632,1
833,9.255556,-0.105134,0.873808,-0.416397,1
834,9.266667,-0.105648,0.873158,-0.424151,1
835,9.277778,-0.106237,0.872425,-0.431682,1
836,9.288889,-0.106995,0.871637,-0.439133,1
837,9.300000,-0.107769,0.870753,-0.446457,1
838,9.311111,-0.108622,0.869978,-0.453671,1
839,9.322222,-0.109488,0.868925,-0.460677,1
840,9.333333,-0.110398,0.867778,-0.467563,1
841,9.344444,-0.111363,0.866506,-0.474280,1
842,9.355556,-0.112381,0.865276,-0.480899,1
843,9.366667,-0.113382,0.864017,-0.487353,1
844,9.377778,-0.114484,0.862702,-0.493697,1
845,9.388889,-0.115659,0.861443,-0.500009,1
846,9.400000,-0.116927,0.860269,-0.506464,1
847,9.411111,-0.118492,0.859614,-0.513364,1
848,9.422222,-0.120295,0.859731,-0.520513,1
849,9.433333,-0.122165,0.860059,-0.527470,1
850,9.444444,-0.124039,0.860472,-0.534308,1
851,9.455556,-0.125785,0.861034,-0.541074,1
852,9.466667,-0.127451,0.861975,-0.548014,1
853,9.477778,-0.129056,0.863038,-0.555014,1
854,9.488889,-0.130664,0.864267,-0.562069,1
855,9.500000,-0.132358,0.865505,-0.569204,1
856,9.511111,-0.133954,0.866788,-0.576485,1
857,9.522222,-0.135630,0.867968,-0.583858,1
858,9.533333,-0.137384,0.868962,-0.591253,1
859,9.544444,-0.139019,0.869761,-0.598797,1
860,9.555556,-0.140503,0.870489,-0.606408,1
861,9.566667,-0.142080,0.871009,-0.614205,1
862,9.577778,-0.143568,0.871238,-0.622024,1
863,9.588889,-0.145029,0.871416,-0.629824,1
864,9.600000,-0.146449,0.871615,-0.637684,1
865,9.611111,-0.147920,0.871684,-0.645704,1
866,9.622222,-0.149309,0.871969,-0.653694,1
867,9.633333,-0.150580,0.872225,-0.661875,1
868,9.644444,-0.151761,0.872568,-0.670141,1
869,9.655556,-0.152846,0.872996,-0.678511,1
870,9.666667,-0.153843,0.873435,-0.686899,1
871,9.677778,-0.154776,0.873906,-0.695299,1
872,9.688889,-0.155675,0.874247,-0.703683,1
873,9.700000,-0.156515,0.874877,-0.712283,1
874,9.711111,-0.157305,0.875435,-0.720909,1
875,9.722222,-0.158037,0.876016,-0.729535,1
876,9.733333,-0.158820,0.876455,-0.738032,1
877,9.744444,-0.159616,0.876901,-0.746614,1
878,9.755556,-0.160329,0.877248,-0.755196,1
879,9.766667,-0.161004,0.877444,-0.763771,1
880,9.777778,-0.161665,0.877501,-0.772362,1
881,9.788889,-0.162210,0.877461,-0.780907,1
882,9.800000,-0.162644,0.877137,-0.789420,1
883,9.811111,-0.163061,0.876883,-0.797997,1
884,9.822222,-0.163570,0.876307,-0.806829,1
885,9.833333,-0.163867,0.875816,-0.815255,1
886,9.844444,-0.164005,0.875329,-0.823741,1
887,9.855556,-0.164071,0.874909,-0.832259,1
888,9.866667,-0.164032,0.874358,-0.840682,1
889,9.877778,-0.164013,0.873754,-0.849052,1
890,9.888889,-0.163926,0.873173,-0.857261,1
891,9.900000,-0.163793,0.872640,-0.865390,1
892,9.911111,-0.163598,0.872027,-0.873492,1
893,9.922222,-0.163307,0.871383,-0.881376,1
894,9.933333,-0.163011,0.870767,-0.889176,1
895,9.944444,-0.162649,0.870089,-0.896857,1
896,9.955556,-0.162189,0.869226,-0.904285,1
897,9.966667,-0.161573,0.868283,-0.911702,1
898,9.977778,-0.160958,0.867185,-0.918871,1
899,9.988889,-0.160326,0.865997,-0.925911,1
900,10.000000,-0.159621,0.864606,-0.932791,1
901,10.011111,-0.158911,0.863154,-0.939578,1
902,10.022222,-0.158173,0.861708,-0.946119,1
903,10.033333,-0.157378,0.860136,-0.952657,1
904,10.044444,-0.156505,0.858504,-0.959180,1
905,10.055556,-0.155623,0.856965,-0.965791,1
906,10.066667,-0.154783,0.855434,-0.972877,1
907,10.077778,-0.153412,0.854604,-0.979997,1
908,10.088889,-0.152046,0.854096,-0.987082,1
909,10.100000,-0.150734,0.853714,-0.994013,1
910,10.111111,-0.149337,0.853576,-1.000758,1
911,10.122222,-0.148127,0.853722,-1.007429,1
912,10.133333,-0.146862,0.854041,-1.014044,1
913,10.144444,-0.145704,0.854596,-1.020574,1
914,10.155556,-0.144627,0.855459,-1.026893,1
915,10.166667,-0.143548,0.856551,-1.033152,1
916,10.177778,-0.142622,0.857798,-1.039074,1
917,10.188889,-0.142382,0.858542,-1.046703,1
918,10.200000,-0.141329,0.859708,-1.053031,1
919,10.211111,-0.140461,0.860952,-1.059557,1
920,10.222222,-0.139459,0.862322,-1.066057,1
921,10.233333,-0.138431,0.863592,-1.072826,1
922,10.244444,-0.137593,0.864825,-1.079446,1
923,10.255556,-0.136781,0.865966,-1.086204,1
924,10.266667,-0.136033,0.866819,-1.093062,1
925,10.277778,-0.135288,0.867622,-1.099785,1
926,10.288889,-0.134752,0.868448,-1.106794,1
927,10.300000,-0.134144,0.869309,-1.113447,1
928,10.311111,-0.133813,0.869995,-1.120833,1
929,10.322222,-0.133442,0.870703,-1.128327,1
930,10.333333,-0.133202,0.871928,-1.136293,1
931,10.344444,-0.133063,0.872736,-1.144074,1
932,10.355556,-0.133008,0.873247,-1.152067,1
933,10.366667,-0.132743,0.873914,-1.159855,1
934,10.377778,-0.132800,0.874714,-1.167835,1
935,10.388889,-0.132624,0.875303,-1.175710,1
936,10.400000,-0.132695,0.875817,-1.183746,1
937,10.411111,-0.132477,0.876303,-1.191595,1
938,10.422222,-0.132361,0.876735,-1.199544,1
939,10.433333,-0.132214,0.877030,-1.207466,1
940,10.444444,-0.132363,0.877148,-1.215545,1
941,10.455556,-0.132397,0.877281,-1.223403,1
942,10.466667,-0.132614,0.877177,-1.231328,1
943,10.477778,-0.132855,0.876971,-1.239267,1
944,10.488889,-0.133323,0.876755,-1.247164,1
945,10.500000,-0.133776,0.876412,-1.255021,1
946,10.511111,-0.134381,0.876053,-1.262883,1
947,10.522222,-0.135101,0.875681,-1.270668,1
948,10.533333,-0.135985,0.875256,-1.278547,1
949,10.544444,-0.136975,0.874737,-1.286335,1
950,10.555556,-0.138098,0.874300,-1.293924,1
951,10.566667,-0.139338,0.873786,-1.301400,1
952,10.577778,-0.140630,0.873210,-1.308857,1
953,10.588889,-0.142021,0.872693,-1.316102,1
954,10.600000,-0.143543,0.872075,-1.323201,1
955,10.611111,-0.145100,0.871297,-1.330139,1
956,10.622222,-0.146609,0.870560,-1.336988,1
957,10.633333,-0.148227,0.869632,-1.343691,1
958,10.644444,-0.149877,0.868586,-1.350131,1
959,10.655556,-0.151504,0.867385,-1.356482,1
960,10.666667,-0.153212,0.866085,-1.362652,1
961,10.677778,-0.154917,0.864669,-1.368712,1
962,10.688889,-0.156646,0.863159,-1.374600,1
963,10.700000,-0.158489,0.861621,-1.380220,1
964,10.711111,-0.160455,0.859952,-1.386212,1
965,10.722222,-0.162824,0.858525,-1.392411,1
966,10.733333,-0.165579,0.857887,-1.398857,1
967,10.744444,-0.168260,0.857479,-1.405040,1
968,10.755556,-0.171020,0.857167,-1.411138,1
969,10.766667,-0.173687,0.857052,-1.417051,1
970,10.777778,-0.176370,0.857473,-1.423008,1
971,10.788889,-0.178998,0.858173,-1.429151,1
972,10.800000,-0.181606,0.859141,-1.435050,1
973,10.811111,-0.184258,0.860428,-1.440895,1
974,10.822222,-0.186854,0.861901,-1.447024,1
975,10.833333,-0.189517,0.863613,-1.452895,1
976,10.844444,-0.191865,0.864743,-1.459712,1
977,10.855556,-0.194576,0.866110,-1.465964,1
978,10.866667,-0.197448,0.867201,-1.472515,1
979,10.877778,-0.200149,0.868238,-1.479060,1
980,10.888889,-0.202636,0.869204,-1.485600,1
981,10.900000,-0.205175,0.869827,-1.492281,1
982,10.911111,-0.207608,0.870285,-1.498913,1
983,10.922222,-0.210109,0.870488,-1.505703,1
984,10.933333,-0.212593,0.870504,-1.512619,1
985,10.944444,-0.214998,0.870531,-1.519647,1
986,10.955556,-0.217975,0.870920,-1.527206,1
987,10.966667,-0.219997,0.870711,-1.534044,1
988,10.977778,-0.222641,0.871346,-1.541945,1
989,10.988889,-0.224906,0.871720,-1.549356,1
990,11.000000,-0.227144,0.872113,-1.556862,1
991,11.011111,-0.229343,0.872717,-1.564260,1
992,11.022222,-0.231394,0.873253,-1.571647,1
993,11.033333,-0.233576,0.873809,-1.579101,1
994,11.044444,-0.235681,0.874404,-1.586508,1
995,11.055556,-0.237697,0.874946,-1.593894,1
996,11.066667,-0.239173,0.875652,-1.601490,1
997,11.077778,-0.241196,0.876604,-1.608930,1
998,11.088889,-0.243400,0.876860,-1.616405,1
999,11.100000,-0.245013,0.877349,-1.623585,1
1000,11.111111,-0.246636,0.877660,-1.630807,1
1001,11.122222,-0.248146,0.877820,-1.637787,1
1002,11.133333,-0.249579,0.877887,-1.644964,1
1003,11.144444,-0.251144,0.877793,-1.651945,1
1004,11.155556,-0.252864,0.877592,-1.659051,1
1005,11.166667,-0.254886,0.877816,-1.666432,1
1006,11.177778,-0.256971,0.878036,-1.673956,1
1007,11.188889,-0.258665,0.878072,-1.681152,1
1008,11.200000,-0.259957,0.878000,-1.688052,1
1009,11.211111,-0.261071,0.877821,-1.694771,1
1010,11.222222,-0.262096,0.877756,-1.701226,1
1011,11.233333,-0.263503,0.877279,-1.707596,1
1012,11.244444,-0.264397,0.876863,-1.713906,1
1013,11.255556,-0.265130,0.876594,-1.720161,1
1014,11.266667,-0.265833,0.876366,-1.726245,1
1015,11.277778,-0.266442,0.876170,-1.732232,1
1016,11.288889,-0.266871,0.875827,-1.738296,1
1017,11.300000,-0.267216,0.875523,-1.744130,1
1018,11.311111,-0.267548,0.875133,-1.749904,1
1019,11.322222,-0.267765,0.874718,-1.755552,1
1020,11.333333,-0.267975,0.874062,-1.761095,1
1021,11.344444,-0.268034,0.873257,-1.766519,1
1022,11.355556,-0.267948,0.872265,-1.771998,1
1023,11.366667,-0.267886,0.871292,-1.777402,1
1024,11.377778,-0.267797,0.870140,-1.782703,1
1025,11.388889,-0.267698,0.868861,-1.787907,1
1026,11.400000,-0.267485,0.867578,-1.793079,1
1027,11.411111,-0.267273,0.866038,-1.798261,1
1028,11.422222,-0.268487,0.863499,-1.806449,1
1029,11.433333,-0.267996,0.861970,-1.811545,1
1030,11.444444,-0.267941,0.860242,-1.815868,1
1031,11.455556,-0.267147,0.857419,-1.821231,1
1032,11.466667,-0.266303,0.855994,-1.826465,1
1033,11.477778,-0.265502,0.854693,-1.832618,1
1034,11.488889,-0.264525,0.853724,-1.838346,1
1035,11.500000,-0.263728,0.853213,-1.843618,1
1036,11.511111,-0.263102,0.853214,-1.848580,1
1037,11.522222,-0.263074,0.854089,-1.852313,1
1038,11.533333,-0.262382,0.854421,-1.857667,1
1039,11.544444,-0.260576,0.855149,-1.864272,1
1040,11.555556,-0.258560,0.855631,-1.870902,1
1041,11.566667,-0.256694,0.855768,-1.875763,1
1042,11.577778,-0.254621,0.856818,-1.881480,1
1043,11.588889,-0.252338,0.857515,-1.886530,1
1044,11.600000,-0.251374,0.857828,-1.891713,1
1045,11.611111,-0.249830,0.858564,-1.896909,1
1046,11.622222,-0.249209,0.859418,-1.902106,1
1047,11.633333,-0.248429,0.860195,-1.907378,1
1048,11.644444,-0.247529,0.861023,-1.912520,1
1049,11.655556,-0.246848,0.861603,-1.917426,1
1050,11.666667,-0.245801,0.861987,-1.922642,1
1051,11.677778,-0.245042,0.862143,-1.927699,1
1052,11.688889,-0.244836,0.862259,-1.932928,1
1053,11.700000,-0.244410,0.862733,-1.938458,1
1054,11.711111,-0.244346,0.863275,-1.943377,1
1055,11.722222,-0.243863,0.863789,-1.948652,1
1056,11.733333,-0.243491,0.864263,-1.953686,1
1057,11.744444,-0.243259,0.864877,-1.958682,1
1058,11.755556,-0.243219,0.865681,-1.963812,1
1059,11.766667,-0.243656,0.866760,-1.969130,1
1060,11.777778,-0.243716,0.867713,-1.974747,1
1061,11.788889,-0.243884,0.868687,-1.980364,1
1062,11.800000,-0.244043,0.869677,-1.986243,1
1063,11.811111,-0.243421,0.870295,-1.992447,1
1064,11.822222,-0.243120,0.870841,-1.997775,1
1065,11.833333,-0.242886,0.871439,-2.002809,1
1066,11.844444,-0.242311,0.872120,-2.007815,1
1067,11.855556,-0.241833,0.872859,-2.012552,1
1068,11.866667,-0.241613,0.873891,-2.018033,1
1069,11.877778,-0.240606,0.874209,-2.023210,1
1070,11.888889,-0.240459,0.874048,-2.027326,1
1071,11.900000,-0.240512,0.874101,-2.031683,1
1072,11.911111,-0.240621,0.874081,-2.036134,1
1073,11.922222,-0.242014,0.874228,-2.040775,1
1074,11.933333,-0.242721,0.874497,-2.045130,1
1075,11.944444,-0.243140,0.874593,-2.049414,1
1076,11.955556,-0.243866,0.874834,-2.053670,1
1077,11.966667,-0.244090,0.874986,-2.058294,1
1078,11.977778,-0.243817,0.875340,-2.062689,1
1079,11.988889,-0.243176,0.875652,-2.067025,1
1080,12.000000,-0.243643,0.875926,-2.071082,1
1081,12.011111,-0.244028,0.876061,-2.074957,1
1082,12.022222,-0.244267,0.876039,-2.078735,1
1083,12.033333,-0.245482,0.875951,-2.082659,1
1084,12.044444,-0.243997,0.875477,-2.085904,1
1085,12.055556,-0.245637,0.875253,-2.088432,1
1086,12.066667,-0.248213,0.875106,-2.090632,1
1087,12.077778,-0.250847,0.874845,-2.092493,1
1088,12.088889,-0.254584,0.874365,-2.094541,1
1089,12.100000,-0.257164,0.874302,-2.096100,1
1090,12.111111,-0.259388,0.874087,-2.097218,1
1091,12.122222,-0.261158,0.873665,-2.098380,1
1092,12.133333,-0.262291,0.872988,-2.100491,1
1093,12.144444,-0.263223,0.871971,-2.103247,1
1094,12.155556,-0.263791,0.870911,-2.106197,1
1095,12.166667,-0.264476,0.869651,-2.108943,1
1096,12.177778,-0.266065,0.868380,-2.111503,1
1097,12.188889,-0.268565,0.867672,-2.112571,1
1098,12.200000,-0.272040,0.867139,-2.113301,1
1099,12.211111,-0.274961,0.866948,-2.113952,1
1100,12.222222,-0.277246,0.866875,-2.114939,1
1101,12.233333,-0.279352,0.866549,-2.116360,1
1102,12.244444,-0.281405,0.866218,-2.117487,1
1103,12.255556,-0.283470,0.866193,-2.118665,1
1104,12.266667,-0.283516,0.868639,-2.118649,1
1105,12.277778,-0.285459,0.870614,-2.120649,1
1106,12.288889,-0.287250,0.872017,-2.122870,1
1107,12.300000,-0.288474,0.872527,-2.124599,1
1108,12.311111,-0.289696,0.872960,-2.126601,1
1109,12.322222,-0.291129,0.873096,-2.128190,1
1110,12.333333,-0.292683,0.873368,-2.129682,1
1111,12.344444,-0.294329,0.873891,-2.131245,1
1112,12.355556,-0.296260,0.874374,-2.131863,1
1113,12.366667,-0.297528,0.874615,-2.133658,1
1114,12.377778,-0.298608,0.874390,-2.135914,1
1115,12.388889,-0.300698,0.874488,-2.137292,1
1116,12.400000,-0.302964,0.874633,-2.138410,1
1117,12.411111,-0.304381,0.874724,-2.139995,1
1118,12.422222,-0.305571,0.874312,-2.142077,1
1119,12.433333,-0.306053,0.874390,-2.144449,1
1120,12.444444,-0.308399,0.874653,-2.145563,1
1121,12.455556,-0.309200,0.874897,-2.147670,1
1122,12.466667,-0.309827,0.874902,-2.149934,1
1123,12.477778,-0.311709,0.875000,-2.151368,1
1124,12.488889,-0.313523,0.874973,-2.152860,1
1125,12.500000,-0.314700,0.875296,-2.154185,1
1126,12.511111,-0.315782,0.875206,-2.156088,1
1127,12.522222,-0.314633,0.874808,-2.158903,1
1128,12.533333,-0.318466,0.876280,-2.156640,1
1129,12.544444,-0.322294,0.875727,-2.153704,1
1130,12.555556,-0.325907,0.876165,-2.151249,1
1131,12.566667,-0.327868,0.875621,-2.153300,1
1132,12.577778,-0.323765,0.872167,-2.158008,1
1133,12.588889,-0.325863,0.872994,-2.158088,1
1134,12.600000,-0.326350,0.873206,-2.160884,1
1135,12.611111,-0.327258,0.873979,-2.162189,1
1136,12.622222,-0.327806,0.874292,-2.163503,1
1137,12.633333,-0.329404,0.875613,-2.162811,1
1138,12.644444,-0.330016,0.876354,-2.163762,1
1139,12.655556,-0.329462,0.878113,-2.164148,1
1140,12.666667,-0.330193,0.880412,-2.164809,1
1141,12.677778,-0.330838,0.881737,-2.165586,1
1142,12.688889,-0.331242,0.880775,-2.167252,1
1143,12.700000,-0.331900,0.881877,-2.169280,1
1144,12.711111,-0.332061,0.881646,-2.170609,1
1145,12.722222,-0.331834,0.882569,-2.171740,1
1146,12.733333,-0.331871,0.883841,-2.173104,1
1147,12.744444,-0.331841,0.884837,-2.174191,1
1148,12.755556,-0.332163,0.884254,-2.175354,1
1149,12.766667,-0.331967,0.882733,-2.176538,1
1150,12.777778,-0.331781,0.880849,-2.178900,1
1151,12.788889,-0.332586,0.879274,-2.180633,1
1152,12.800000,-0.332636,0.878051,-2.181996,1
1153,12.811111,-0.333135,0.877051,-2.183229,1
1154,12.822222,-0.333725,0.876529,-2.184340,1
1155,12.833333,-0.334474,0.876330,-2.185887,1
1156,12.844444,-0.336192,0.875912,-2.187182,1
1157,12.855556,-0.335920,0.875153,-2.188906,1
1158,12.866667,-0.334474,0.874602,-2.191458,1
1159,12.877778,-0.334010,0.874524,-2.194168,1
1160,12.888889,-0.334206,0.873923,-2.196055,1
1161,12.900000,-0.334396,0.873710,-2.197042,1
1162,12.911111,-0.334460,0.873981,-2.197869,1
1163,12.922222,-0.334532,0.873996,-2.198577,1
1164,12.933333,-0.334984,0.874439,-2.199244,1
1165,12.944444,-0.334704,0.875273,-2.200251,1
1166,12.955556,-0.334299,0.874606,-2.201491,1
1167,12.966667,-0.333505,0.873458,-2.203177,1
1168,12.977778,-0.332349,0.872549,-2.203849,1
1169,12.988889,-0.332277,0.871722,-2.204339,1
1170,13.000000,-0.330555,0.870849,-2.204973,1
1171,13.011111,-0.329023,0.870923,-2.205280,1
1172,13.022222,-0.327186,0.870599,-2.205516,1
1173,13.033333,-0.325656,0.870031,-2.205878,1
1174,13.044444,-0.324642,0.869421,-2.205548,1
1175,13.055556,-0.323564,0.870615,-2.205232,1
1176,13.066667,-0.322629,0.872477,-2.205096,1
1177,13.077778,-0.321806,0.874251,-2.205171,1
1178,13.088889,-0.320603,0.875999,-2.205566,1
1179,13.100000,,,,0
1180,13.111111,,,,0
1181,13.122222,,,,0
1182,13.133333,,,,0
1183,13.144444,,,,0
1184,13.155556,,,,0
1185,13.166667,,,,0
1186,13.177778,,,,0
1187,13.188889,,,,0
1188,13.200000,,,,0
1189,13.211111,,,,0
1190,13.222222,,,,0
1191,13.233333,,,,0
1192,13.244444,,,,0
1193,13.255556,,,,0
1194,13.266667,,,,0
1195,13.277778,,,,0
1196,13.288889,,,,0
1197,13.300000,,,,0
1198,13.311111,,,,0
1199,13.322222,,,,0
1200,13.333333,,,,0
1201,13.344444,,,,0
1202,13.355556,,,,0
1203,13.366667,,,,0
1204,13.377778,,,,0
1205,13.388889,,,,0
1206,13.400000,,,,0
1207,13.411111,,,,0
1208,13.422222,,,,0
1209,13.433333,,,,0
1210,13.444444,,,,0
1211,13.455556,,,,0
1212,13.466667,,,,0
1213,13.477778,,,,0
1214,13.488889,,,,0
1215,13.500000,,,,0
1216,13.511111,,,,0
1217,13.522222,,,,0
1218,13.533333,,,,0
1219,13.544444,,,,0
1220,13.555556,,,,0
1221,13.566667,,,,0
1222,13.577778,,,,0
1223,13.588889,,,,0
1224,13.600000,,,,0
1225,13.611111,,,,0
1226,13.622222,,,,0
1227,13.633333,,,,0
1228,13.644444,,,,0
1229,13.655556,,,,0
1230,13.666667,,,,0
1231,13.677778,,,,0
1232,13.688889,,,,0
1233,13.700000,,,,0
1234,13.711111,,,,0
1235,13.722222,,,,0
1236,13.733333,,,,0
1237,13.744444,,,,0
1238,13.755556,,,,0
1239,13.766667,,,,0
1240,13.777778,,,,0
1241,13.788889,,,,0
1242,13.800000,,,,0
1243,13.811111,,,,0
1244,13.822222,,,,0
1245,13.833333,,,,0
1246,13.844444,,,,0
1247,13.855556,,,,0
1248,13.866667,,,,0
1249,13.877778,,,,0
1250,13.888889,,,,0
1251,13.900000,,,,0
1252,13.911111,,,,0
1253,13.922222,,,,0
1254,13.933333,,,,0
1255,13.944444,,,,0
1256,13.955556,,,,0
1257,13.966667,,,,0
1258,13.977778,,,,0
1259,13.988889,,,,0
1260,14.000000,,,,0
1261,14.011111,,,,0
1262,14.022222,,,,0
1263,14.033333,,,,0
1264,14.044444,,,,0
1265,14.055556,,,,0
1266,14.066667,,,,0
1267,14.077778,,,,0
1268,14.088889,,,,0
1269,14.100000,,,,0
1270,14.111111,,,,0
1271,14.122222,,,,0
1272,14.133333,,,,0
1273,14.144444,,,,0
1274,14.155556,,,,0
1275,14.166667,,,,0
1276,14.177778,,,,0
1277,14.188889,,,,0
1278,14.200000,,,,0
1279,14.211111,,,,0
1280,14.222222,,,,0
1281,14.233333,,,,0
1282,14.244444,,,,0
1283,14.255556,,,,0
1284,14.266667,,,,0
1285,14.277778,,,,0
1286,14.288889,,,,0
1287,14.300000,,,,0
1288,14.311111,,,,0
1289,14.322222,,,,0
1290,14.333333,,,,0
1291,14.344444,,,,0
1292,14.355556,,,,0
1293,14.366667,,,,0
1294,14.377778,,,,0
1295,14.388889,,,,0
1296,14.400000,,,,0
1297,14.411111,,,,0
1298,14.422222,,,,0
1299,14.433333,,,,0
1300,14.444444,,,,0
1301,14.455556,,,,0
1302,14.466667,,,,0
1303,14.477778,,,,0
1304,14.488889,,,,0
1305,14.500000,,,,0
1306,14.511111,,,,0
1307,14.522222,,,,0
1308,14.533333,,,,0
1309,14.544444,,,,0
1310,14.555556,,,,0
1311,14.566667,,,,0
1312,14.577778,,,,0
1313,14.588889,,,,0
1314,14.600000,,,,0
1315,14.611111,,,,0
1316,14.622222,,,,0
1317,14.633333,,,,0
1318,14.644444,,,,0
1319,14.655556,,,,0
1320,14.666667,,,,0
1321,14.677778,,,,0
1322,14.688889,,,,0
1323,14.700000,,,,0
1324,14.711111,,,,0
1325,14.722222,,,,0
1326,14.733333,,,,0
1327,14.744444,,,,0
1328,14.755556,,,,0
1329,14.766667,,,,0
1330,14.777778,,,,0
1331,14.788889,,,,0
1332,14.800000,,,,0
1333,14.811111,,,,0
1334,14.822222,,,,0
1335,14.833333,,,,0
1336,14.844444,,,,0
1337,14.855556,,,,0
1338,14.866667,,,,0
1339,14.877778,,,,0
1340,14.888889,,,,0
1341,14.900000,,,,0
1342,14.911111,,,,0
1343,14.922222,,,,0
1344,14.933333,,,,0
1345,14.944444,,,,0
1346,14.955556,,,,0
1347,14.966667,,,,0
1348,14.977778,,,,0
1349,14.988889,,,,0
1350,15.000000,,,,0
1351,15.011111,,,,0
1352,15.022222,,,,0
1353,15.033333,,,,0
1354,15.044444,,,,0
1355,15.055556,,,,0
1356,15.066667,,,,0
1357,15.077778,,,,0
1358,15.088889,,,,0
1359,15.100000,,,,0
1360,15.111111,,,,0
1361,15.122222,,,,0
1362,15.133333,,,,0
1363,15.144444,,,,0
1364,15.155556,,,,0
1365,15.166667,,,,0
1366,15.177778,,,,0
1367,15.188889,,,,0
1368,15.200000,,,,0
1369,15.211111,,,,0
1370,15.222222,,,,0
1371,15.233333,,,,0
1372,15.244444,,,,0
1373,15.255556,,,,0
1374,15.266667,,,,0
1375,15.277778,,,,0
1376,15.288889,,,,0
1377,15.300000,,,,0
1378,15.311111,,,,0
1379,15.322222,,,,0
1380,15.333333,,,,0
1381,15.344444,,,,0
1382,15.355556,,,,0
1383,15.366667,,,,0
1384,15.377778,,,,0
1385,15.388889,,,,0
1386,15.400000,,,,0
1387,15.411111,,,,0
1388,15.422222,,,,0
1389,15.433333,,,,0
1390,15.444444,,,,0
1391,15.455556,,,,0
1392,15.466667,,,,0
1393,15.477778,,,,0
1394,15.488889,,,,0
1395,15.500000,,,,0
1396,15.511111,,,,0
1397,15.522222,,,,0
1398,15.533333,,,,0
1399,15.544444,,,,0
1400,15.555556,,,,0
1401,15.566667,,,,0
1402,15.577778,,,,0
1403,15.588889,,,,0
1404,15.600000,,,,0
1405,15.611111,,,,0
1406,15.622222,,,,0
1407,15.633333,,,,0
1408,15.644444,,,,0
1409,15.655556,,,,0
1410,15.666667,,,,0
1411,15.677778,,,,0
1412,15.688889,,,,0
1413,15.700000,,,,0
1414,15.711111,,,,0
1415,15.722222,,,,0
1416,15.733333,,,,0
1417,15.744444,,,,0
1418,15.755556,,,,0
1419,15.766667,,,,0
1420,15.777778,,,,0
1421,15.788889,,,,0
1422,15.800000,,,,0
1423,15.811111,,,,0
1424,15.822222,,,,0
1425,15.833333,,,,0
1426,15.844444,,,,0
1427,15.855556,,,,0
1428,15.866667,,,,0
1429,15.877778,,,,0
1430,15.888889,,,,0
1431,15.900000,,,,0
1432,15.911111,,,,0
1433,15.922222,,,,0
1434,15.933333,,,,0
1435,15.944444,,,,0
1436,15.955556,,,,0
1437,15.966667,,,,0
1438,15.977778,,,,0
1439,15.988889,,,,0
1440,16.000000,,,,0
1441,16.011111,,,,0
1442,16.022222,,,,0
1443,16.033333,,,,0
1444,16.044444,,,,0
1445,16.055556,,,,0
1446,16.066667,,,,0
1447,16.077778,,,,0
1448,16.088889,,,,0
1449,16.100000,,,,0
1450,16.111111,,,,0
1451,16.122222,,,,0
1452,16.133333,,,,0
1453,16.144444,,,,0
1454,16.155556,,,,0
1455,16.166667,,,,0
1456,16.177778,,,,0
1457,16.188889,,,,0
1458,16.200000,,,,0
1459,16.211111,,,,0
1460,16.222222,,,,0
1461,16.233333,,,,0
1462,16.244444,,,,0
1463,16.255556,,,,0
1464,16.266667,,,,0
1465,16.277778,,,,0
1466,16.288889,,,,0
1467,16.300000,,,,0
1468,16.311111,,,,0
1469,16.322222,,,,0
1470,16.333333,,,,0
1471,16.344444,,,,0
1472,16.355556,,,,0
1473,16.366667,,,,0
1474,16.377778,,,,0
1475,16.388889,,,,0
1476,16.400000,,,,0
1477,16.411111,,,,0
1478,16.422222,,,,0
1479,16.433333,,,,0
1480,16.444444,,,,0
1481,16.455556,,,,0
1482,16.466667,,,,0
1483,16.477778,,,,0
1484,16.488889,,,,0
1485,16.500000,,,,0
1486,16.511111,,,,0
1487,16.522222,,,,0
1488,16.533333,,,,0
1489,16.544444,,,,0
1490,16.555556,,,,0
1491,16.566667,,,,0
1492,16.577778,,,,0
1493,16.588889,,,,0
1494,16.600000,,,,0
1495,16.611111,,,,0
1496,16.622222,,,,0
1497,16.633333,,,,0
1498,16.644444,,,,0
1499,16.655556,,,,0
1500,16.666667,,,,0
1501,16.677778,,,,0
1502,16.688889,,,,0
1503,16.700000,,,,0
1504,16.711111,,,,0
1505,16.722222,,,,0
1506,16.733333,,,,0
1507,16.744444,,,,0
1508,16.755556,,,,0
1509,16.766667,,,,0
1510,16.777778,,,,0
1511,16.788889,,,,0
1512,16.800000,,,,0
1513,16.811111,,,,0
1514,16.822222,,,,0
1515,16.833333,,,,0
1516,16.844444,,,,0
1517,16.855556,,,,0
1518,16.866667,,,,0
1519,16.877778,,,,0
1520,16.888889,,,,0
1521,16.900000,,,,0
1522,16.911111,,,,0
1523,16.922222,,,,0
1524,16.933333,,,,0
1525,16.944444,,,,0
1526,16.955556,,,,0
1527,16.966667,,,,0
1528,16.977778,,,,0
1529,16.988889,,,,0
1530,17.000000,,,,0
1531,17.011111,,,,0
1532,17.022222,,,,0
1533,17.033333,,,,0
1534,17.044444,,,,0
1535,17.055556,,,,0
1536,17.066667,,,,0
1537,17.077778,,,,0
1538,17.088889,,,,0
1539,17.100000,,,,0
1540,17.111111,,,,0
1541,17.122222,,,,0
1542,17.133333,,,,0
1543,17.144444,,,,0
1544,17.155556,,,,0
1545,17.166667,,,,0
1546,17.177778,,,,0
1547,17.188889,,,,0
1548,17.200000,,,,0
1549,17.211111,,,,0
1550,17.222222,,,,0
1551,17.233333,,,,0
1552,17.244444,,,,0
1553,17.255556,,,,0
1554,17.266667,,,,0
1555,17.277778,,,,0
1556,17.288889,,,,0
1557,17.300000,,,,0
1558,17.311111,,,,0
1559,17.322222,,,,0
1560,17.333333,,,,0
1561,17.344444,,,,0
1562,17.355556,,,,0
1563,17.366667,,,,0
1564,17.377778,,,,0
1565,17.388889,,,,0
1566,17.400000,,,,0
1567,17.411111,,,,0
1568,17.422222,,,,0
1569,17.433333,,,,0
1570,17.444444,,,,0
1571,17.455556,,,,0
1572,17.466667,,,,0
1573,17.477778,,,,0
1574,17.488889,,,,0
1575,17.500000,,,,0
1576,17.511111,,,,0
1577,17.522222,,,,0
1578,17.533333,,,,0
1579,17.544444,,,,0
1580,17.555556,,,,0
1581,17.566667,,,,0
1582,17.577778,,,,0
1583,17.588889,,,,0
1584,17.600000,,,,0
1585,17.611111,,,,0
1586,17.622222,,,,0
1587,17.633333,,,,0
1588,17.644444,,,,0
1589,17.655556,,,,0
1590,17.666667,,,,0
1591,17.677778,,,,0
1592,17.688889,,,,0
1593,17.700000,,,,0
1594,17.711111,,,,0
1595,17.722222,,,,0
1596,17.733333,,,,0
1597,17.744444,,,,0
1598,17.755556,,,,0
1599,17.766667,,,,0
1600,17.777778,,,,0
1601,17.788889,,,,0
1602,17.800000,,,,0
1603,17.811111,,,,0
1604,17.822222,,,,0
1605,17.833333,,,,0
1606,17.844444,,,,0
1607,17.855556,,,,0
1608,17.866667,,,,0
1609,17.877778,,,,0
1610,17.888889,,,,0
1611,17.900000,,,,0
1612,17.911111,,,,0
1613,17.922222,,,,0
1614,17.933333,,,,0
1615,17.944444,,,,0
1616,17.955556,,,,0
1617,17.966667,,,,0
1618,17.977778,,,,0
1619,17.988889,,,,0
1620,18.000000,,,,0
1621,18.011111,,,,0
1622,18.022222,0.012275,0.873536,-1.426893,1
1623,18.033333,0.012275,0.873911,-1.421903,1
1624,18.044444,0.012490,0.874297,-1.416873,1
1625,18.055556,0.012711,0.874684,-1.411938,1
1626,18.066667,0.013116,0.875172,-1.406991,1
1627,18.077778,0.013551,0.875521,-1.401968,1
1628,18.088889,0.014062,0.875871,-1.397050,1
1629,18.100000,0.014629,0.876283,-1.392101,1
1630,18.111111,0.015280,0.876508,-1.387227,1
1631,18.122222,0.015984,0.876763,-1.382315,1
1632,18.133333,0.016674,0.876962,-1.377523,1
1633,18.144444,0.017511,0.877152,-1.372719,1
1634,18.155556,0.018397,0.877262,-1.368036,1
1635,18.166667,0.019236,0.877321,-1.363333,1
1636,18.177778,0.020211,0.877310,-1.358693,1
1637,18.188889,0.021215,0.877274,-1.354137,1
1638,18.200000,0.022283,0.877196,-1.349510,1
1639,18.211111,0.023478,0.877216,-1.345059,1
1640,18.222222,0.024737,0.877129,-1.340598,1
1641,18.233333,0.026072,0.876936,-1.336265,1
1642,18.244444,0.027465,0.876809,-1.332024,1
1643,18.255556,0.028964,0.876714,-1.327888,1
1644,18.266667,0.030494,0.876401,-1.323815,1
1645,18.277778,0.032155,0.876211,-1.319891,1
1646,18.288889,0.033835,0.875942,-1.316090,1
1647,18.300000,0.035587,0.875651,-1.312385,1
1648,18.311111,0.037462,0.875380,-1.308787,1
1649,18.322222,0.039292,0.875139,-1.305332,1
1650,18.333333,0.041249,0.874848,-1.302005,1
1651,18.344444,0.043071,0.874538,-1.298686,1
1652,18.355556,0.045073,0.874068,-1.295471,1
1653,18.366667,0.047053,0.873775,-1.292429,1
1654,18.377778,0.048966,0.873328,-1.289458,1
1655,18.388889,0.051069,0.872780,-1.286575,1
1656,18.400000,0.053045,0.872184,-1.283824,1
1657,18.411111,0.055099,0.871378,-1.281057,1
1658,18.422222,0.057121,0.870529,-1.278451,1
1659,18.433333,0.059187,0.869596,-1.275905,1
1660,18.444444,0.061371,0.868672,-1.273371,1
1661,18.455556,0.063635,0.867602,-1.270834,1
1662,18.466667,0.066209,0.866690,-1.268126,1
1663,18.477778,0.069064,0.866074,-1.265288,1
1664,18.488889,0.072162,0.865708,-1.262358,1
1665,18.500000,0.075344,0.865357,-1.259481,1
1666,18.511111,0.078516,0.864846,-1.256603,1
1667,18.522222,0.081594,0.864334,-1.253642,1
1668,18.533333,0.084710,0.863854,-1.250721,1
1669,18.544444,0.087952,0.863222,-1.247526,1
1670,18.555556,0.090918,0.863002,-1.244529,1
1671,18.566667,0.093876,0.862807,-1.241479,1
1672,18.577778,0.096838,0.862726,-1.238559,1
1673,18.588889,0.099767,0.862592,-1.235714,1
1674,18.600000,0.102682,0.862643,-1.232815,1
1675,18.611111,0.105768,0.862500,-1.229728,1
1676,18.622222,0.108721,0.862557,-1.226773,1
1677,18.633333,0.111650,0.862890,-1.223805,1
1678,18.644444,0.114524,0.863335,-1.220763,1
1679,18.655556,0.117243,0.863899,-1.217804,1
1680,18.666667,0.119941,0.864703,-1.214686,1
1681,18.677778,0.122576,0.865616,-1.211617,1
1682,18.688889,0.125191,0.866536,-1.208457,1
1683,18.700000,0.127747,0.867511,-1.205286,1
1684,18.711111,0.130260,0.868573,-1.202084,1
1685,18.722222,0.132759,0.869491,-1.198883,1
1686,18.733333,0.135132,0.870456,-1.195673,1
1687,18.744444,0.137488,0.871237,-1.192424,1
1688,18.755556,0.139866,0.871911,-1.189139,1
1689,18.766667,0.142092,0.872514,-1.185905,1
1690,18.777778,0.144320,0.873049,-1.182556,1
1691,18.788889,0.146549,0.873530,-1.179179,1
1692,18.800000,0.148705,0.873872,-1.175732,1
1693,18.811111,0.150788,0.874196,-1.172260,1
1694,18.822222,0.152786,0.874472,-1.168807,1
1695,18.833333,0.154630,0.874626,-1.165341,1
1696,18.844444,0.156289,0.874808,-1.161835,1
1697,18.855556,0.157905,0.874990,-1.158336,1
1698,18.866667,0.159325,0.875169,-1.154959,1
1699,18.877778,0.160686,0.875310,-1.151518,1
1700,18.888889,0.161905,0.875492,-1.148194,1
1701,18.900000,0.163011,0.875659,-1.144868,1
1702,18.911111,0.163953,0.875874,-1.141527,1
1703,18.922222,0.164899,0.875932,-1.138342,1
1704,18.933333,0.165735,0.876064,-1.135204,1
1705,18.944444,0.166461,0.876131,-1.132177,1
1706,18.955556,0.167108,0.876199,-1.129188,1
1707,18.966667,0.167627,0.876173,-1.126232,1
1708,18.977778,0.168183,0.876068,-1.123362,1
1709,18.988889,0.168585,0.875970,-1.120531,1
1710,19.000000,0.168944,0.875761,-1.117797,1
1711,19.011111,0.169258,0.875465,-1.115195,1
1712,19.022222,0.169397,0.875140,-1.112716,1
1713,19.033333,0.169449,0.874872,-1.110372,1
1714,19.044444,0.169259,0.874500,-1.108194,1
1715,19.055556,0.169133,0.873943,-1.106177,1
1716,19.066667,0.168739,0.873499,-1.104318,1
1717,19.077778,0.168171,0.873107,-1.102604,1
1718,19.088889,0.167435,0.872684,-1.101095,1
1719,19.100000,0.166540,0.872349,-1.099726,1
1720,19.111111,0.165643,0.872101,-1.098478,1
1721,19.122222,0.164674,0.871860,-1.097300,1
1722,19.133333,0.163646,0.871835,-1.095957,1
1723,19.144444,0.162404,0.871734,-1.094674,1
1724,19.155556,0.160946,0.871662,-1.093401,1
1725,19.166667,0.159427,0.871629,-1.092172,1
1726,19.177778,0.157916,0.871638,-1.091029,1
1727,19.188889,0.156324,0.871610,-1.089891,1
1728,19.200000,0.154614,0.871631,-1.088861,1
1729,19.211111,0.152903,0.871536,-1.087793,1
1730,19.222222,0.151171,0.871409,-1.086699,1
1731,19.233333,0.149401,0.871210,-1.085618,1
1732,19.244444,0.147672,0.871058,-1.084587,1
1733,19.255556,0.145949,0.870876,-1.083594,1
1734,19.266667,0.144219,0.870677,-1.082625,1
1735,19.277778,0.142479,0.870514,-1.081697,1
1736,19.288889,0.140840,0.870248,-1.080730,1
1737,19.300000,0.139148,0.870171,-1.079872,1
1738,19.311111,0.137578,0.870048,-1.078938,1
1739,19.322222,0.135963,0.869984,-1.078100,1
1740,19.333333,0.134358,0.869828,-1.077300,1
1741,19.344444,0.132837,0.869745,-1.076525,1
1742,19.355556,0.131415,0.869604,-1.075704,1
1743,19.366667,0.129872,0.869569,-1.074952,1
1744,19.377778,0.128483,0.869487,-1.074185,1
1745,19.388889,0.127158,0.869416,-1.073430,1
1746,19.400000,0.125850,0.869327,-1.072670,1
1747,19.411111,0.124618,0.869248,-1.071884,1
1748,19.422222,0.123377,0.869216,-1.071151,1
1749,19.433333,0.122242,0.869104,-1.070316,1
1750,19.444444,0.121085,0.869090,-1.069590,1
1751,19.455556,0.119981,0.869107,-1.068828,1
1752,19.466667,0.118900,0.869154,-1.068057,1
1753,19.477778,0.117934,0.869166,-1.067343,1
1754,19.488889,0.116950,0.869235,-1.066650,1
1755,19.500000,0.116057,0.869280,-1.065946,1
1756,19.511111,0.115127,0.869333,-1.065304,1
1757,19.522222,0.114273,0.869384,-1.064642,1
1758,19.533333,0.113476,0.869398,-1.064010,1
1759,19.544444,0.112699,0.869411,-1.063404,1
1760,19.555556,0.111994,0.869426,-1.062838,1
1761,19.566667,0.111319,0.869393,-1.062200,1
1762,19.577778,0.110672,0.869426,-1.061646,1
1763,19.588889,0.110084,0.869388,-1.061032,1
1764,19.600000,0.109529,0.869384,-1.060511,1
1765,19.611111,0.109018,0.869368,-1.060016,1
1766,19.622222,0.108503,0.869336,-1.059553,1
1767,19.633333,0.108080,0.869319,-1.059092,1
1768,19.644444,0.107618,0.869331,-1.058670,1
1769,19.655556,0.107237,0.869362,-1.058289,1
1770,19.666667,0.106804,0.869405,-1.057949,1
1771,19.677778,0.106543,0.869406,-1.057580,1
1772,19.688889,0.106249,0.869385,-1.057281,1
1773,19.700000,0.106001,0.869400,-1.056993,1
1774,19.711111,0.105663,0.869474,-1.056744,1
1775,19.722222,0.105451,0.869506,-1.056506,1
1776,19.733333,0.105266,0.869533,-1.056255,1
1777,19.744444,0.105066,0.869586,-1.056081,1
1778,19.755556,0.104932,0.869591,-1.055916,1
1779,19.766667,0.104802,0.869575,-1.055785,1
1780,19.777778,0.104722,0.869629,-1.055683,1
1781,19.788889,0.104650,0.869653,-1.055601,1
1782,19.800000,0.104583,0.869684,-1.055557,1
1783,19.811111,0.104571,0.869654,-1.055518,1
1784,19.822222,0.104456,0.869694,-1.055529,1
1785,19.833333,0.104503,0.869643,-1.055545,1
1786,19.844444,0.104526,0.869665,-1.055623,1
1787,19.855556,0.104466,0.869736,-1.055758,1
1788,19.866667,0.104408,0.869776,-1.055888,1
1789,19.877778,0.104497,0.869754,-1.056008,1
1790,19.888889,0.104543,0.869764,-1.056156,1
1791,19.900000,0.104541,0.869775,-1.056349,1
1792,19.911111,0.104628,0.869747,-1.056543,1
1793,19.922222,0.104717,0.869735,-1.056788,1
1794,19.933333,0.104752,0.869730,-1.057043,1
1795,19.944444,0.104821,0.869716,-1.057317,1
1796,19.955556,0.104890,0.869705,-1.057624,1
1797,19.966667,0.104954,0.869670,-1.057924,1
1798,19.977778,0.105067,0.869642,-1.058266,1
1799,19.988889,0.105062,0.869664,-1.058623,1
1800,20.000000,0.105258,0.869589,-1.058965,1
1801,20.011111,0.105407,0.869533,-1.059293,1
1802,20.022222,0.105514,0.869446,-1.059672,1
1803,20.033333,0.105629,0.869407,-1.060053,1
1804,20.044444,0.105735,0.869381,-1.060482,1
1805,20.055556,0.105831,0.869333,-1.060885,1
1806,20.066667,0.105974,0.869341,-1.061298,1
1807,20.077778,0.106094,0.869322,-1.061712,1
1808,20.088889,0.106219,0.869313,-1.062125,1
1809,20.100000,0.106382,0.869307,-1.062541,1
1810,20.111111,0.106464,0.869306,-1.062971,1
1811,20.122222,0.106600,0.869304,-1.063356,1
1812,20.133333,0.106722,0.869303,-1.063747,1
1813,20.144444,0.106838,0.869318,-1.064121,1
1814,20.155556,0.106942,0.869301,-1.064489,1
1815,20.166667,0.107049,0.869267,-1.064846,1
1816,20.177778,0.107166,0.869236,-1.065194,1
1817,20.188889,0.107300,0.869234,-1.065508,1
1818,20.200000,0.107382,0.869203,-1.065838,1
1819,20.211111,0.107475,0.869204,-1.066131,1
1820,20.222222,0.107580,0.869156,-1.066392,1
1821,20.233333,0.107672,0.869120,-1.066665,1
1822,20.244444,0.107738,0.869077,-1.066915,1
1823,20.255556,0.107830,0.869074,-1.067108,1
1824,20.266667,0.107869,0.869042,-1.067342,1
1825,20.277778,0.107889,0.869009,-1.067502,1
1826,20.288889,0.107961,0.868998,-1.067638,1
1827,20.300000,0.107997,0.868970,-1.067788,1
1828,20.311111,0.108053,0.868925,-1.067894,1
1829,20.322222,0.108074,0.868942,-1.067999,1
1830,20.333333,0.108069,0.868922,-1.068072,1
1831,20.344444,0.108055,0.868952,-1.068111,1
1832,20.355556,0.108003,0.869022,-1.068193,1
1833,20.366667,0.107937,0.869081,-1.068212,1
1834,20.377778,0.107864,0.869113,-1.068209,1
1835,20.388889,0.107780,0.869168,-1.068170,1
1836,20.400000,0.107688,0.869226,-1.068114,1
1837,20.411111,0.107570,0.869281,-1.068017,1
1838,20.422222,0.107421,0.869350,-1.067936,1
1839,20.433333,0.107221,0.869429,-1.067756,1
1840,20.444444,0.106998,0.869508,-1.067565,1
1841,20.455556,0.106746,0.869641,-1.067363,1
1842,20.466667,0.106445,0.869743,-1.067126,1
1843,20.477778,0.106173,0.869743,-1.066798,1
1844,20.488889,0.105754,0.869869,-1.066493,1
1845,20.500000,0.105371,0.869968,-1.066174,1
1846,20.511111,0.105006,0.870011,-1.065764,1
1847,20.522222,0.104515,0.870070,-1.065293,1
1848,20.533333,0.104027,0.870184,-1.064814,1
1849,20.544444,0.103474,0.870197,-1.064241,1
1850,20.555556,0.102888,0.870299,-1.063665,1
1851,20.566667,0.102248,0.870307,-1.063042,1
1852,20.577778,0.101536,0.870390,-1.062434,1
1853,20.588889,0.100833,0.870360,-1.061668,1
1854,20.600000,0.100026,0.870446,-1.060976,1
1855,20.611111,0.099161,0.870454,-1.060163,1
1856,20.622222,0.098224,0.870432,-1.059339,1
1857,20.633333,0.097298,0.870373,-1.058435,1
1858,20.644444,0.096305,0.870299,-1.057458,1
1859,20.655556,0.095248,0.870231,-1.056474,1
1860,20.666667,0.094163,0.870165,-1.055457,1
1861,20.677778,0.092961,0.870124,-1.054363,1
1862,20.688889,0.091748,0.870028,-1.053258,1
1863,20.700000,0.090515,0.869967,-1.052091,1
1864,20.711111,0.089186,0.869865,-1.050926,1
1865,20.722222,0.087841,0.869819,-1.049645,1
1866,20.733333,0.086442,0.869785,-1.048353,1
1867,20.744444,0.084999,0.869745,-1.046971,1
1868,20.755556,0.083508,0.869771,-1.045544,1
1869,20.766667,0.082047,0.869771,-1.044020,1
1870,20.777778,0.080496,0.869792,-1.042514,1
1871,20.788889,0.078962,0.869817,-1.040883,1
1872,20.800000,0.077398,0.869843,-1.039206,1
1873,20.811111,0.075817,0.869943,-1.037511,1
1874,20.822222,0.074272,0.869999,-1.035731,1
1875,20.833333,0.072761,0.870095,-1.033827,1
1876,20.844444,0.071270,0.870133,-1.031944,1
1877,20.855556,0.069830,0.870165,-1.029917,1
1878,20.866667,0.068402,0.870167,-1.027800,1
1879,20.877778,0.067056,0.870137,-1.025620,1
1880,20.888889,0.065797,0.870076,-1.023338,1
1881,20.900000,0.064657,0.870031,-1.021013,1
1882,20.911111,0.063576,0.869973,-1.018616,1
1883,20.922222,0.062494,0.869975,-1.016254,1
1884,20.933333,0.061509,0.870011,-1.013715,1
1885,20.944444,0.060579,0.870122,-1.011053,1
1886,20.955556,0.059710,0.870263,-1.008286,1
1887,20.966667,0.058888,0.870458,-1.005440,1
1888,20.977778,0.058103,0.870750,-1.002488,1
1889,20.988889,0.057471,0.870990,-0.999420,1
1890,21.000000,0.056882,0.871230,-0.996356,1
1891,21.011111,0.056393,0.871454,-0.993258,1
1892,21.022222,0.055957,0.871653,-0.990055,1
1893,21.033333,0.055662,0.871760,-0.986768,1
1894,21.044444,0.055511,0.871861,-0.983378,1
1895,21.055556,0.055435,0.871970,-0.980037,1
1896,21.066667,0.055437,0.871954,-0.976534,1
1897,21.077778,0.055577,0.871949,-0.973005,1
1898,21.088889,0.055824,0.871877,-0.969450,1
1899,21.100000,0.056116,0.871747,-0.965817,1
1900,21.111111,0.056557,0.871604,-0.962105,1
1901,21.122222,0.057091,0.871363,-0.958320,1
1902,21.133333,0.057677,0.871110,-0.954483,1
1903,21.144444,0.058373,0.870868,-0.950531,1
1904,21.155556,0.059221,0.870453,-0.946500,1
1905,21.166667,0.060078,0.870105,-0.942449,1
1906,21.177778,0.061019,0.869727,-0.938357,1
1907,21.188889,0.062111,0.869390,-0.934203,1
1908,21.200000,0.063189,0.869042,-0.930060,1
1909,21.211111,0.064347,0.868580,-0.925860,1
1910,21.222222,0.065649,0.868258,-0.921637,1
1911,21.233333,0.067057,0.867875,-0.917396,1
1912,21.244444,0.068575,0.867473,-0.913136,1
1913,21.255556,0.070135,0.867205,-0.908710,1
1914,21.266667,0.071690,0.866791,-0.904448,1
1915,21.277778,0.073379,0.866305,-0.900174,1
1916,21.288889,0.075095,0.865783,-0.895906,1
1917,21.300000,0.076967,0.865149,-0.891624,1
1918,21.311111,0.078932,0.864444,-0.887361,1
1919,21.322222,0.080918,0.863721,-0.883111,1
1920,21.333333,0.082971,0.862937,-0.878828,1
1921,21.344444,0.085052,0.862106,-0.874569,1
1922,21.355556,0.087173,0.861239,-0.870318,1
1923,21.366667,0.089275,0.860214,-0.866073,1
1924,21.377778,0.091560,0.859299,-0.861779,1
1925,21.388889,0.093750,0.858204,-0.857485,1
1926,21.400000,0.096139,0.857246,-0.853068,1
1927,21.411111,0.098803,0.856524,-0.848335,1
1928,21.422222,0.101772,0.856249,-0.843502,1
1929,21.433333,0.104796,0.856057,-0.838573,1
1930,21.444444,0.107736,0.855982,-0.833738,1
1931,21.455556,0.110721,0.855961,-0.828867,1
1932,21.466667,0.113799,0.856197,-0.823913,1
1933,21.477778,0.116936,0.856707,-0.818828,1
1934,21.488889,0.120055,0.857432,-0.813701,1
1935,21.500000,0.123099,0.858413,-0.808562,1
1936,21.511111,0.126186,0.859493,-0.803325,1
1937,21.522222,0.129256,0.860688,-0.797935,1
1938,21.533333,0.132377,0.861957,-0.792456,1
1939,21.544444,0.135607,0.863190,-0.786941,1
1940,21.555556,0.138849,0.864426,-0.781423,1
1941,21.566667,0.142138,0.865584,-0.775799,1
1942,21.577778,0.145320,0.866587,-0.770141,1
1943,21.588889,0.148620,0.867456,-0.764386,1
1944,21.600000,0.151930,0.868264,-0.758629,1
1945,21.611111,0.155113,0.868971,-0.752745,1
1946,21.622222,0.158417,0.869511,-0.746804,1
1947,21.633333,0.161532,0.869969,-0.740935,1
1948,21.644444,0.164706,0.870358,-0.734907,1
1949,21.655556,0.167753,0.870782,-0.728869,1
1950,21.666667,0.170773,0.871125,-0.722921,1
1951,21.677778,0.173731,0.871626,-0.716909,1
1952,21.688889,0.176683,0.872096,-0.710786,1
1953,21.700000,0.179564,0.872782,-0.704702,1
1954,21.711111,0.182505,0.873387,-0.698410,1
1955,21.722222,0.185393,0.874150,-0.692191,1
1956,21.733333,0.188139,0.874750,-0.685895,1
1957,21.744444,0.191082,0.875559,-0.679324,1
1958,21.755556,0.193769,0.876160,-0.672954,1
1959,21.766667,0.196459,0.876847,-0.666428,1
1960,21.777778,0.199236,0.877598,-0.659870,1
1961,21.788889,0.201935,0.878208,-0.653277,1
1962,21.800000,0.204641,0.878812,-0.646654,1
1963,21.811111,0.207189,0.879255,-0.640169,1
1964,21.822222,0.209752,0.879691,-0.633582,1
1965,21.833333,0.211998,0.879679,-0.627215,1
1966,21.844444,0.214549,0.879826,-0.620675,1
1967,21.855556,0.216946,0.879889,-0.614224,1
1968,21.866667,0.219470,0.879853,-0.607778,1
1969,21.877778,0.221698,0.879572,-0.601404,1
1970,21.888889,0.223895,0.879291,-0.595073,1
1971,21.900000,0.225988,0.878893,-0.588760,1
1972,21.911111,0.228039,0.878401,-0.582350,1
1973,21.922222,0.230014,0.877955,-0.576170,1
1974,21.933333,0.231979,0.877373,-0.569853,1
1975,21.944444,0.233753,0.876774,-0.563559,1
1976,21.955556,0.235522,0.876108,-0.557288,1
1977,21.966667,0.236994,0.875467,-0.551072,1
1978,21.977778,0.238646,0.874921,-0.544689,1
1979,21.988889,0.240106,0.874328,-0.538547,1
1980,22.000000,0.241641,0.873605,-0.532361,1
1981,22.011111,0.242972,0.872970,-0.526397,1
1982,22.022222,0.244287,0.872381,-0.520457,1
1983,22.033333,0.245436,0.871736,-0.514691,1
1984,22.044444,0.246543,0.871019,-0.508936,1
1985,22.055556,0.247571,0.870245,-0.503300,1
1986,22.066667,0.248476,0.869506,-0.497759,1
1987,22.077778,0.249306,0.868643,-0.492195,1
1988,22.088889,0.250068,0.867677,-0.486785,1
1989,22.100000,0.250680,0.866587,-0.481459,1
1990,22.111111,0.251313,0.865417,-0.476232,1
1991,22.122222,0.251949,0.864205,-0.470964,1
1992,22.133333,0.252565,0.862946,-0.465752,1
1993,22.144444,0.253144,0.861617,-0.460561,1
1994,22.155556,0.253625,0.860231,-0.455509,1
1995,22.166667,0.254044,0.858724,-0.450154,1
1996,22.177778,0.254351,0.857460,-0.444895,1
1997,22.188889,0.254426,0.856364,-0.439004,1
1998,22.200000,0.254444,0.855634,-0.432900,1
1999,22.211111,0.254484,0.855160,-0.426775,1
2000,22.222222,0.254546,0.854878,-0.420821,1
2001,22.233333,0.254612,0.854722,-0.415089,1
2002,22.244444,0.254734,0.854863,-0.409169,1
2003,22.255556,0.254972,0.855292,-0.403292,1
2004,22.266667,0.255207,0.855872,-0.397343,1
2005,22.277778,0.255324,0.856630,-0.391426,1
2006,22.288889,0.255528,0.857606,-0.385584,1
2007,22.300000,0.255598,0.858751,-0.379650,1
2008,22.311111,0.255648,0.860120,-0.373561,1
2009,22.322222,0.256354,0.861642,-0.368257,1
2010,22.333333,0.256608,0.863184,-0.362329,1
2011,22.344444,0.256655,0.864893,-0.356605,1
2012,22.355556,0.256773,0.866499,-0.350744,1
2013,22.366667,0.257036,0.868019,-0.344667,1
2014,22.377778,0.257735,0.869156,-0.337610,1
2015,22.388889,0.258117,0.870299,-0.331268,1
2016,22.400000,0.258658,0.871225,-0.324741,1
2017,22.411111,0.259371,0.872081,-0.318105,1
2018,22.422222,0.260117,0.873036,-0.311428,1
2019,22.433333,0.260926,0.873678,-0.304537,1
2020,22.444444,0.261909,0.874327,-0.297688,1
2021,22.455556,0.262900,0.874873,-0.290779,1
2022,22.466667,0.264039,0.875379,-0.283731,1
2023,22.477778,0.265129,0.875846,-0.276712,1
2024,22.488889,0.266313,0.876324,-0.269572,1
2025,22.500000,0.267599,0.876832,-0.262430,1
2026,22.511111,0.268915,0.877341,-0.255231,1
2027,22.522222,0.270186,0.877692,-0.248104,1
2028,22.533333,0.271485,0.878022,-0.240942,1
2029,22.544444,0.272744,0.878226,-0.233882,1
2030,22.555556,0.274264,0.878276,-0.226626,1
2031,22.566667,0.275778,0.878191,-0.219498,1
2032,22.577778,0.277249,0.878014,-0.212391,1
2033,22.588889,0.278801,0.877683,-0.205399,1
2034,22.600000,0.280520,0.877403,-0.198339,1
2035,22.611111,0.281591,0.877470,-0.191920,1
2036,22.622222,0.283157,0.877166,-0.185139,1
2037,22.633333,0.284809,0.876831,-0.178368,1
2038,22.644444,0.287084,0.876548,-0.171130,1
2039,22.655556,0.289912,0.876284,-0.164239,1
2040,22.666667,0.292776,0.876044,-0.158082,1
2041,22.677778,0.295239,0.875884,-0.152146,1
2042,22.688889,0.297449,0.875586,-0.146099,1
2043,22.700000,0.299681,0.875230,-0.140088,1
2044,22.711111,0.301889,0.874939,-0.134284,1
2045,22.722222,0.300778,0.874264,-0.127768,1
2046,22.733333,0.303133,0.873967,-0.121897,1
2047,22.744444,0.305455,0.873619,-0.116012,1
2048,22.755556,0.307862,0.873247,-0.110426,1
2049,22.766667,0.310280,0.872734,-0.104888,1
2050,22.777778,0.312743,0.872142,-0.099523,1
2051,22.788889,0.315251,0.871466,-0.094233,1
2052,22.800000,0.317699,0.870635,-0.089076,1
2053,22.811111,0.320213,0.869746,-0.083949,1
2054,22.822222,0.322729,0.868780,-0.078928,1
2055,22.833333,0.325298,0.867685,-0.073911,1
2056,22.844444,0.327861,0.866448,-0.068975,1
2057,22.855556,0.330489,0.865134,-0.064106,1
2058,22.866667,0.333152,0.863755,-0.059433,1
2059,22.877778,0.335802,0.862294,-0.054736,1
2060,22.888889,0.338495,0.860790,-0.050073,1
2061,22.900000,0.341387,0.859313,-0.045276,1
2062,22.911111,0.344662,0.858183,-0.040226,1
2063,22.922222,0.348240,0.857546,-0.035098,1
2064,22.933333,0.351888,0.857114,-0.030097,1
2065,22.944444,0.355514,0.856714,-0.025183,1
2066,22.955556,0.359029,0.856451,-0.020495,1
2067,22.966667,0.362667,0.856508,-0.015709,1
2068,22.977778,0.366293,0.856962,-0.010799,1
2069,22.988889,0.369910,0.857696,-0.005961,1
2070,23.000000,0.373542,0.858644,-0.001114,1
2071,23.011111,0.377236,0.859746,0.003852,1
2072,23.022222,0.380913,0.860890,0.008797,1
2073,23.033333,0.384564,0.862012,0.013764,1
2074,23.044444,0.388272,0.863106,0.018888,1
2075,23.055556,0.391979,0.864010,0.024118,1
2076,23.066667,0.395827,0.864960,0.029189,1
2077,23.077778,0.399455,0.865384,0.034962,1
2078,23.088889,0.403167,0.865872,0.040486,1
2079,23.100000,0.406979,0.866765,0.045430,1
2080,23.111111,0.410589,0.867095,0.050818,1
2081,23.122222,0.414099,0.867455,0.056164,1
2082,23.133333,0.417579,0.867749,0.061807,1
2083,23.144444,0.421039,0.867973,0.067545,1
2084,23.155556,0.424518,0.868135,0.073458,1
2085,23.166667,0.428186,0.868367,0.079681,1
2086,23.177778,0.432498,0.867284,0.087965,1
2087,23.188889,0.436100,0.867668,0.094317,1
2088,23.200000,0.439721,0.868079,0.100702,1
2089,23.211111,0.443276,0.868626,0.107262,1
2090,23.222222,0.446901,0.869201,0.113981,1
2091,23.233333,0.450275,0.869731,0.120674,1
2092,23.244444,0.453755,0.870299,0.127286,1
2093,23.255556,0.457267,0.870926,0.133997,1
2094,23.266667,0.460676,0.871516,0.140729,1
2095,23.277778,0.464047,0.871863,0.147364,1
2096,23.288889,0.467260,0.872013,0.153996,1
2097,23.300000,0.470590,0.872160,0.160593,1
2098,23.311111,0.473757,0.871999,0.167252,1
2099,23.322222,0.477037,0.871946,0.173924,1
2100,23.333333,0.480210,0.871854,0.180669,1
2101,23.344444,0.483294,0.871655,0.187290,1
2102,23.355556,0.486265,0.871358,0.193799,1
2103,23.366667,0.489207,0.871071,0.200320,1
2104,23.377778,0.491985,0.870678,0.206909,1
2105,23.388889,0.494706,0.870338,0.213306,1
2106,23.400000,0.497192,0.869949,0.219657,1
2107,23.411111,0.499669,0.869608,0.225916,1
2108,23.422222,0.504459,0.869108,0.230710,1
2109,23.433333,0.507003,0.868689,0.236896,1
2110,23.444444,0.509390,0.868239,0.242959,1
2111,23.455556,0.511735,0.867779,0.249021,1
2112,23.466667,0.513929,0.867348,0.254896,1
2113,23.477778,0.516387,0.867863,0.261184,1
2114,23.488889,0.518513,0.867453,0.267148,1
2115,23.500000,0.520468,0.867105,0.272889,1
2116,23.511111,0.522261,0.866699,0.278572,1
2117,23.522222,0.524018,0.866260,0.284227,1
2118,23.533333,0.525728,0.865756,0.289850,1
2119,23.544444,0.527328,0.865135,0.295407,1
2120,23.555556,0.528849,0.864357,0.300952,1
2121,23.566667,0.530242,0.863499,0.306353,1
2122,23.577778,0.531715,0.862528,0.311648,1
2123,23.588889,0.532993,0.861431,0.316991,1
2124,23.600000,0.534203,0.860209,0.322200,1
2125,23.611111,0.535360,0.858861,0.327416,1
2126,23.622222,0.536454,0.857424,0.332619,1
2127,23.633333,0.537448,0.855782,0.337735,1
2128,23.644444,0.538532,0.854234,0.342857,1
2129,23.655556,0.539688,0.852603,0.348019,1
2130,23.666667,0.540695,0.850913,0.353100,1
2131,23.677778,0.541701,0.849161,0.358224,1
2132,23.688889,0.542616,0.847526,0.363639,1
2133,23.700000,0.543867,0.846554,0.369588,1
2134,23.711111,0.544580,0.845831,0.375783,1
2135,23.722222,0.545240,0.845202,0.381790,1
2136,23.733333,0.545825,0.844784,0.387429,1
2137,23.744444,0.546418,0.844647,0.392908,1
2138,23.755556,0.547270,0.845048,0.398448,1
2139,23.766667,0.548144,0.845857,0.404076,1
2140,23.777778,0.549008,0.847107,0.409923,1
2141,23.788889,0.549585,0.848312,0.415620,1
2142,23.800000,0.550120,0.849593,0.421152,1
2143,23.811111,0.551207,0.851195,0.426302,1
2144,23.822222,0.552085,0.852939,0.431209,1
2145,23.833333,0.553275,0.854402,0.436319,1
2146,23.844444,0.554690,0.855723,0.441780,1
2147,23.855556,0.556033,0.856593,0.447555,1
2148,23.866667,0.557648,0.857537,0.453885,1
2149,23.877778,0.559114,0.858179,0.459974,1
2150,23.888889,0.560417,0.858773,0.466173,1
2151,23.900000,0.561764,0.859126,0.472398,1
2152,23.911111,0.562507,0.859276,0.478738,1
2153,23.922222,0.563671,0.859457,0.485034,1
2154,23.933333,0.565055,0.859994,0.491603,1
2155,23.944444,0.566350,0.860227,0.497895,1
2156,23.955556,0.567887,0.860829,0.504590,1
2157,23.966667,0.569459,0.861590,0.511486,1
2158,23.977778,0.570941,0.862124,0.518119,1
2159,23.988889,0.572362,0.862976,0.524657,1
2160,24.000000,0.574496,0.862910,0.530771,1
2161,24.011111,0.576206,0.863568,0.537398,1
2162,24.022222,0.577857,0.864175,0.544027,1
2163,24.033333,0.579541,0.864648,0.550863,1
2164,24.044444,0.581165,0.865151,0.557629,1
2165,24.055556,0.579883,0.865143,0.566609,1
2166,24.066667,0.581393,0.865520,0.573198,1
2167,24.077778,0.582966,0.865744,0.579714,1
2168,24.088889,0.584298,0.866010,0.586177,1
2169,24.100000,0.585735,0.866008,0.592629,1
2170,24.111111,0.587236,0.866035,0.599016,1
2171,24.122222,0.588801,0.866092,0.605321,1
2172,24.133333,0.590371,0.866110,0.611517,1
2173,24.144444,0.591894,0.866163,0.617587,1
2174,24.155556,0.593718,0.866197,0.623602,1
2175,24.166667,0.595528,0.866194,0.629484,1
2176,24.177778,0.597428,0.866231,0.635341,1
2177,24.188889,0.599372,0.866248,0.640972,1
2178,24.200000,0.601273,0.866186,0.646451,1
2179,24.211111,0.603188,0.866087,0.651788,1
2180,24.222222,0.605096,0.865890,0.657037,1
2181,24.233333,0.607009,0.865646,0.662160,1
2182,24.244444,0.608987,0.865428,0.667217,1
2183,24.255556,0.611098,0.865550,0.672145,1
2184,24.266667,0.613075,0.865318,0.676895,1
2185,24.277778,0.615077,0.865132,0.681520,1
2186,24.288889,0.617132,0.864877,0.686060,1
2187,24.300000,0.619103,0.864613,0.690537,1
2188,24.311111,0.621142,0.864233,0.694960,1
2189,24.322222,0.623183,0.863826,0.699213,1
2190,24.333333,0.625114,0.863317,0.703423,1
2191,24.344444,0.627272,0.862758,0.707582,1
2192,24.355556,0.629489,0.862144,0.711627,1
2193,24.366667,0.631590,0.861468,0.715600,1
2194,24.377778,0.633714,0.860638,0.719469,1
2195,24.388889,0.635822,0.859676,0.723329,1
2196,24.400000,0.638043,0.858657,0.727199,1
2197,24.411111,0.640490,0.857610,0.731155,1
2198,24.422222,0.643057,0.856707,0.735226,1
2199,24.433333,0.646042,0.856157,0.739456,1
2200,24.444444,0.649189,0.855730,0.743610,1
2201,24.455556,0.652383,0.855244,0.747634,1
2202,24.466667,0.655535,0.854949,0.751365,1
2203,24.477778,0.658528,0.854463,0.755340,1
2204,24.488889,0.661454,0.854375,0.759371,1
2205,24.500000,0.664448,0.854404,0.763335,1
2206,24.511111,0.667611,0.854659,0.767373,1
2207,24.522222,0.670755,0.855240,0.771370,1
2208,24.533333,0.673789,0.856054,0.775188,1
2209,24.544444,0.676800,0.856819,0.779197,1
2210,24.555556,0.679824,0.857336,0.783383,1
2211,24.566667,0.682788,0.858440,0.787290,1
2212,24.577778,0.685650,0.859235,0.791974,1
2213,24.588889,0.688550,0.860114,0.796194,1
2214,24.600000,0.691695,0.861512,0.800104,1
2215,24.611111,0.694513,0.862623,0.803766,1
2216,24.622222,0.697317,0.863128,0.808370,1
2217,24.633333,0.699303,0.864619,0.811989,1
2218,24.644444,0.702881,0.864973,0.816657,1
2219,24.655556,0.705685,0.865538,0.821168,1
2220,24.666667,0.708281,0.866095,0.825616,1
2221,24.677778,0.710770,0.866444,0.830222,1
2222,24.688889,0.713431,0.866751,0.834816,1
2223,24.700000,0.716040,0.866940,0.839574,1
2224,24.711111,0.718782,0.867137,0.844429,1
2225,24.722222,0.721430,0.867204,0.849234,1
2226,24.733333,0.724207,0.867467,0.854138,1
2227,24.744444,0.727039,0.867655,0.859119,1
2228,24.755556,0.729629,0.867896,0.864221,1
2229,24.766667,0.731992,0.868005,0.869296,1
2230,24.777778,0.734658,0.868156,0.874399,1
2231,24.788889,0.737305,0.868302,0.879393,1
2232,24.800000,0.740071,0.868510,0.884469,1
2233,24.811111,0.742639,0.868707,0.889405,1
2234,24.822222,0.745174,0.868981,0.894265,1
2235,24.833333,0.747673,0.869211,0.899174,1
2236,24.844444,0.750160,0.869302,0.904114,1
2237,24.855556,0.752770,0.869234,0.909059,1
2238,24.866667,0.755172,0.869310,0.913847,1
2239,24.877778,0.757549,0.869143,0.918836,1
2240,24.888889,0.759843,0.868930,0.923726,1
2241,24.900000,0.762133,0.868694,0.928645,1
2242,24.911111,0.764195,0.868471,0.933597,1
2243,24.922222,0.766075,0.868253,0.938285,1
2244,24.933333,0.767998,0.868002,0.943106,1
2245,24.944444,0.769715,0.867755,0.947775,1
2246,24.955556,0.771320,0.866996,0.952442,1
2247,24.966667,0.772664,0.866638,0.956953,1
2248,24.977778,0.773964,0.866450,0.961236,1
2249,24.988889,0.775259,0.866069,0.965452,1
2250,25.000000,0.776550,0.865832,0.969477,1
2251,25.011111,0.777559,0.865601,0.973509,1
2252,25.022222,0.778509,0.865188,0.977306,1
2253,25.033333,0.779278,0.864866,0.980896,1
2254,25.044444,0.779793,0.864557,0.984562,1
2255,25.055556,0.780328,0.864258,0.987983,1
2256,25.066667,0.780846,0.863383,0.991619,1
2257,25.077778,0.780944,0.863244,0.994562,1
2258,25.088889,0.781251,0.862801,0.997753,1
2259,25.100000,0.781431,0.862471,1.000578,1
2260,25.111111,0.781361,0.862619,1.003194,1
2261,25.122222,0.781613,0.862385,1.005913,1
2262,25.133333,0.782147,0.861383,1.009025,1
2263,25.144444,0.782077,0.860678,1.011540,1
2264,25.155556,0.782019,0.859977,1.014232,1
2265,25.166667,0.782718,0.858146,1.017736,1
2266,25.177778,0.782563,0.857567,1.020560,1
2267,25.188889,0.782298,0.856916,1.023569,1
2268,25.200000,0.782144,0.856751,1.026647,1
2269,25.211111,0.781799,0.856215,1.029277,1
2270,25.222222,0.781503,0.855844,1.032103,1
2271,25.233333,0.781189,0.855043,1.035101,1
2272,25.244444,0.780621,0.855208,1.037867,1
2273,25.255556,0.780279,0.854606,1.040674,1
2274,25.266667,0.779736,0.854134,1.043295,1
2275,25.277778,0.779562,0.853482,1.046545,1
2276,25.288889,0.779166,0.853103,1.049684,1
2277,25.300000,0.778544,0.852797,1.053027,1
2278,25.311111,0.778139,0.852869,1.056256,1
2279,25.322222,0.777543,0.853139,1.059465,1
2280,25.333333,0.777050,0.853660,1.062734,1
2281,25.344444,0.776368,0.854159,1.066227,1
2282,25.355556,0.775685,0.854654,1.069478,1
2283,25.366667,0.775037,0.855251,1.072724,1
2284,25.377778,0.774577,0.855952,1.076275,1
2285,25.388889,0.773891,0.856636,1.079530,1
2286,25.400000,0.773274,0.857286,1.082872,1
2287,25.411111,0.772530,0.857878,1.085932,1
2288,25.422222,0.771692,0.858862,1.088451,1
2289,25.433333,0.771135,0.859675,1.091597,1
2290,25.444444,0.770709,0.860665,1.095173,1
2291,25.455556,0.769998,0.861734,1.098862,1
2292,25.466667,0.769073,0.862727,1.102455,1
2293,25.477778,0.765845,0.861626,1.106726,1
2294,25.488889,0.766106,0.863412,1.109456,1
2295,25.500000,0.765303,0.864014,1.112497,1
2296,25.511111,0.765285,0.863903,1.115873,1
2297,25.522222,0.764730,0.864296,1.119058,1
2298,25.533333,0.764278,0.864106,1.122276,1
2299,25.544444,0.763592,0.864501,1.125379,1
2300,25.555556,0.762651,0.865027,1.128102,1
2301,25.566667,0.761596,0.866099,1.130375,1
2302,25.577778,0.760040,0.867026,1.132578,1
2303,25.588889,0.758561,0.867202,1.135167,1
2304,25.600000,0.757335,0.867604,1.137696,1
2305,25.611111,0.756615,0.867817,1.140578,1
2306,25.622222,0.756443,0.869544,1.140461,1
2307,25.633333,0.756223,0.870033,1.143140,1
2308,25.644444,0.756233,0.870576,1.145972,1
2309,25.655556,0.755797,0.870690,1.148684,1
2310,25.666667,0.755899,0.870879,1.151136,1
2311,25.677778,0.756025,0.871369,1.153671,1
2312,25.688889,0.756238,0.871438,1.155969,1
2313,25.700000,0.757799,0.870792,1.158214,1
2314,25.711111,0.758138,0.870462,1.160007,1
2315,25.722222,0.757247,0.869321,1.161194,1
2316,25.733333,0.757099,0.869252,1.163273,1
2317,25.744444,0.756715,0.869324,1.165209,1
2318,25.755556,0.756433,0.869172,1.167180,1
2319,25.766667,0.756048,0.869190,1.169070,1
2320,25.777778,0.755809,0.868894,1.170965,1
2321,25.788889,0.755473,0.868830,1.172719,1
2322,25.800000,0.755127,0.868628,1.174501,1
2323,25.811111,0.754785,0.868297,1.176103,1
2324,25.822222,0.754089,0.867909,1.177811,1
2325,25.833333,0.753488,0.867557,1.179289,1
2326,25.844444,0.752864,0.867285,1.180862,1
2327,25.855556,0.752469,0.866828,1.182324,1
2328,25.866667,0.751363,0.867041,1.185185,1
2329,25.877778,0.752602,0.866179,1.185759,1
2330,25.888889,0.752735,0.865574,1.186850,1
2331,25.900000,0.753036,0.865013,1.187989,1
2332,25.911111,0.753416,0.864297,1.188616,1
2333,25.922222,0.753785,0.863929,1.188491,1
2334,25.933333,0.754059,0.863774,1.188610,1
2335,25.944444,0.754311,0.863626,1.188986,1
2336,25.955556,0.754882,0.863865,1.189004,1
2337,25.966667,0.755441,0.864057,1.188910,1
2338,25.977778,0.755939,0.864302,1.188767,1
2339,25.988889,0.756414,0.864609,1.188460,1
2340,26.000000,0.756953,0.864917,1.188034,1
2341,26.011111,0.757533,0.865118,1.187707,1
2342,26.022222,0.758068,0.865302,1.187255,1
2343,26.033333,0.758665,0.865354,1.186963,1
2344,26.044444,0.759213,0.865290,1.186640,1
2345,26.055556,0.759830,0.865385,1.186330,1
2346,26.066667,0.760437,0.865287,1.186055,1
2347,26.077778,0.760929,0.865222,1.185743,1
2348,26.088889,0.761441,0.865110,1.185623,1
2349,26.100000,0.761895,0.865054,1.185172,1
2350,26.111111,0.762190,0.864701,1.185246,1
2351,26.122222,0.763076,0.864999,1.185891,1
2352,26.133333,0.764284,0.865781,1.186123,1
2353,26.144444,0.765405,0.866585,1.185801,1
2354,26.155556,0.766362,0.867339,1.185331,1
2355,26.166667,0.767085,0.868128,1.185276,1
2356,26.177778,0.767839,0.868917,1.185407,1
2357,26.188889,0.768788,0.869880,1.185513,1
2358,26.200000,0.769886,0.871200,1.185602,1
2359,26.211111,0.770738,0.872897,1.185640,1
2360,26.222222,0.771511,0.874799,1.185564,1
2361,26.233333,0.771857,0.876339,1.185352,1
2362,26.244444,0.772045,0.877464,1.184948,1
2363,26.255556,0.772078,0.878519,1.185007,1
2364,26.266667,0.772208,0.878503,1.184918,1
2365,26.277778,0.772511,0.878379,1.184570,1
2366,26.288889,0.772879,0.878369,1.184314,1
2367,26.300000,0.773129,0.878424,1.184108,1
2368,26.311111,0.773151,0.878383,1.183887,1
2369,26.322222,0.773311,0.878377,1.183651,1
2370,26.333333,0.773476,0.878395,1.183435,1
2371,26.344444,0.773704,0.878378,1.183148,1
2372,26.355556,0.773956,0.878295,1.183043,1
2373,26.366667,0.774106,0.878293,1.182775,1
2374,26.377778,0.774237,0.878300,1.182539,1
2375,26.388889,0.774493,0.878256,1.182188,1
2376,26.400000,0.775104,0.877288,1.181783,1
2377,26.411111,0.775311,0.877199,1.181532,1
2378,26.422222,0.775135,0.877760,1.181263,1
2379,26.433333,0.775216,0.877921,1.180956,1
2380,26.444444,0.775397,0.878123,1.180671,1
2381,26.455556,0.775973,0.877337,1.180388,1
2382,26.466667,0.776165,0.877237,1.180092,1
2383,26.477778,0.776368,0.877141,1.179772,1
2384,26.488889,0.776538,0.877044,1.179455,1
2385,26.500000,0.776719,0.876996,1.179155,1
2386,26.511111,0.776807,0.876926,1.178911,1
2387,26.522222,0.776765,0.876973,1.178427,1
2388,26.533333,0.776949,0.876900,1.178103,1
2389,26.544444,0.777087,0.876855,1.177720,1
2390,26.555556,0.777320,0.877119,1.177363,1
2391,26.566667,0.777545,0.877037,1.177000,1
2392,26.577778,0.777690,0.877093,1.176646,1
2393,26.588889,0.777869,0.877055,1.176249,1
2394,26.600000,0.777938,0.877068,1.176096,1
2395,26.611111,0.778135,0.877373,1.175860,1
2396,26.622222,0.778013,0.877204,1.175419,1
2397,26.633333,0.777293,0.876817,1.173759,1
2398,26.644444,0.778899,0.877463,1.174358,1
2399,26.655556,0.778972,0.877419,1.174035,1
2400,26.666667,0.779086,0.877419,1.173567,1
2401,26.677778,0.778581,0.877191,1.171755,1
2402,26.688889,0.778564,0.877258,1.170981,1
2403,26.700000,0.778668,0.877442,1.169950,1
2404,26.711111,0.778858,0.877719,1.169155,1
2405,26.722222,0.779098,0.877865,1.168505,1
2406,26.733333,0.779505,0.878160,1.167910,1
2407,26.744444,0.779709,0.878229,1.167325,1
2408,26.755556,0.779785,0.878242,1.166968,1
2409,26.766667,0.779896,0.878327,1.166727,1
2410,26.777778,0.779807,0.878550,1.166608,1
2411,26.788889,0.780077,0.878821,1.166119,1
2412,26.800000,0.780296,0.878812,1.165800,1
2413,26.811111,0.780528,0.878745,1.165258,1
2414,26.822222,0.780747,0.878710,1.164771,1
2415,26.833333,0.780973,0.878730,1.164300,1
2416,26.844444,0.781134,0.878735,1.163840,1
2417,26.855556,0.781432,0.878806,1.163377,1
2418,26.866667,0.781639,0.879060,1.163099,1
2419,26.877778,0.781868,0.879121,1.162574,1
2420,26.888889,0.781996,0.879162,1.162092,1
2421,26.900000,0.782078,0.878544,1.159985,1
2422,26.911111,0.782599,0.878646,1.158780,1
2423,26.922222,0.783107,0.878709,1.157558,1
2424,26.933333,0.783439,0.878753,1.156568,1
2425,26.944444,0.783766,0.878640,1.155759,1
2426,26.955556,0.784055,0.878653,1.155081,1
2427,26.966667,0.784294,0.878586,1.154456,1
2428,26.977778,0.784601,0.878410,1.153798,1
2429,26.988889,0.784737,0.878375,1.153190,1
2430,27.000000,0.784940,0.878310,1.152577,1
2431,27.011111,0.785279,0.878148,1.151877,1
2432,27.022222,0.785684,0.877760,1.152107,1
2433,27.033333,0.784855,0.877375,1.154130,1
2434,27.044444,0.785125,0.877269,1.153596,1
2435,27.055556,0.785238,0.877099,1.153100,1
2436,27.066667,0.785406,0.877046,1.152690,1
2437,27.077778,0.785512,0.877010,1.152231,1
2438,27.088889,0.785781,0.876985,1.151751,1
2439,27.100000,0.785886,0.876945,1.151285,1
2440,27.111111,0.786080,0.876792,1.150808,1
2441,27.122222,0.786293,0.876720,1.150274,1
2442,27.133333,0.786442,0.876692,1.149737,1
2443,27.144444,0.786567,0.876617,1.149222,1
2444,27.155556,0.786999,0.876631,1.148471,1
2445,27.166667,0.787226,0.876494,1.147868,1
2446,27.177778,0.787417,0.876383,1.147345,1
2447,27.188889,0.787558,0.876323,1.146797,1
2448,27.200000,0.787693,0.876201,1.146188,1
2449,27.211111,0.787816,0.876177,1.145592,1
2450,27.222222,0.788006,0.876032,1.144955,1
2451,27.233333,0.788380,0.875163,1.144223,1
2452,27.244444,0.788535,0.874932,1.143623,1
2453,27.255556,0.788600,0.874825,1.143039,1
2454,27.266667,0.788558,0.874946,1.142527,1
2455,27.277778,0.788509,0.875200,1.141911,1
2456,27.288889,0.788493,0.875456,1.141427,1
2457,27.300000,0.788419,0.875546,1.141015,1
2458,27.311111,0.788092,0.875672,1.140604,1
2459,27.322222,0.787703,0.875929,1.140360,1
2460,27.333333,0.787336,0.875958,1.140240,1
2461,27.344444,0.786857,0.876095,1.139968,1
2462,27.355556,0.780029,0.861297,1.137631,1
2463,27.366667,0.779430,0.861375,1.137689,1
2464,27.377778,0.778745,0.861487,1.137530,1
2465,27.388889,0.777798,0.861417,1.137309,1
2466,27.400000,0.776608,0.861447,1.136885,1
2467,27.411111,0.775324,0.861475,1.136606,1
2468,27.422222,0.774185,0.861474,1.136138,1
2469,27.433333,0.773314,0.861492,1.136003,1
2470,27.444444,0.772544,0.861482,1.135879,1
2471,27.455556,0.771596,0.861461,1.135778,1
2472,27.466667,0.770532,0.861491,1.135575,1
2473,27.477778,0.769332,0.861514,1.135336,1
2474,27.488889,0.767952,0.861592,1.135013,1
2475,27.500000,0.766394,0.861696,1.134685,1
2476,27.511111,0.764594,0.861521,1.134313,1
2477,27.522222,0.762980,0.861243,1.133765,1
2478,27.533333,0.761263,0.861051,1.133249,1
2479,27.544444,0.759783,0.861048,1.132815,1
2480,27.555556,0.758211,0.860871,1.132501,1
2481,27.566667,0.756556,0.860677,1.132038,1
2482,27.577778,0.754968,0.860414,1.131889,1
2483,27.588889,0.753265,0.860089,1.131556,1
2484,27.600000,0.751769,0.859861,1.131561,1
2485,27.611111,0.750045,0.859463,1.131512,1
2486,27.622222,0.748284,0.858915,1.131720,1
2487,27.633333,0.746268,0.858088,1.131984,1
2488,27.644444,0.745377,0.859743,1.129722,1
2489,27.655556,0.742902,0.860002,1.129637,1
2490,27.666667,0.740891,0.860316,1.129769,1
2491,27.677778,0.739152,0.860506,1.129849,1
2492,27.688889,0.737468,0.860914,1.129881,1
2493,27.700000,0.735622,0.861296,1.130165,1
2494,27.711111,0.733710,0.861718,1.130705,1
2495,27.722222,0.731875,0.862123,1.131387,1
2496,27.733333,0.730059,0.862420,1.132320,1
2497,27.744444,0.728266,0.862541,1.133261,1
2498,27.755556,0.726633,0.862712,1.134312,1
2499,27.766667,0.724872,0.862544,1.135168,1
2500,27.777778,0.722819,0.861379,1.136544,1
2501,27.788889,0.720579,0.860178,1.137815,1
2502,27.800000,0.718428,0.859295,1.139006,1
2503,27.811111,0.716570,0.858536,1.140253,1
2504,27.822222,0.714894,0.858188,1.141500,1
2505,27.833333,0.713161,0.858194,1.142901,1
2506,27.844444,0.711240,0.858436,1.144355,1
2507,27.855556,0.709427,0.859034,1.146072,1
2508,27.866667,0.707918,0.859528,1.147835,1
2509,27.877778,0.705035,0.860233,1.150898,1
2510,27.888889,0.700388,0.860312,1.153460,1
2511,27.900000,0.696255,0.860260,1.156048,1
2512,27.911111,0.693339,0.860803,1.158612,1
2513,27.922222,0.692243,0.860921,1.160326,1
2514,27.933333,0.689886,0.860910,1.162132,1
2515,27.944444,0.684273,0.861472,1.163691,1
2516,27.955556,0.683405,0.862528,1.164694,1
2517,27.966667,0.680395,0.863686,1.165631,1
2518,27.977778,0.677864,0.864613,1.166256,1
2519,27.988889,0.675487,0.865408,1.166990,1
2520,28.000000,0.674644,0.866226,1.168361,1
2521,28.011111,0.672888,0.867079,1.169527,1
2522,28.022222,0.671344,0.867444,1.170094,1
2523,28.033333,0.668783,0.867839,1.171600,1
2524,28.044444,0.667654,0.867883,1.172622,1
2525,28.055556,0.665739,0.868258,1.174457,1
2526,28.066667,0.663753,0.868498,1.177245,1
2527,28.077778,0.661398,0.868825,1.179764,1
2528,28.088889,0.658461,0.869555,1.182591,1
2529,28.100000,0.655153,0.869974,1.184558,1
2530,28.111111,0.652524,0.870618,1.187775,1
2531,28.122222,0.650402,0.871060,1.190819,1
2532,28.133333,0.648064,0.871313,1.193647,1
2533,28.144444,0.646329,0.870855,1.196561,1
2534,28.155556,0.644383,0.871124,1.198806,1
2535,28.166667,0.642135,0.871136,1.201525,1
2536,28.177778,0.639710,0.871431,1.204108,1
2537,28.188889,0.637217,0.871554,1.206964,1
2538,28.200000,0.633788,0.871187,1.211790,1
2539,28.211111,0.630934,0.871431,1.214137,1
2540,28.222222,0.626890,0.872935,1.218698,1
2541,28.233333,0.623802,0.872963,1.220738,1
2542,28.244444,0.620684,0.873141,1.223104,1
2543,28.255556,0.617841,0.873133,1.225127,1
2544,28.266667,0.615824,0.872995,1.227260,1
2545,28.277778,0.613648,0.872360,1.229197,1
2546,28.288889,0.611200,0.871019,1.231866,1
2547,28.300000,0.609049,0.869727,1.235067,1
2548,28.311111,0.604447,0.870362,1.237644,1
2549,28.322222,0.603720,0.868806,1.240321,1
2550,28.333333,0.602422,0.867221,1.243069,1
2551,28.344444,0.601040,0.866040,1.245714,1
2552,28.355556,0.599782,0.865171,1.248765,1
2553,28.366667,0.598436,0.864790,1.252243,1
2554,28.377778,0.597216,0.864778,1.255711,1
2555,28.388889,0.596254,0.865052,1.258287,1
2556,28.400000,0.590615,0.864090,1.258664,1
2557,28.411111,0.589934,0.863570,1.258115,1
2558,28.422222,0.582879,0.864294,1.253697,1
2559,28.433333,0.581637,0.865044,1.255539,1
2560,28.444444,0.580954,0.866363,1.257748,1
2561,28.455556,0.579821,0.867465,1.262151,1
2562,28.466667,0.576742,0.868272,1.268310,1
2563,28.477778,0.575729,0.868523,1.272565,1
2564,28.488889,0.574748,0.868424,1.275902,1
2565,28.500000,0.573228,0.868413,1.279247,1
2566,28.511111,0.571597,0.868713,1.281875,1
2567,28.522222,0.570492,0.868850,1.285820,1
2568,28.533333,0.569004,0.868724,1.288694,1
2569,28.544444,0.567260,0.868681,1.291398,1
2570,28.555556,0.564936,0.869033,1.293199,1
2571,28.566667,0.563227,0.869192,1.294980,1
2572,28.577778,0.561687,0.869234,1.296574,1
2573,28.588889,0.560371,0.869293,1.298543,1
2574,28.600000,0.559237,0.869215,1.300669,1
2575,28.611111,0.558243,0.869238,1.303108,1
2576,28.622222,0.557391,0.869366,1.305480,1
2577,28.633333,0.556707,0.869616,1.307668,1
2578,28.644444,0.556095,0.869746,1.309968,1
2579,28.655556,0.555617,0.869848,1.312205,1
2580,28.666667,0.555156,0.870126,1.314454,1
2581,28.677778,0.554947,0.870643,1.316505,1
2582,28.688889,0.554589,0.870982,1.318647,1
2583,28.700000,0.554362,0.871043,1.320683,1
2584,28.711111,0.554098,0.870823,1.322782,1
2585,28.722222,0.554000,0.870439,1.324495,1
2586,28.733333,0.553533,0.869930,1.326262,1
2587,28.744444,0.553105,0.869231,1.327660,1
2588,28.755556,0.552899,0.868508,1.328930,1
2589,28.766667,0.552776,0.867974,1.330087,1
2590,28.777778,0.552741,0.867272,1.331055,1
2591,28.788889,0.552737,0.866618,1.331694,1
2592,28.800000,0.552840,0.865976,1.332316,1
2593,28.811111,0.553052,0.865390,1.332842,1
2594,28.822222,0.553237,0.865040,1.333329,1
2595,28.833333,0.553452,0.864868,1.333658,1
2596,28.844444,0.553762,0.864752,1.333940,1
2597,28.855556,0.553957,0.864678,1.334047,1
2598,28.866667,0.553842,0.864671,1.333406,1
2599,28.877778,0.554048,0.864944,1.333229,1
2600,28.888889,0.554058,0.865127,1.332942,1
2601,28.900000,0.554182,0.865402,1.332489,1
2602,28.911111,0.554305,0.865524,1.332097,1
2603,28.922222,0.554544,0.865514,1.331625,1
2604,28.933333,0.555096,0.865404,1.331259,1
2605,28.944444,0.555383,0.865246,1.330813,1
2606,28.955556,0.555442,0.864447,1.330442,1
2607,28.966667,0.555834,0.864258,1.329930,1
2608,28.977778,0.556246,0.863986,1.329329,1
2609,28.988889,0.556695,0.863712,1.328742,1
2610,29.000000,0.557231,0.863574,1.327910,1
2611,29.011111,0.557437,0.863388,1.327306,1
2612,29.022222,0.557752,0.863275,1.326501,1
2613,29.033333,0.558155,0.863136,1.325743,1
2614,29.044444,0.558421,0.862934,1.324903,1
2615,29.055556,0.558764,0.862736,1.324156,1
2616,29.066667,0.559296,0.862390,1.323499,1
2617,29.077778,0.559693,0.862185,1.322828,1
2618,29.088889,0.560012,0.862083,1.322023,1
2619,29.100000,0.558921,0.861356,1.320970,1
2620,29.111111,0.558929,0.860891,1.321064,1
2621,29.122222,0.557343,0.860124,1.320318,1
2622,29.133333,0.557316,0.860001,1.319847,1
2623,29.144444,0.556800,0.859966,1.318852,1
2624,29.155556,0.556312,0.859553,1.317557,1
2625,29.166667,0.555623,0.858405,1.316290,1
2626,29.177778,0.553146,0.856603,1.316230,1
2627,29.188889,0.552195,0.855939,1.315551,1
2628,29.200000,0.549764,0.854499,1.317345,1
2629,29.211111,0.549347,0.854072,1.316054,1
2630,29.222222,0.549070,0.853525,1.314540,1
2631,29.233333,0.548870,0.853105,1.313142,1
2632,29.244444,0.548747,0.852741,1.311771,1
2633,29.255556,0.548706,0.852518,1.310182,1
2634,29.266667,0.548691,0.852511,1.308677,1
2635,29.277778,0.548773,0.852626,1.307041,1
2636,29.288889,0.548722,0.852892,1.305531,1
2637,29.300000,0.548640,0.853294,1.303937,1
2638,29.311111,0.547629,0.854323,1.301282,1
2639,29.322222,0.547489,0.854936,1.299799,1
2640,29.333333,0.547393,0.855364,1.298499,1
2641,29.344444,0.547286,0.855754,1.297205,1
2642,29.355556,0.547269,0.856088,1.296093,1
2643,29.366667,0.547229,0.856256,1.294929,1
2644,29.377778,0.547141,0.856449,1.293651,1
2645,29.388889,0.547115,0.856280,1.292498,1
2646,29.400000,0.547041,0.855935,1.291350,1
2647,29.411111,0.546890,0.855489,1.290229,1
2648,29.422222,0.546933,0.854896,1.289282,1
2649,29.433333,0.547583,0.854626,1.288981,1
2650,29.444444,0.547574,0.854364,1.288708,1
2651,29.455556,0.547322,0.854355,1.288564,1
2652,29.466667,0.547008,0.854390,1.288443,1
2653,29.477778,0.546883,0.854361,1.288290,1
2654,29.488889,0.546681,0.854375,1.288152,1
2655,29.500000,0.546305,0.854489,1.288224,1
2656,29.511111,0.545972,0.854674,1.288313,1
2657,29.522222,0.545649,0.854867,1.288393,1
2658,29.533333,0.545228,0.854921,1.288609,1
2659,29.544444,0.544877,0.855002,1.288811,1
2660,29.555556,0.544425,0.855003,1.288952,1
2661,29.566667,0.544033,0.854978,1.289034,1
2662,29.577778,0.543648,0.854948,1.289168,1
2663,29.588889,0.543178,0.854860,1.289233,1
2664,29.600000,0.542785,0.854795,1.289346,1
2665,29.611111,0.542431,0.854697,1.289406,1
2666,29.622222,0.542091,0.854585,1.289558,1
2667,29.633333,0.541627,0.854519,1.289621,1
2668,29.644444,0.541266,0.854491,1.289663,1
2669,29.655556,0.541030,0.854454,1.289693,1
2670,29.666667,0.540803,0.854519,1.289716,1
2671,29.677778,0.540559,0.854546,1.289731,1
2672,29.688889,0.540335,0.854542,1.289834,1
2673,29.700000,0.540121,0.854543,1.289908,1
2674,29.711111,0.540053,0.854537,1.290062,1
2675,29.722222,0.539854,0.854462,1.290150,1
2676,29.733333,0.539690,0.854429,1.290281,1
2677,29.744444,0.539508,0.854299,1.290370,1
2678,29.755556,0.539413,0.854246,1.290467,1
2679,29.766667,0.539320,0.854207,1.290554,1
2680,29.777778,0.539283,0.854133,1.290655,1
2681,29.788889,0.539190,0.854113,1.290708,1
2682,29.800000,0.539010,0.854046,1.290746,1
2683,29.811111,0.538894,0.854000,1.290766,1
2684,29.822222,0.538740,0.853898,1.290910,1
2685,29.833333,0.538620,0.853854,1.291007,1
2686,29.844444,0.538515,0.853784,1.291034,1
2687,29.855556,0.538453,0.853794,1.291080,1
2688,29.866667,0.538258,0.853750,1.291125,1
2689,29.877778,0.538184,0.853745,1.291087,1
2690,29.888889,0.538067,0.853741,1.291076,1
2691,29.900000,0.537921,0.853761,1.291034,1
2692,29.911111,0.537764,0.853762,1.291027,1
2693,29.922222,0.537571,0.853767,1.291028,1
2694,29.933333,0.537372,0.853767,1.291027,1
2695,29.944444,0.537161,0.853768,1.291081,1
2696,29.955556,0.536908,0.853746,1.291137,1
2697,29.966667,0.536770,0.853798,1.291063,1
2698,29.977778,0.536671,0.853831,1.291046,1
2699,29.988889,0.536474,0.853838,1.291051,1
2700,30.000000,0.536275,0.853858,1.291072,1
2701,30.011111,0.536120,0.853913,1.291034,1
2702,30.022222,0.535976,0.853942,1.291054,1
2703,30.033333,0.535835,0.853971,1.291006,1
2704,30.044444,0.535680,0.854029,1.291012,1
2705,30.055556,0.535578,0.854074,1.291005,1
2706,30.066667,0.535365,0.854110,1.290932,1
2707,30.077778,0.535220,0.854102,1.290912,1
2708,30.088889,0.535086,0.854112,1.290918,1
2709,30.100000,0.534998,0.854103,1.290958,1
2710,30.111111,0.534852,0.854106,1.290905,1
2711,30.122222,0.534729,0.854093,1.290914,1
2712,30.133333,0.534645,0.854071,1.290969,1
2713,30.144444,0.534539,0.854061,1.290886,1
2714,30.155556,0.534473,0.854034,1.290880,1
2715,30.166667,0.534390,0.853987,1.290893,1
2716,30.177778,0.534324,0.853976,1.290911,1
2717,30.188889,0.534435,0.853966,1.291086,1
2718,30.200000,0.534415,0.853936,1.291164,1
2719,30.211111,0.534365,0.853968,1.291135,1
2720,30.222222,0.534302,0.853921,1.291220,1
2721,30.233333,0.534248,0.853911,1.291243,1
2722,30.244444,0.534253,0.853909,1.291208,1
2723,30.255556,0.534246,0.853852,1.291232,1
2724,30.266667,0.534277,0.853821,1.291208,1
2725,30.277778,0.534262,0.853778,1.291231,1
2726,30.288889,0.534247,0.853738,1.291255,1
2727,30.300000,0.534273,0.853705,1.291243,1
2728,30.311111,0.534295,0.853683,1.291321,1
2729,30.322222,0.534289,0.853671,1.291349,1
2730,30.333333,0.534316,0.853671,1.291385,1
2731,30.344444,0.534314,0.853639,1.291420,1
2732,30.355556,0.534375,0.853634,1.291437,1
2733,30.366667,0.534368,0.853618,1.291436,1
2734,30.377778,0.534447,0.853591,1.291455,1
2735,30.388889,0.534476,0.853613,1.291456,1
2736,30.400000,0.534469,0.853587,1.291467,1
2737,30.411111,0.534514,0.853573,1.291465,1
2738,30.422222,0.534555,0.853587,1.291443,1
2739,30.433333,0.534588,0.853565,1.291428,1
2740,30.444444,0.534613,0.853556,1.291418,1
2741,30.455556,0.534650,0.853536,1.291420,1
2742,30.466667,0.534783,0.853535,1.291390,1
2743,30.477778,0.534792,0.853522,1.291372,1
2744,30.488889,0.534826,0.853497,1.291312,1
2745,30.500000,0.534896,0.853503,1.291314,1
2746,30.511111,0.535010,0.853475,1.291342,1
2747,30.522222,0.534976,0.853469,1.291273,1
2748,30.533333,0.535045,0.853470,1.291240,1
2749,30.544444,0.534877,0.853457,1.291066,1
2750,30.555556,0.534942,0.853446,1.290979,1
2751,30.566667,0.535015,0.853456,1.290893,1
2752,30.577778,0.535030,0.853384,1.290843,1
2753,30.588889,0.535050,0.853415,1.290744,1
2754,30.600000,0.535082,0.853397,1.290686,1
2755,30.611111,0.535097,0.853384,1.290541,1
2756,30.622222,0.535123,0.853383,1.290426,1
2757,30.633333,0.535079,0.853338,1.290353,1
2758,30.644444,0.535134,0.853321,1.290360,1
2759,30.655556,0.535095,0.853341,1.290267,1
2760,30.666667,0.535084,0.853356,1.290145,1
2761,30.677778,0.535075,0.853361,1.290013,1
2762,30.688889,0.535004,0.853343,1.289988,1
2763,30.700000,0.534909,0.853356,1.289918,1
2764,30.711111,0.534856,0.853348,1.289869,1
2765,30.722222,0.534807,0.853337,1.289772,1
2766,30.733333,0.534770,0.853340,1.289618,1
2767,30.744444,0.534668,0.853316,1.289598,1
2768,30.755556,0.534535,0.853333,1.289430,1
2769,30.766667,0.534427,0.853328,1.289328,1
2770,30.777778,0.534337,0.853357,1.289237,1
2771,30.788889,0.534166,0.853317,1.289110,1
2772,30.800000,0.534068,0.853316,1.288928,1
2773,30.811111,0.534025,0.853306,1.288752,1
2774,30.822222,0.533925,0.853262,1.288588,1
2775,30.833333,0.533769,0.853287,1.288450,1
2776,30.844444,0.533719,0.853322,1.288311,1
2777,30.855556,0.533537,0.853352,1.288133,1
2778,30.866667,0.533456,0.853375,1.288022,1
2779,30.877778,0.533327,0.853376,1.287925,1
2780,30.888889,0.533363,0.853376,1.287826,1
2781,30.900000,0.533182,0.853410,1.287715,1
2782,30.911111,0.533075,0.853472,1.287455,1
2783,30.922222,0.532951,0.853486,1.287285,1
2784,30.933333,0.532817,0.853499,1.287064,1
2785,30.944444,0.532699,0.853502,1.286912,1
2786,30.955556,0.532616,0.853553,1.286692,1
2787,30.966667,0.532494,0.853560,1.286539,1
2788,30.977778,0.532379,0.853630,1.286328,1
2789,30.988889,0.532327,0.853666,1.286182,1
2790,31.000000,0.532224,0.853696,1.286009,1
2791,31.011111,0.532076,0.853738,1.285848,1
2792,31.022222,0.532005,0.853736,1.285709,1
2793,31.033333,0.531891,0.853714,1.285595,1
2794,31.044444,0.531780,0.853711,1.285511,1
2795,31.055556,0.531705,0.853727,1.285419,1
2796,31.066667,0.531639,0.853726,1.285325,1
2797,31.077778,0.531507,0.853740,1.285211,1
2798,31.088889,0.531442,0.853713,1.285101,1
2799,31.100000,0.531358,0.853727,1.285074,1
2800,31.111111,0.531234,0.853733,1.284972,1
2801,31.122222,0.531152,0.853722,1.284874,1
2802,31.133333,0.531112,0.853719,1.284834,1
2803,31.144444,0.531049,0.853677,1.284767,1
2804,31.155556,0.530778,0.853704,1.284606,1
2805,31.166667,0.530676,0.853745,1.284429,1
2806,31.177778,0.530585,0.853769,1.284372,1
2807,31.188889,0.530474,0.853794,1.284269,1
2808,31.200000,0.530344,0.853791,1.284215,1
2809,31.211111,0.530176,0.853791,1.284230,1
2810,31.222222,0.529972,0.853779,1.284214,1
2811,31.233333,0.529763,0.853798,1.284287,1
2812,31.244444,0.529613,0.853823,1.284223,1
2813,31.255556,0.529400,0.853775,1.284284,1
2814,31.266667,0.529274,0.853782,1.284270,1
2815,31.277778,0.529044,0.853730,1.284346,1
2816,31.288889,0.528902,0.853759,1.284275,1
2817,31.300000,0.528680,0.853753,1.284275,1
2818,31.311111,0.528465,0.853783,1.284355,1
2819,31.322222,0.528255,0.853819,1.284398,1
2820,31.333333,0.527994,0.853810,1.284377,1
2821,31.344444,0.527661,0.853775,1.284476,1
2822,31.355556,0.527416,0.853756,1.284403,1
2823,31.366667,0.527073,0.853697,1.284460,1
2824,31.377778,0.526880,0.853741,1.284469,1
2825,31.388889,0.526548,0.853805,1.284470,1
2826,31.400000,0.526229,0.853797,1.284524,1
2827,31.411111,0.525923,0.853812,1.284459,1
2828,31.422222,0.525619,0.853790,1.284520,1
2829,31.433333,0.525273,0.853741,1.284531,1
2830,31.444444,0.524975,0.853765,1.284449,1
2831,31.455556,0.524568,0.853767,1.284430,1
2832,31.466667,0.524223,0.853824,1.284359,1
2833,31.477778,0.523811,0.853854,1.284253,1
2834,31.488889,0.523483,0.853887,1.284279,1
2835,31.500000,0.523095,0.853903,1.284223,1
2836,31.511111,0.522735,0.853892,1.284159,1
2837,31.522222,0.522265,0.853840,1.284145,1
2838,31.533333,0.521826,0.853864,1.284116,1
2839,31.544444,0.521487,0.853962,1.284011,1
2840,31.555556,0.521109,0.853995,1.283889,1
2841,31.566667,0.520726,0.853997,1.283798,1
2842,31.577778,0.520313,0.853938,1.283760,1
2843,31.588889,0.519844,0.853930,1.283648,1
2844,31.600000,0.519422,0.853953,1.283489,1
2845,31.611111,0.518984,0.853925,1.283403,1
2846,31.622222,0.518585,0.853907,1.283350,1
2847,31.633333,0.518164,0.853919,1.283164,1
2848,31.644444,0.517742,0.853973,1.283093,1
2849,31.655556,0.517374,0.854055,1.283077,1
2850,31.666667,0.517080,0.854039,1.283066,1
2851,31.677778,0.516655,0.853990,1.283005,1
2852,31.688889,0.516268,0.853990,1.282906,1
2853,31.700000,0.515930,0.853998,1.282799,1
2854,31.711111,0.515533,0.853994,1.282702,1
2855,31.722222,0.515140,0.854007,1.282627,1
2856,31.733333,0.514813,0.854064,1.282386,1
2857,31.744444,0.514417,0.854053,1.282360,1
2858,31.755556,0.514087,0.854068,1.282253,1
2859,31.766667,0.513705,0.854050,1.282104,1
2860,31.777778,0.513428,0.854075,1.281935,1
2861,31.788889,0.513087,0.854067,1.281814,1
2862,31.800000,0.512759,0.854128,1.281701,1
2863,31.811111,0.512466,0.854163,1.281524,1
2864,31.822222,0.512188,0.854163,1.281345,1
2865,31.833333,0.511887,0.854144,1.281288,1
2866,31.844444,0.511545,0.854173,1.281114,1
2867,31.855556,0.511295,0.854156,1.280953,1
2868,31.866667,0.511056,0.854178,1.280866,1
2869,31.877778,0.510788,0.854201,1.280710,1
2870,31.888889,0.510556,0.854223,1.280565,1
2871,31.900000,0.510335,0.854183,1.280379,1
2872,31.911111,0.510177,0.854210,1.280212,1
2873,31.922222,0.510022,0.854177,1.280036,1
2874,31.933333,0.509890,0.854173,1.279938,1
2875,31.944444,0.509669,0.854102,1.279739,1
2876,31.955556,0.509502,0.854076,1.279559,1
2877,31.966667,0.509330,0.854067,1.279431,1
2878,31.977778,0.509159,0.854055,1.279217,1
2879,31.988889,0.509021,0.854050,1.279097,1
2880,32.000000,0.508865,0.854049,1.278952,1
2881,32.011111,0.508743,0.854078,1.278684,1
2882,32.022222,0.508654,0.854116,1.278464,1
2883,32.033333,0.508492,0.854143,1.278342,1
2884,32.044444,0.508300,0.854231,1.278045,1
2885,32.055556,0.508123,0.854300,1.277837,1
2886,32.066667,0.507913,0.854417,1.277620,1
2887,32.077778,0.507608,0.854540,1.277380,1
2888,32.088889,0.507219,0.854677,1.277094,1
2889,32.100000,0.506826,0.854828,1.276852,1
2890,32.111111,0.506323,0.855063,1.276510,1
2891,32.122222,0.505748,0.855271,1.276231,1
2892,32.133333,0.505113,0.855409,1.276003,1
2893,32.144444,0.504152,0.855531,1.275791,1
2894,32.155556,0.503237,0.855670,1.275585,1
2895,32.166667,0.502092,0.855819,1.275245,1
2896,32.177778,0.500817,0.855884,1.275072,1
2897,32.188889,0.499489,0.856081,1.274905,1
2898,32.200000,0.497978,0.856415,1.274689,1
2899,32.211111,0.496283,0.856856,1.274318,1
2900,32.222222,0.494379,0.857112,1.274234,1
2901,32.233333,0.492489,0.857474,1.273995,1
2902,32.244444,0.490311,0.857824,1.273749,1
2903,32.255556,0.488111,0.858156,1.273574,1
2904,32.266667,0.485692,0.858420,1.273509,1
2905,32.277778,0.483183,0.858815,1.273350,1
2906,32.288889,0.480631,0.859120,1.273081,1
2907,32.300000,0.477744,0.859242,1.272850,1
2908,32.311111,0.475006,0.859420,1.272457,1
2909,32.322222,0.472134,0.859540,1.272079,1
2910,32.333333,0.469305,0.859624,1.271607,1
2911,32.344444,0.466277,0.860161,1.269575,1
2912,32.355556,0.463709,0.860201,1.268125,1
2913,32.366667,0.460709,0.859997,1.267538,1
2914,32.377778,0.457683,0.859555,1.266944,1
2915,32.388889,0.454689,0.859175,1.266387,1
2916,32.400000,0.451657,0.858665,1.265790,1
2917,32.411111,0.448573,0.858064,1.265161,1
2918,32.422222,0.445587,0.857676,1.264517,1
2919,32.433333,0.442422,0.857230,1.264073,1
2920,32.444444,0.439355,0.856849,1.263725,1
2921,32.455556,0.435947,0.856398,1.263399,1
2922,32.466667,0.432597,0.856004,1.263135,1
2923,32.477778,0.429063,0.855576,1.262845,1
2924,32.488889,0.425585,0.855411,1.262482,1
2925,32.500000,0.421878,0.855375,1.262124,1
2926,32.511111,0.418082,0.855385,1.261685,1
2927,32.522222,0.414273,0.855437,1.261318,1
2928,32.533333,0.410638,0.855539,1.260901,1
2929,32.544444,0.406957,0.855688,1.260339,1
2930,32.555556,0.403446,0.855848,1.259865,1
2931,32.566667,0.399963,0.856019,1.259081,1
2932,32.577778,0.396259,0.856096,1.257588,1
2933,32.588889,0.392751,0.855930,1.256883,1
2934,32.600000,0.389083,0.855855,1.255869,1
2935,32.611111,0.385269,0.855638,1.254899,1
2936,32.622222,0.381605,0.855456,1.253760,1
2937,32.633333,0.377922,0.855335,1.252606,1
2938,32.644444,0.374212,0.855495,1.251123,1
2939,32.655556,0.370623,0.855524,1.249797,1
2940,32.666667,0.367034,0.855754,1.248326,1
2941,32.677778,0.363612,0.856107,1.246764,1
2942,32.688889,0.360182,0.856661,1.245230,1
2943,32.700000,0.356812,0.857316,1.243649,1
2944,32.711111,0.353275,0.857933,1.241813,1
2945,32.722222,0.350003,0.858555,1.240129,1
2946,32.733333,0.346515,0.859132,1.238033,1
2947,32.744444,0.343278,0.859618,1.235926,1
2948,32.755556,0.339928,0.860176,1.233652,1
2949,32.766667,0.336551,0.860589,1.231256,1
2950,32.777778,0.333378,0.861004,1.228746,1
2951,32.788889,0.330136,0.861351,1.225797,1
2952,32.800000,0.326922,0.861341,1.222816,1
2953,32.811111,0.324698,0.861563,1.220050,1
2954,32.822222,0.322516,0.861788,1.217423,1
2955,32.833333,0.320161,0.861956,1.214492,1
2956,32.844444,0.317860,0.861876,1.211583,1
2957,32.855556,0.315459,0.861776,1.208374,1
2958,32.866667,0.312583,0.861560,1.204983,1
2959,32.877778,0.310067,0.861304,1.201599,1
2960,32.888889,0.307364,0.860944,1.197777,1
2961,32.900000,0.304694,0.860503,1.193927,1
2962,32.911111,0.301906,0.860019,1.189923,1
2963,32.922222,0.299242,0.859558,1.185959,1
2964,32.933333,0.296605,0.859157,1.181860,1
2965,32.944444,0.294309,0.858853,1.177406,1
2966,32.955556,0.291861,0.858504,1.173106,1
2967,32.966667,0.289389,0.857971,1.168699,1
2968,32.977778,0.287101,0.857356,1.164321,1
2969,32.988889,0.284810,0.856716,1.159832,1
2970,33.000000,0.282573,0.856172,1.155255,1
2971,33.011111,0.280372,0.855409,1.150764,1
2972,33.022222,0.278262,0.855073,1.146070,1
2973,33.033333,0.276141,0.854377,1.141429,1
2974,33.044444,0.274112,0.853590,1.136745,1
2975,33.055556,0.272195,0.852799,1.132081,1
2976,33.066667,0.270272,0.852098,1.127262,1
2977,33.077778,0.268084,0.852685,1.122988,1
2978,33.088889,0.266210,0.851920,1.118154,1
2979,33.100000,0.264369,0.851020,1.113356,1
2980,33.111111,0.262709,0.850113,1.108615,1
2981,33.122222,0.260909,0.849196,1.103753,1
2982,33.133333,0.259591,0.848291,1.099253,1
2983,33.144444,0.257943,0.847262,1.094254,1
2984,33.155556,0.255919,0.845941,1.089183,1
2985,33.166667,0.254440,0.845051,1.083874,1
2986,33.177778,0.252579,0.844611,1.078060,1
2987,33.188889,0.250999,0.844559,1.072103,1
2988,33.200000,0.249849,0.844865,1.066379,1
2989,33.211111,0.248414,0.845485,1.060412,1
2990,33.222222,0.246792,0.846149,1.054456,1
2991,33.233333,0.245148,0.847013,1.048482,1
2992,33.244444,0.243468,0.847946,1.042391,1
2993,33.255556,0.241779,0.848942,1.036278,1
2994,33.266667,0.240127,0.849810,1.030211,1
2995,33.277778,0.238365,0.850682,1.024101,1
2996,33.288889,0.236596,0.851475,1.018039,1
2997,33.300000,0.234727,0.852354,1.011742,1
2998,33.311111,0.232846,0.853071,1.005631,1
2999,33.322222,0.230758,0.853839,0.999396,1
3000,33.333333,0.228918,0.854573,0.993231,1
3001,33.344444,0.226592,0.856859,0.988567,1
3002,33.355556,0.224537,0.857846,0.982191,1
3003,33.366667,0.222465,0.858731,0.975547,1
3004,33.377778,0.220238,0.859703,0.968791,1
3005,33.388889,0.218000,0.860524,0.962158,1
3006,33.400000,0.215722,0.861407,0.955471,1
3007,33.411111,0.213268,0.862344,0.948627,1
3008,33.422222,0.210705,0.863247,0.941728,1
3009,33.433333,0.208049,0.864167,0.934734,1
3010,33.444444,0.206169,0.865608,0.927614,1
3011,33.455556,0.203494,0.866416,0.920563,1
3012,33.466667,0.200855,0.867315,0.913422,1
3013,33.477778,0.198271,0.868224,0.906267,1
3014,33.488889,0.195554,0.869068,0.899024,1
3015,33.500000,0.192748,0.869773,0.891716,1
3016,33.511111,0.189923,0.870286,0.884422,1
3017,33.522222,0.187276,0.870746,0.877127,1
3018,33.533333,0.184535,0.871059,0.869823,1
3019,33.544444,0.181716,0.871249,0.862491,1
3020,33.555556,0.179020,0.871290,0.855166,1
3021,33.566667,0.176147,0.871099,0.847863,1
3022,33.577778,0.173307,0.870560,0.840796,1
3023,33.588889,0.170539,0.870290,0.833580,1
3024,33.600000,0.168296,0.869853,0.826705,1
3025,33.611111,0.165476,0.869485,0.819561,1
3026,33.622222,0.162676,0.869102,0.812402,1
3027,33.633333,0.159785,0.868694,0.805275,1
3028,33.644444,0.156862,0.868408,0.798130,1
3029,33.655556,0.153957,0.867904,0.791056,1
3030,33.666667,0.151105,0.867504,0.783908,1
3031,33.677778,0.148365,0.866996,0.777016,1
3032,33.688889,0.145609,0.866365,0.770194,1
3033,33.700000,0.142976,0.865705,0.763503,1
3034,33.711111,0.140270,0.864962,0.756864,1
3035,33.722222,0.137587,0.864080,0.750365,1
3036,33.733333,0.134954,0.863105,0.743981,1
3037,33.744444,0.132189,0.861953,0.737588,1
3038,33.755556,0.129270,0.860587,0.731087,1
3039,33.766667,0.126586,0.859251,0.725078,1
3040,33.777778,0.123868,0.857758,0.719250,1
3041,33.788889,0.121194,0.856255,0.713478,1
3042,33.800000,0.118428,0.854672,0.707654,1
3043,33.811111,0.115495,0.853185,0.701600,1
3044,33.822222,0.112304,0.852162,0.695422,1
3045,33.833333,0.108986,0.851465,0.689338,1
3046,33.844444,0.105441,0.850925,0.683339,1
3047,33.855556,0.102066,0.850671,0.677408,1
3048,33.866667,0.098792,0.850525,0.671456,1
3049,33.877778,0.095578,0.850532,0.665426,1
3050,33.888889,0.092375,0.850747,0.659398,1
3051,33.900000,0.089251,0.851163,0.653288,1
3052,33.911111,0.086170,0.851787,0.647319,1
3053,33.922222,0.083161,0.852563,0.641289,1
3054,33.933333,0.080152,0.853484,0.635214,1
3055,33.944444,0.077190,0.854667,0.629167,1
3056,33.955556,0.074403,0.855981,0.623089,1
3057,33.966667,0.071583,0.857349,0.616904,1
3058,33.977778,0.068751,0.858797,0.610598,1
3059,33.988889,0.065959,0.860620,0.604136,1
3060,34.000000,0.063486,0.862318,0.598076,1
3061,34.011111,0.060970,0.863914,0.591778,1
3062,34.022222,0.058477,0.865231,0.585406,1
3063,34.033333,0.055774,0.866412,0.578564,1
3064,34.044444,0.053072,0.867462,0.571578,1
3065,34.055556,0.050505,0.868517,0.564516,1
3066,34.066667,0.047871,0.869514,0.557214,1
3067,34.077778,0.045372,0.870438,0.549839,1
3068,34.088889,0.042898,0.871307,0.542421,1
3069,34.100000,0.040275,0.872489,0.534820,1
3070,34.111111,0.037877,0.873272,0.527414,1
3071,34.122222,0.035899,0.873889,0.520416,1
3072,34.133333,0.033545,0.874492,0.512853,1
3073,34.144444,0.031208,0.874849,0.505296,1
3074,34.155556,0.028882,0.875152,0.497639,1
3075,34.166667,0.026536,0.875277,0.490014,1
3076,34.177778,0.024245,0.875323,0.482374,1
3077,34.188889,0.022036,0.875234,0.474734,1
3078,34.200000,0.019711,0.874961,0.467026,1
3079,34.211111,0.017575,0.874559,0.459284,1
3080,34.222222,0.015519,0.874063,0.451543,1
3081,34.233333,0.013580,0.873517,0.443757,1
3082,34.244444,0.011562,0.873217,0.435730,1
3083,34.255556,0.009894,0.872620,0.427883,1
3084,34.266667,0.008312,0.871979,0.420024,1
3085,34.277778,0.006862,0.871289,0.412164,1
3086,34.288889,0.005532,0.870513,0.404322,1
3087,34.300000,0.002318,0.868625,0.395824,1
3088,34.311111,0.001308,0.867843,0.388360,1
3089,34.322222,0.000270,0.867080,0.380732,1
3090,34.333333,-0.000542,0.866383,0.373256,1
3091,34.344444,-0.001332,0.865686,0.365829,1
3092,34.355556,-0.002073,0.864928,0.358409,1
3093,34.366667,-0.002681,0.864095,0.351088,1
3094,34.377778,-0.003127,0.863260,0.343976,1
3095,34.388889,-0.003618,0.862310,0.336919,1
3096,34.400000,-0.003943,0.861257,0.329972,1
3097,34.411111,-0.004185,0.860062,0.323138,1
3098,34.422222,-0.004384,0.858887,0.316375,1
3099,34.433333,-0.004476,0.857656,0.309690,1
3100,34.444444,-0.004485,0.856322,0.303094,1
3101,34.455556,-0.004458,0.854955,0.296466,1
3102,34.466667,-0.004365,0.853564,0.289909,1
3103,34.477778,-0.004098,0.852207,0.283353,1
3104,34.488889,-0.004017,0.850906,0.276355,1
3105,34.500000,-0.003336,0.850271,0.269176,1
3106,34.511111,-0.002741,0.850000,0.261718,1
3107,34.522222,-0.002047,0.850116,0.254039,1
3108,34.533333,-0.001413,0.850269,0.246720,1
3109,34.544444,-0.000720,0.850798,0.239560,1
3110,34.555556,-0.000107,0.851641,0.232394,1
3111,34.566667,0.000273,0.852798,0.225154,1
3112,34.577778,0.000740,0.854175,0.217875,1
3113,34.588889,0.001104,0.855651,0.210569,1
3114,34.600000,0.001558,0.857202,0.203269,1
3115,34.611111,0.001943,0.858746,0.195950,1
3116,34.622222,0.002469,0.860170,0.188591,1
3117,34.633333,0.002960,0.861568,0.181045,1
3118,34.644444,0.003510,0.862856,0.173392,1
3119,34.655556,0.003890,0.864037,0.165738,1
3120,34.666667,0.004221,0.865107,0.158177,1
3121,34.677778,0.004482,0.866067,0.150492,1
3122,34.688889,0.004468,0.866986,0.142693,1
3123,34.700000,0.004297,0.867996,0.134799,1
3124,34.711111,0.004209,0.868768,0.126878,1
3125,34.722222,0.003922,0.869471,0.118784,1
3126,34.733333,0.003546,0.870149,0.110619,1
3127,34.744444,0.003192,0.870858,0.102368,1
3128,34.755556,0.002780,0.871574,0.094077,1
3129,34.766667,0.002317,0.872274,0.085763,1
3130,34.777778,0.001842,0.872872,0.077482,1
3131,34.788889,0.001464,0.873441,0.069141,1
3132,34.800000,0.001033,0.873890,0.060835,1
3133,34.811111,0.000213,0.874132,0.052276,1
3134,34.822222,-0.000316,0.874427,0.043943,1
3135,34.833333,-0.000803,0.874615,0.035665,1
3136,34.844444,-0.001347,0.874788,0.027395,1
3137,34.855556,-0.001957,0.874763,0.019227,1
3138,34.866667,-0.002505,0.874607,0.011189,1
3139,34.877778,-0.003170,0.874430,0.003130,1
3140,34.888889,-0.003772,0.874305,-0.004877,1
3141,34.900000,-0.004434,0.874160,-0.012732,1
3142,34.911111,-0.005170,0.873998,-0.020615,1
3143,34.922222,-0.005981,0.874521,-0.028572,1
3144,34.933333,-0.006778,0.874440,-0.036361,1
3145,34.944444,-0.007645,0.874250,-0.043984,1
3146,34.955556,-0.008560,0.874116,-0.051548,1
3147,34.966667,-0.009581,0.874029,-0.059451,1
3148,34.977778,-0.010538,0.873905,-0.066897,1
3149,34.988889,-0.011473,0.873692,-0.074198,1
3150,35.000000,-0.012484,0.873418,-0.081413,1
3151,35.011111,-0.013492,0.873157,-0.088530,1
3152,35.022222,-0.014545,0.872874,-0.095586,1
3153,35.033333,-0.015637,0.872483,-0.102559,1
3154,35.044444,-0.016880,0.872018,-0.109369,1
3155,35.055556,-0.018070,0.871519,-0.116042,1
3156,35.066667,-0.019362,0.870910,-0.122672,1
3157,35.077778,-0.020750,0.870197,-0.129236,1
3158,35.088889,-0.022218,0.869360,-0.135709,1
3159,35.100000,-0.023722,0.868500,-0.142094,1
3160,35.111111,-0.025267,0.867483,-0.148360,1
3161,35.122222,-0.026830,0.866377,-0.154650,1
3162,35.133333,-0.028444,0.865291,-0.160827,1
3163,35.144444,-0.030118,0.864132,-0.167070,1
3164,35.155556,-0.031710,0.863011,-0.173184,1
3165,35.166667,-0.033247,0.861846,-0.179292,1
3166,35.177778,-0.034870,0.860657,-0.185376,1
3167,35.188889,-0.036465,0.859497,-0.191447,1
3168,35.200000,-0.038062,0.858258,-0.197522,1
3169,35.211111,-0.039838,0.857165,-0.203862,1
3170,35.222222,-0.041932,0.856530,-0.210528,1
3171,35.233333,-0.044137,0.856308,-0.217243,1
3172,35.244444,-0.046415,0.856309,-0.223826,1
3173,35.255556,-0.048512,0.856328,-0.230266,1
3174,35.266667,-0.050647,0.856589,-0.236621,1
3175,35.277778,-0.052893,0.857221,-0.243124,1
3176,35.288889,-0.055106,0.858174,-0.249728,1
3177,35.300000,-0.057301,0.859294,-0.256178,1
3178,35.311111,-0.059602,0.860590,-0.262783,1
3179,35.322222,-0.061824,0.861976,-0.269411,1
3180,35.333333,-0.064038,0.863400,-0.276084,1
3181,35.344444,-0.066210,0.864741,-0.282940,1
3182,35.355556,-0.068402,0.866009,-0.289801,1
3183,35.366667,-0.070628,0.867054,-0.296767,1
3184,35.377778,-0.072869,0.867986,-0.303860,1
3185,35.388889,-0.075090,0.868799,-0.310975,1
3186,35.400000,-0.077211,0.869476,-0.318218,1
3187,35.411111,-0.079375,0.870010,-0.325394,1
3188,35.422222,-0.081567,0.870433,-0.332715,1
3189,35.433333,-0.083792,0.870836,-0.340057,1
3190,35.444444,-0.085965,0.871342,-0.347528,1
3191,35.455556,-0.088074,0.871850,-0.355041,1
3192,35.466667,-0.090178,0.872303,-0.362663,1
3193,35.477778,-0.092185,0.872848,-0.370326,1
3194,35.488889,-0.094050,0.873451,-0.378054,1
3195,35.500000,-0.096059,0.873967,-0.385836,1
3196,35.511111,-0.098125,0.874511,-0.393566,1
3197,35.522222,-0.100282,0.875045,-0.401466,1
3198,35.533333,-0.102309,0.875552,-0.409217,1
3199,35.544444,-0.104314,0.876027,-0.417081,1
3200,35.555556,-0.106454,0.876524,-0.424933,1
3201,35.566667,-0.108524,0.876896,-0.432746,1
3202,35.577778,-0.110650,0.877168,-0.440549,1
3203,35.588889,-0.112767,0.877397,-0.448380,1
3204,35.600000,-0.114940,0.877557,-0.456272,1
3205,35.611111,-0.116923,0.877599,-0.463958,1
3206,35.622222,-0.119002,0.877594,-0.471709,1
3207,35.633333,-0.121062,0.877494,-0.479441,1
3208,35.644444,-0.122968,0.877305,-0.487153,1
3209,35.655556,-0.124840,0.877038,-0.494764,1
3210,35.666667,-0.126656,0.876840,-0.502438,1
3211,35.677778,-0.128386,0.876557,-0.510058,1
3212,35.688889,-0.130062,0.876196,-0.517643,1
3213,35.700000,-0.131657,0.875893,-0.525129,1
3214,35.711111,-0.133201,0.875569,-0.532583,1
3215,35.722222,-0.134598,0.875141,-0.539995,1
3216,35.733333,-0.135963,0.874721,-0.547371,1
3217,35.744444,-0.137257,0.874227,-0.554588,1
3218,35.755556,-0.138424,0.873739,-0.561737,1
3219,35.766667,-0.139582,0.873268,-0.568847,1
3220,35.777778,-0.140612,0.872820,-0.575913,1
3221,35.788889,-0.141591,0.872281,-0.582782,1
3222,35.800000,-0.142424,0.871646,-0.589548,1
3223,35.811111,-0.143248,0.870808,-0.596266,1
3224,35.822222,-0.143994,0.869961,-0.602802,1
3225,35.833333,-0.144646,0.868978,-0.609292,1
3226,35.844444,-0.145153,0.867872,-0.615674,1
3227,35.855556,-0.145694,0.866656,-0.621961,1
3228,35.866667,-0.146186,0.865395,-0.628133,1
3229,35.877778,-0.146661,0.864062,-0.634272,1
3230,35.888889,-0.147101,0.862672,-0.640393,1
3231,35.900000,-0.147543,0.861191,-0.646500,1
3232,35.911111,-0.147912,0.859625,-0.652553,1
3233,35.922222,-0.148321,0.858086,-0.658667,1
3234,35.933333,-0.148719,0.856719,-0.665103,1
3235,35.944444,-0.148997,0.855716,-0.671889,1
3236,35.955556,-0.149261,0.855085,-0.678885,1
3237,35.966667,-0.149560,0.854684,-0.685749,1
3238,35.977778,-0.149737,0.854409,-0.692382,1
3239,35.988889,-0.150044,0.854495,-0.698916,1
3240,36.000000,-0.150496,0.854875,-0.705482,1
3241,36.011111,-0.150865,0.855611,-0.712072,1
3242,36.022222,-0.151327,0.856478,-0.718633,1
3243,36.033333,-0.151768,0.857442,-0.725075,1
3244,36.044444,-0.152181,0.858592,-0.731393,1
3245,36.055556,-0.152768,0.859940,-0.737599,1
3246,36.066667,-0.153494,0.861479,-0.743348,1
3247,36.077778,-0.154491,0.862827,-0.749499,1
3248,36.088889,-0.155509,0.863955,-0.755790,1
3249,36.100000,-0.154931,0.864257,-0.765214,1
3250,36.111111,-0.155453,0.865298,-0.771810,1
3251,36.122222,-0.156074,0.866379,-0.778769,1
3252,36.133333,-0.156757,0.867407,-0.785745,1
3253,36.144444,-0.157454,0.868349,-0.792841,1
3254,36.155556,-0.158374,0.869162,-0.800047,1
3255,36.166667,-0.159477,0.869936,-0.807327,1
3256,36.177778,-0.160727,0.870486,-0.814662,1
3257,36.188889,-0.161981,0.871037,-0.821949,1
3258,36.200000,-0.163469,0.871614,-0.829585,1
3259,36.211111,-0.164933,0.872323,-0.837185,1
3260,36.222222,-0.166457,0.873219,-0.844882,1
3261,36.233333,-0.168028,0.873987,-0.852736,1
3262,36.244444,-0.169044,0.875052,-0.860409,1
3263,36.255556,-0.170440,0.875695,-0.868289,1
3264,36.266667,-0.171774,0.876320,-0.876137,1
3265,36.277778,-0.173216,0.876795,-0.884125,1
3266,36.288889,-0.174904,0.877147,-0.892198,1
3267,36.300000,-0.176245,0.877355,-0.900023,1
3268,36.311111,-0.177639,0.877451,-0.907986,1
3269,36.322222,-0.179157,0.877438,-0.915863,1
3270,36.333333,-0.180663,0.877378,-0.923689,1
3271,36.344444,-0.182225,0.877125,-0.931440,1
3272,36.355556,-0.183779,0.876933,-0.939202,1
3273,36.366667,-0.185469,0.876662,-0.946796,1
3274,36.377778,-0.187144,0.876390,-0.954354,1
3275,36.388889,-0.189002,0.876096,-0.961826,1
3276,36.400000,-0.190874,0.875821,-0.969286,1
3277,36.411111,-0.192886,0.875499,-0.976504,1
3278,36.422222,-0.194903,0.875116,-0.983696,1
3279,36.433333,-0.197020,0.874684,-0.990832,1
3280,36.444444,-0.199125,0.874342,-0.997860,1
3281,36.455556,-0.201358,0.873902,-1.004722,1
3282,36.466667,-0.203651,0.873451,-1.011436,1
3283,36.477778,-0.205886,0.873011,-1.018063,1
3284,36.488889,-0.208183,0.872455,-1.024569,1
3285,36.500000,-0.210518,0.871818,-1.030921,1
3286,36.511111,-0.212832,0.871139,-1.037125,1
3287,36.522222,-0.215181,0.870321,-1.043265,1
3288,36.533333,-0.217451,0.869416,-1.049307,1
3289,36.544444,-0.219802,0.868375,-1.055238,1
3290,36.555556,-0.222150,0.867231,-1.061023,1
3291,36.566667,-0.224516,0.866012,-1.066625,1
3292,36.577778,-0.226918,0.864751,-1.072133,1
3293,36.588889,-0.229278,0.863435,-1.077493,1
3294,36.600000,-0.231726,0.861967,-1.082822,1
3295,36.611111,-0.234455,0.860690,-1.088371,1
3296,36.622222,-0.237559,0.859941,-1.094215,1
3297,36.633333,-0.240795,0.859564,-1.099888,1
3298,36.644444,-0.244040,0.859144,-1.105287,1
3299,36.655556,-0.247241,0.858802,-1.110613,1
3300,36.666667,-0.250535,0.858937,-1.115933,1
3301,36.677778,-0.253816,0.859360,-1.121400,1
3302,36.688889,-0.256926,0.860027,-1.126743,1
3303,36.700000,-0.260084,0.860938,-1.132215,1
3304,36.711111,-0.263222,0.862185,-1.137753,1
3305,36.722222,-0.266373,0.863596,-1.143322,1
3306,36.733333,-0.269302,0.865233,-1.148628,1
3307,36.744444,-0.272464,0.866761,-1.154380,1
3308,36.755556,-0.275516,0.867997,-1.160177,1
3309,36.766667,-0.278717,0.869095,-1.166061,1
3310,36.777778,-0.281793,0.870140,-1.172096,1
3311,36.788889,-0.284847,0.870923,-1.178219,1
3312,36.800000,-0.287829,0.871621,-1.184506,1
3313,36.811111,-0.290861,0.872202,-1.191039,1
3314,36.822222,-0.294111,0.872446,-1.197288,1
3315,36.833333,-0.298030,0.873342,-1.204210,1
3316,36.844444,-0.300710,0.874470,-1.210380,1
3317,36.855556,-0.303738,0.874995,-1.217415,1
3318,36.866667,-0.307965,0.875923,-1.223514,1
3319,36.877778,-0.310850,0.876360,-1.230716,1
3320,36.888889,-0.313693,0.876827,-1.238019,1
3321,36.900000,-0.316257,0.877642,-1.245342,1
3322,36.911111,-0.318948,0.878082,-1.252688,1
3323,36.922222,-0.321661,0.878509,-1.260010,1
3324,36.933333,-0.324281,0.878877,-1.267331,1
3325,36.944444,-0.327041,0.879253,-1.274580,1
3326,36.955556,-0.329720,0.879597,-1.282008,1
3327,36.966667,-0.332266,0.879816,-1.289559,1
3328,36.977778,-0.334598,0.879939,-1.297029,1
3329,36.988889,-0.337034,0.879996,-1.304667,1
3330,37.000000,-0.339402,0.879888,-1.312296,1
3331,37.011111,-0.341518,0.879727,-1.319881,1
3332,37.022222,-0.343724,0.879283,-1.327676,1
3333,37.033333,-0.345801,0.878965,-1.335325,1
3334,37.044444,-0.347758,0.878660,-1.342905,1
3335,37.055556,-0.349638,0.878205,-1.350371,1
3336,37.066667,-0.351475,0.877812,-1.357743,1
3337,37.077778,-0.352850,0.877427,-1.365219,1
3338,37.088889,-0.354012,0.877237,-1.372830,1
3339,37.100000,-0.355308,0.876714,-1.380321,1
3340,37.111111,-0.356558,0.875751,-1.387463,1
3341,37.122222,-0.357615,0.875801,-1.394823,1
3342,37.133333,-0.358886,0.875005,-1.401942,1
3343,37.144444,-0.359715,0.874306,-1.408951,1
3344,37.155556,-0.360503,0.873470,-1.415848,1
3345,37.166667,-0.361243,0.872513,-1.422698,1
3346,37.177778,-0.361841,0.871442,-1.429320,1
3347,37.188889,-0.362336,0.870085,-1.435854,1
3348,37.200000,-0.362911,0.868818,-1.442079,1
3349,37.211111,-0.363391,0.867456,-1.448278,1
3350,37.222222,-0.363722,0.865844,-1.454545,1
3351,37.233333,-0.364072,0.864268,-1.460597,1
3352,37.244444,-0.364568,0.862347,-1.467121,1
3353,37.255556,-0.364863,0.860533,-1.474064,1
3354,37.266667,-0.364839,0.859254,-1.481156,1
3355,37.277778,-0.364660,0.858374,-1.488216,1
3356,37.288889,-0.364476,0.857806,-1.495055,1
3357,37.300000,-0.364217,0.857440,-1.501509,1
3358,37.311111,-0.364012,0.857403,-1.507750,1
3359,37.322222,-0.363765,0.857665,-1.513930,1
3360,37.333333,-0.363565,0.858183,-1.520044,1
3361,37.344444,-0.363253,0.858905,-1.526094,1
3362,37.355556,-0.362908,0.859931,-1.532059,1
3363,37.366667,-0.362766,0.861061,-1.537695,1
3364,37.377778,-0.362401,0.862403,-1.543296,1
3365,37.388889,-0.361903,0.863839,-1.549016,1
3366,37.400000,-0.361442,0.865120,-1.554524,1
3367,37.411111,-0.360896,0.866425,-1.559880,1
3368,37.422222,-0.360038,0.867507,-1.564950,1
3369,37.433333,-0.359912,0.868375,-1.571370,1
3370,37.444444,-0.359176,0.869211,-1.577103,1
3371,37.455556,-0.358437,0.870127,-1.582715,1
3372,37.466667,-0.358114,0.870946,-1.588301,1
3373,37.477778,-0.358502,0.871757,-1.594325,1
3374,37.488889,-0.358765,0.872012,-1.600177,1
3375,37.500000,-0.359370,0.872657,-1.606044,1
3376,37.511111,-0.360882,0.874216,-1.612613,1
3377,37.522222,-0.361291,0.875205,-1.618388,1
3378,37.533333,-0.361895,0.875859,-1.626001,1
3379,37.544444,-0.362080,0.876454,-1.630852,1
3380,37.555556,-0.363548,0.877122,-1.638391,1
3381,37.566667,-0.363946,0.877877,-1.644683,1
3382,37.577778,-0.363969,0.877658,-1.651117,1
3383,37.588889,-0.364361,0.877925,-1.657093,1
3384,37.600000,-0.364826,0.878091,-1.663151,1
3385,37.611111,-0.365534,0.878669,-1.669954,1
3386,37.622222,-0.365844,0.878976,-1.675574,1
3387,37.633333,-0.366218,0.878852,-1.681224,1
3388,37.644444,-0.367455,0.879067,-1.688489,1
3389,37.655556,-0.367840,0.879412,-1.695275,1
3390,37.666667,-0.367553,0.879148,-1.701733,1
3391,37.677778,-0.367543,0.879037,-1.707608,1
3392,37.688889,-0.367490,0.878847,-1.713661,1
3393,37.700000,-0.367494,0.878650,-1.719534,1
3394,37.711111,-0.367574,0.878456,-1.725438,1
3395,37.722222,-0.369015,0.878490,-1.730759,1
3396,37.733333,-0.369192,0.878244,-1.736458,1
3397,37.744444,-0.369450,0.878201,-1.742174,1
3398,37.755556,-0.370129,0.878401,-1.748276,1
3399,37.766667,-0.370756,0.878474,-1.754056,1
3400,37.777778,-0.371383,0.878544,-1.759756,1
3401,37.788889,-0.371818,0.878518,-1.765201,1
3402,37.800000,-0.372278,0.878114,-1.770170,1
3403,37.811111,-0.372529,0.877820,-1.774987,1
3404,37.822222,-0.372639,0.877241,-1.779333,1
3405,37.833333,-0.372863,0.877057,-1.784295,1
3406,37.844444,-0.372931,0.877208,-1.788681,1
3407,37.855556,-0.372490,0.876937,-1.793015,1
3408,37.866667,-0.370793,0.875668,-1.798234,1
3409,37.877778,-0.369321,0.875321,-1.805109,1
3410,37.888889,-0.369084,0.875608,-1.811416,1
3411,37.900000,-0.369385,0.876569,-1.817162,1
3412,37.911111,-0.369731,0.876508,-1.821845,1
3413,37.922222,-0.370536,0.876313,-1.825604,1
3414,37.933333,-0.371935,0.876199,-1.828214,1
3415,37.944444,-0.373148,0.875623,-1.831421,1
3416,37.955556,-0.374053,0.874311,-1.834717,1
3417,37.966667,-0.375109,0.875013,-1.835457,1
3418,37.977778,-0.376139,0.873868,-1.838673,1
3419,37.988889,-0.377314,0.872753,-1.841972,1
3420,38.000000,-0.380925,0.873449,-1.845120,1
3421,38.011111,-0.381994,0.872329,-1.848758,1
3422,38.022222,-0.383166,0.871431,-1.852921,1
3423,38.033333,-0.384514,0.870944,-1.857228,1
3424,38.044444,-0.386288,0.870632,-1.861338,1
3425,38.055556,-0.388359,0.870101,-1.865465,1
3426,38.066667,-0.390451,0.869722,-1.869394,1
3427,38.077778,-0.392773,0.869335,-1.873245,1
3428,38.088889,-0.395494,0.868812,-1.877296,1
3429,38.100000,-0.397226,0.868834,-1.881627,1
3430,38.111111,-0.399124,0.869070,-1.885514,1
3431,38.122222,-0.401078,0.869468,-1.889403,1
3432,38.133333,-0.403048,0.870249,-1.893396,1
3433,38.144444,-0.405012,0.871034,-1.897532,1
3434,38.155556,-0.406931,0.871820,-1.901671,1
3435,38.166667,-0.409173,0.872315,-1.906109,1
3436,38.177778,-0.411234,0.872922,-1.910682,1
3437,38.188889,-0.413099,0.873638,-1.914912,1
3438,38.200000,-0.414742,0.874412,-1.918774,1
3439,38.211111,-0.416410,0.875187,-1.922518,1
3440,38.222222,-0.417983,0.875846,-1.926442,1
3441,38.233333,-0.419613,0.876482,-1.930300,1
3442,38.244444,-0.421215,0.877127,-1.934157,1
3443,38.255556,-0.422214,0.877828,-1.937706,1
3444,38.266667,-0.423009,0.878066,-1.940895,1
3445,38.277778,-0.424486,0.878392,-1.945002,1
3446,38.288889,-0.425918,0.878835,-1.949031,1
3447,38.300000,-0.427198,0.879121,-1.953158,1
3448,38.311111,-0.428233,0.879130,-1.957213,1
3449,38.322222,-0.429124,0.879073,-1.961210,1
3450,38.333333,-0.429900,0.879201,-1.965229,1
3451,38.344444,-0.430931,0.879170,-1.969394,1
3452,38.355556,-0.431844,0.879416,-1.973470,1
3453,38.366667,-0.432241,0.879997,-1.977773,1
3454,38.377778,-0.432658,0.880574,-1.982023,1
3455,38.388889,-0.433085,0.881373,-1.986278,1
3456,38.400000,-0.433922,0.882024,-1.990248,1
3457,38.411111,-0.434832,0.882815,-1.994102,1
3458,38.422222,-0.435700,0.883100,-1.998227,1
3459,38.433333,-0.436666,0.883580,-2.001938,1
3460,38.444444,-0.437368,0.884955,-2.005739,1
3461,38.455556,-0.437777,0.886841,-2.009675,1
3462,38.466667,-0.437985,0.888949,-2.013553,1
3463,38.477778,-0.438456,0.890413,-2.017160,1
3464,38.488889,-0.439156,0.891076,-2.020819,1
3465,38.500000,-0.440108,0.891257,-2.024607,1
3466,38.511111,-0.441147,0.891169,-2.028020,1
3467,38.522222,-0.442288,0.890681,-2.031580,1
3468,38.533333,-0.443717,0.890221,-2.035458,1
3469,38.544444,-0.445494,0.890166,-2.039290,1
3470,38.555556,-0.446514,0.889260,-2.041825,1
3471,38.566667,-0.448020,0.889058,-2.045500,1
3472,38.577778,-0.449009,0.889030,-2.048813,1
3473,38.588889,-0.449605,0.888750,-2.051881,1
3474,38.600000,-0.443149,0.890401,-2.058609,1
3475,38.611111,-0.441496,0.890305,-2.061827,1
3476,38.622222,-0.441830,0.889792,-2.064782,1
3477,38.633333,-0.442706,0.888922,-2.068008,1
3478,38.644444,-0.443873,0.887940,-2.070959,1
3479,38.655556,-0.444876,0.887286,-2.074037,1
3480,38.666667,-0.444888,0.886309,-2.076083,1
3481,38.677778,-0.445715,0.885948,-2.078813,1
3482,38.688889,-0.445941,0.885343,-2.081217,1
3483,38.700000,-0.446255,0.885013,-2.083573,1
3484,38.711111,-0.446055,0.884085,-2.085343,1
3485,38.722222,-0.445829,0.883315,-2.087110,1
3486,38.733333,-0.445307,0.882286,-2.088378,1
3487,38.744444,-0.445064,0.881251,-2.090410,1
3488,38.755556,-0.444359,0.879955,-2.091465,1
3489,38.766667,-0.443942,0.878993,-2.092510,1
3490,38.777778,-0.443396,0.878632,-2.094024,1
3491,38.788889,-0.442556,0.878455,-2.095246,1
3492,38.800000,-0.441778,0.878655,-2.096720,1
3493,38.811111,-0.441121,0.878984,-2.098214,1
3494,38.822222,-0.440527,0.879595,-2.100051,1
3495,38.833333,-0.440171,0.879744,-2.101118,1
3496,38.844444,-0.439796,0.880343,-2.102865,1
3497,38.855556,-0.439295,0.880784,-2.104347,1
3498,38.866667,-0.439041,0.881383,-2.105886,1
3499,38.877778,-0.438418,0.881743,-2.107345,1
3500,38.888889,-0.438091,0.882348,-2.109478,1
3501,38.900000,-0.437709,0.882805,-2.111535,1
3502,38.911111,-0.437720,0.882194,-2.113112,1
3503,38.922222,-0.437655,0.881945,-2.117514,1
3504,38.933333,-0.437630,0.881309,-2.120289,1
3505,38.944444,-0.438005,0.880862,-2.121748,1
3506,38.955556,-0.438252,0.880945,-2.123144,1
3507,38.966667,-0.438483,0.881659,-2.124806,1
3508,38.977778,-0.438546,0.882620,-2.126608,1
3509,38.988889,-0.438792,0.883580,-2.128035,1
3510,39.000000,-0.439460,0.884238,-2.129835,1
3511,39.011111,-0.439822,0.884825,-2.131051,1
3512,39.022222,-0.440497,0.884804,-2.132734,1
3513,39.033333,-0.440899,0.884349,-2.134433,1
3514,39.044444,-0.442200,0.883584,-2.136155,1
3515,39.055556,-0.443227,0.882259,-2.137411,1
3516,39.066667,-0.444649,0.881007,-2.138481,1
3517,39.077778,-0.445643,0.879732,-2.139319,1
3518,39.088889,-0.446127,0.878580,-2.140140,1
3519,39.100000,-0.446117,0.882122,-2.139800,1
3520,39.111111,-0.445153,0.882208,-2.141826,1
3521,39.122222,-0.444204,0.882834,-2.144021,1
3522,39.133333,-0.443461,0.883206,-2.145608,1
3523,39.144444,-0.443258,0.883583,-2.146814,1
3524,39.155556,-0.443068,0.884093,-2.148088,1
3525,39.166667,-0.443135,0.884547,-2.149008,1
3526,39.177778,-0.443685,0.884748,-2.149883,1
3527,39.188889,-0.444307,0.885180,-2.150840,1
3528,39.200000,-0.444740,0.885394,-2.151590,1
3529,39.211111,-0.445138,0.885590,-2.152492,1
3530,39.222222,-0.445587,0.885728,-2.153125,1
3531,39.233333,-0.445940,0.885905,-2.153980,1
3532,39.244444,-0.446308,0.885940,-2.154581,1
3533,39.255556,-0.446359,0.886179,-2.154540,1
3534,39.266667,-0.446762,0.886278,-2.154944,1
3535,39.277778,-0.447078,0.886198,-2.155400,1
3536,39.288889,-0.447203,0.886026,-2.155807,1
3537,39.300000,-0.447185,0.885041,-2.155468,1
3538,39.311111,-0.447705,0.884229,-2.155489,1
3539,39.322222,-0.448523,0.883017,-2.155835,1
3540,39.333333,-0.450064,0.881326,-2.155470,1
3541,39.344444,-0.451876,0.879516,-2.154970,1
3542,39.355556,-0.453783,0.877880,-2.154256,1
3543,39.366667,-0.455275,0.877165,-2.153784,1
3544,39.377778,-0.455943,0.876903,-2.153565,1
3545,39.388889,-0.456729,0.876738,-2.153370,1
3546,39.400000,-0.456394,0.876606,-2.153867,1
3547,39.411111,-0.456707,0.876512,-2.153750,1
3548,39.422222,-0.456780,0.876417,-2.154128,1
3549,39.433333,-0.456777,0.876265,-2.154264,1
3550,39.444444,-0.457026,0.876245,-2.154496,1
3551,39.455556,-0.457300,0.876091,-2.154552,1
3552,39.466667,-0.457410,0.876054,-2.154948,1
3553,39.477778,-0.457778,0.876139,-2.155328,1
3554,39.488889,-0.457984,0.875978,-2.155403,1
3555,39.500000,-0.458113,0.875863,-2.155324,1
3556,39.511111,-0.458126,0.875807,-2.155416,1
3557,39.522222,-0.458344,0.875730,-2.155575,1
3558,39.533333,-0.458460,0.875732,-2.155913,1
3559,39.544444,-0.457619,0.879968,-2.155032,1
3560,39.555556,-0.456250,0.880824,-2.156607,1
3561,39.566667,-0.455162,0.882059,-2.158513,1
3562,39.577778,-0.453951,0.882649,-2.159238,1
3563,39.588889,-0.453179,0.883117,-2.159881,1
3564,39.600000,-0.452923,0.883585,-2.160522,1
3565,39.611111,-0.452746,0.883760,-2.160652,1
3566,39.622222,-0.452693,0.883984,-2.161261,1
3567,39.633333,-0.452840,0.884446,-2.161921,1
3568,39.644444,-0.452693,0.884487,-2.162192,1
3569,39.655556,-0.452721,0.884479,-2.162335,1
3570,39.666667,-0.452638,0.884540,-2.162381,1
3571,39.677778,-0.452517,0.884608,-2.162672,1
3572,39.688889,-0.452331,0.884574,-2.162701,1
3573,39.700000,-0.452438,0.884346,-2.162545,1
3574,39.711111,-0.452249,0.884358,-2.162764,1
3575,39.722222,-0.452331,0.884144,-2.162633,1
3576,39.733333,-0.452136,0.884252,-2.162951,1
3577,39.744444,-0.451908,0.884258,-2.162967,1
3578,39.755556,-0.452026,0.884104,-2.162708,1
3579,39.766667,-0.452129,0.884434,-2.163392,1
3580,39.777778,-0.451941,0.884446,-2.163359,1
3581,39.788889,-0.452018,0.884459,-2.163274,1
3582,39.800000,-0.452058,0.884381,-2.163167,1
3583,39.811111,-0.451833,0.884447,-2.163299,1
3584,39.822222,-0.451879,0.884315,-2.163079,1
3585,39.833333,-0.452129,0.884589,-2.163462,1
3586,39.844444,-0.452095,0.884515,-2.163480,1
3587,39.855556,-0.452270,0.884628,-2.163728,1
3588,39.866667,-0.452244,0.884623,-2.163700,1
3589,39.877778,-0.452163,0.884636,-2.163885,1
3590,39.888889,-0.452036,0.884685,-2.164025,1
3591,39.900000,-0.451796,0.884792,-2.164092,1
3592,39.911111,-0.451586,0.884756,-2.164053,1
3593,39.922222,-0.451479,0.884688,-2.163980,1
3594,39.933333,-0.451381,0.884708,-2.164080,1
3595,39.944444,-0.451244,0.884729,-2.164318,1
3596,39.955556,-0.451200,0.884648,-2.164420,1
3597,39.966667,-0.450782,0.884699,-2.164918,1
3598,39.977778,-0.450863,0.884098,-2.164553,1
3599,39.988889,-0.451126,0.883223,-2.164365,1
3600,40.000000,-0.451882,0.882016,-2.164096,1
3601,40.011111,-0.453273,0.880567,-2.163903,1
3602,40.022222,-0.454685,0.879005,-2.163037,1
3603,40.033333,-0.455800,0.877743,-2.161857,1
3604,40.044444,-0.456661,0.877074,-2.161420,1
3605,40.055556,-0.456893,0.876767,-2.160858,1
3606,40.066667,-0.456102,0.881218,-2.160124,1
3607,40.077778,-0.454142,0.881975,-2.161510,1
3608,40.088889,-0.452264,0.882762,-2.163039,1
3609,40.100000,-0.450908,0.883446,-2.164127,1
3610,40.111111,-0.449925,0.883965,-2.164858,1
3611,40.122222,-0.449174,0.884185,-2.164947,1
3612,40.133333,-0.448855,0.884485,-2.165519,1
3613,40.144444,-0.448687,0.884675,-2.165930,1
3614,40.155556,-0.448430,0.884741,-2.165954,1
3615,40.166667,-0.448254,0.884744,-2.166074,1
3616,40.177778,-0.448024,0.884915,-2.166228,1
3617,40.188889,-0.447809,0.885001,-2.166289,1
3618,40.200000,-0.447541,0.884804,-2.166200,1
3619,40.211111,-0.447456,0.884174,-2.165863,1
3620,40.222222,-0.447707,0.883353,-2.165678,1
3621,40.233333,-0.448575,0.882088,-2.165372,1
3622,40.244444,-0.449994,0.880515,-2.164726,1
3623,40.255556,-0.451595,0.879005,-2.163933,1
3624,40.266667,-0.453048,0.877755,-2.163124,1
3625,40.277778,-0.453792,0.877193,-2.162743,1
3626,40.288889,-0.453156,0.881279,-2.161718,1
3627,40.300000,-0.451443,0.882113,-2.162855,1
3628,40.311111,-0.449584,0.883008,-2.164442,1
3629,40.322222,-0.448086,0.883644,-2.165408,1
3630,40.333333,-0.447133,0.884177,-2.166189,1
3631,40.344444,-0.446568,0.884566,-2.166578,1
3632,40.355556,-0.446262,0.884795,-2.166824,1
3633,40.366667,-0.445998,0.884959,-2.166829,1
3634,40.377778,-0.445838,0.885076,-2.166906,1
3635,40.388889,-0.445674,0.885210,-2.166987,1
3636,40.400000,-0.445458,0.885324,-2.167056,1
3637,40.411111,-0.445427,0.885276,-2.167229,1
3638,40.422222,-0.445383,0.885131,-2.167029,1
3639,40.433333,-0.445293,0.885121,-2.167074,1
3640,40.444444,-0.445094,0.885095,-2.166992,1
3641,40.455556,-0.445075,0.885143,-2.167085,1
3642,40.466667,-0.445014,0.885095,-2.167091,1
3643,40.477778,-0.444996,0.885088,-2.167158,1
3644,40.488889,-0.444851,0.885182,-2.167106,1
3645,40.500000,-0.444692,0.885303,-2.167252,1
3646,40.511111,-0.444521,0.885431,-2.167401,1
3647,40.522222,-0.444630,0.885245,-2.166981,1
3648,40.533333,-0.444321,0.885527,-2.167375,1
3649,40.544444,-0.444329,0.885513,-2.167135,1
3650,40.555556,-0.444566,0.885909,-2.167574,1
3651,40.566667,-0.444665,0.886092,-2.167764,1
3652,40.577778,-0.444483,0.885938,-2.167260,1
3653,40.588889,-0.444310,0.885907,-2.166982,1
3654,40.600000,-0.444534,0.886207,-2.167292,1
3655,40.611111,-0.444603,0.886210,-2.167141,1
3656,40.622222,-0.444550,0.886390,-2.167476,1
3657,40.633333,-0.444782,0.886706,-2.167859,1
3658,40.644444,-0.444770,0.886794,-2.167780,1
3659,40.655556,-0.444709,0.886866,-2.168001,1
3660,40.666667,-0.445089,0.887321,-2.168695,1
3661,40.677778,-0.444945,0.887312,-2.168600,1
3662,40.688889,-0.445030,0.887187,-2.168417,1
3663,40.700000,-0.444828,0.885894,-2.168926,1
3664,40.711111,-0.444938,0.886067,-2.169255,1
3665,40.722222,-0.445200,0.885986,-2.168802,1
3666,40.733333,-0.444957,0.885622,-2.168009,1
3667,40.744444,-0.445063,0.885895,-2.167909,1
3668,40.755556,-0.445121,0.885728,-2.167721,1
3669,40.766667,-0.445289,0.885593,-2.167286,1
3670,40.777778,-0.445560,0.885947,-2.167335,1
3671,40.788889,-0.445324,0.886005,-2.166862,1
3672,40.800000,-0.445658,0.886541,-2.166823,1
3673,40.811111,-0.445805,0.886388,-2.165907,1
3674,40.822222,-0.446592,0.886397,-2.165286,1
3675,40.833333,-0.447338,0.886146,-2.164503,1
3676,40.844444,-0.448485,0.885795,-2.163893,1
3677,40.855556,-0.449889,0.885627,-2.163583,1
3678,40.866667,-0.451007,0.884939,-2.162588,1
3679,40.877778,-0.452545,0.884143,-2.161357,1
3680,40.888889,-0.453944,0.883636,-2.160543,1
3681,40.900000,-0.456396,0.885285,-2.159061,1
3682,40.911111,-0.459953,0.888673,-2.158369,1
3683,40.922222,-0.462799,0.890643,-2.156628,1
3684,40.933333,,,,0
3685,40.944444,,,,0
3686,40.955556,,,,0
3687,40.966667,,,,0
3688,40.977778,,,,0
3689,40.988889,,,,0
3690,41.000000,,,,0
3691,41.011111,,,,0
3692,41.022222,,,,0
3693,41.033333,,,,0
3694,41.044444,,,,0
3695,41.055556,,,,0
3696,41.066667,,,,0
3697,41.077778,,,,0
3698,41.088889,,,,0
3699,41.100000,,,,0
3700,41.111111,,,,0
3701,41.122222,,,,0
3702,41.133333,,,,0
3703,41.144444,,,,0
3704,41.155556,,,,0
3705,41.166667,,,,0
3706,41.177778,,,,0
3707,41.188889,,,,0
3708,41.200000,,,,0
3709,41.211111,,,,0
3710,41.222222,,,,0
3711,41.233333,,,,0
3712,41.244444,,,,0
3713,41.255556,,,,0
3714,41.266667,,,,0
3715,41.277778,,,,0
3716,41.288889,,,,0
3717,41.300000,,,,0
3718,41.311111,,,,0
3719,41.322222,,,,0
3720,41.333333,,,,0
3721,41.344444,,,,0
3722,41.355556,,,,0
3723,41.366667,,,,0
3724,41.377778,,,,0
3725,41.388889,,,,0
3726,41.400000,,,,0
3727,41.411111,,,,0
3728,41.422222,,,,0
3729,41.433333,,,,0
3730,41.444444,,,,0
3731,41.455556,,,,0
3732,41.466667,,,,0
3733,41.477778,,,,0
3734,41.488889,,,,0
3735,41.500000,,,,0
3736,41.511111,,,,0
3737,41.522222,,,,0
3738,41.533333,,,,0
3739,41.544444,,,,0
3740,41.555556,,,,0
3741,41.566667,,,,0
3742,41.577778,,,,0
3743,41.588889,,,,0
3744,41.600000,,,,0
3745,41.611111,,,,0
3746,41.622222,,,,0
3747,41.633333,,,,0
3748,41.644444,,,,0
3749,41.655556,,,,0
3750,41.666667,,,,0
3751,41.677778,,,,0
3752,41.688889,,,,0
3753,41.700000,,,,0
3754,41.711111,,,,0
3755,41.722222,,,,0
3756,41.733333,,,,0
3757,41.744444,,,,0
3758,41.755556,,,,0
3759,41.766667,,,,0
3760,41.777778,,,,0
3761,41.788889,,,,0
3762,41.800000,,,,0
3763,41.811111,,,,0
3764,41.822222,,,,0
3765,41.833333,,,,0
3766,41.844444,,,,0
3767,41.855556,,,,0
3768,41.866667,,,,0
3769,41.877778,,,,0
3770,41.888889,,,,0
3771,41.900000,,,,0
3772,41.911111,,,,0
3773,41.922222,,,,0
3774,41.933333,,,,0
3775,41.944444,,,,0
3776,41.955556,,,,0
3777,41.966667,,,,0
3778,41.977778,,,,0
3779,41.988889,,,,0
3780,42.000000,,,,0
3781,42.011111,,,,0
3782,42.022222,,,,0
3783,42.033333,,,,0
3784,42.044444,,,,0
3785,42.055556,,,,0
3786,42.066667,,,,0
3787,42.077778,,,,0
3788,42.088889,,,,0
3789,42.100000,,,,0
3790,42.111111,,,,0
3791,42.122222,,,,0
3792,42.133333,,,,0
3793,42.144444,,,,0
3794,42.155556,,,,0
3795,42.166667,,,,0
3796,42.177778,,,,0
3797,42.188889,,,,0
3798,42.200000,,,,0
3799,42.211111,,,,0
3800,42.222222,,,,0
3801,42.233333,,,,0
3802,42.244444,,,,0
3803,42.255556,,,,0
3804,42.266667,,,,0
3805,42.277778,,,,0
3806,42.288889,,,,0
3807,42.300000,,,,0
3808,42.311111,,,,0
3809,42.322222,,,,0
3810,42.333333,,,,0
3811,42.344444,,,,0
3812,42.355556,,,,0
3813,42.366667,,,,0
3814,42.377778,,,,0
3815,42.388889,,,,0
3816,42.400000,,,,0
3817,42.411111,,,,0
3818,42.422222,,,,0
3819,42.433333,,,,0
3820,42.444444,,,,0
3821,42.455556,,,,0
3822,42.466667,,,,0
3823,42.477778,,,,0
3824,42.488889,,,,0
3825,42.500000,,,,0
3826,42.511111,,,,0
3827,42.522222,,,,0
3828,42.533333,,,,0
3829,42.544444,,,,0
3830,42.555556,,,,0
3831,42.566667,,,,0
3832,42.577778,,,,0
3833,42.588889,,,,0
3834,42.600000,,,,0
3835,42.611111,,,,0
3836,42.622222,,,,0
3837,42.633333,,,,0
3838,42.644444,,,,0
3839,42.655556,,,,0
3840,42.666667,,,,0
3841,42.677778,,,,0
3842,42.688889,,,,0
3843,42.700000,,,,0
3844,42.711111,,,,0
3845,42.722222,,,,0
3846,42.733333,,,,0
3847,42.744444,,,,0
3848,42.755556,,,,0
3849,42.766667,,,,0
3850,42.777778,,,,0
3851,42.788889,,,,0
3852,42.800000,,,,0
3853,42.811111,,,,0
3854,42.822222,,,,0
3855,42.833333,,,,0
3856,42.844444,,,,0
3857,42.855556,,,,0
3858,42.866667,,,,0
3859,42.877778,,,,0
3860,42.888889,,,,0
3861,42.900000,,,,0
3862,42.911111,,,,0
3863,42.922222,,,,0
3864,42.933333,,,,0
3865,42.944444,,,,0
3866,42.955556,,,,0
3867,42.966667,,,,0
3868,42.977778,,,,0
3869,42.988889,,,,0
3870,43.000000,,,,0
3871,43.011111,,,,0
3872,43.022222,,,,0
3873,43.033333,,,,0
3874,43.044444,,,,0
3875,43.055556,,,,0
3876,43.066667,,,,0
3877,43.077778,,,,0
3878,43.088889,,,,0
3879,43.100000,,,,0
3880,43.111111,,,,0
3881,43.122222,,,,0
3882,43.133333,,,,0
3883,43.144444,,,,0
3884,43.155556,,,,0
3885,43.166667,,,,0
3886,43.177778,,,,0
3887,43.188889,,,,0
3888,43.200000,,,,0
3889,43.211111,,,,0
3890,43.222222,,,,0
3891,43.233333,,,,0
3892,43.244444,,,,0
3893,43.255556,,,,0
3894,43.266667,,,,0
3895,43.277778,,,,0
3896,43.288889,,,,0
3897,43.300000,,,,0
3898,43.311111,,,,0
3899,43.322222,,,,0
3900,43.333333,,,,0
3901,43.344444,,,,0
3902,43.355556,,,,0
3903,43.366667,,,,0
3904,43.377778,,,,0
3905,43.388889,,,,0
3906,43.400000,,,,0
3907,43.411111,,,,0
3908,43.422222,,,,0
3909,43.433333,,,,0
3910,43.444444,,,,0
3911,43.455556,,,,0
3912,43.466667,,,,0
3913,43.477778,,,,0
3914,43.488889,,,,0
3915,43.500000,,,,0
3916,43.511111,,,,0
3917,43.522222,,,,0
3918,43.533333,,,,0
3919,43.544444,,,,0
3920,43.555556,,,,0
3921,43.566667,,,,0
3922,43.577778,,,,0
3923,43.588889,,,,0
3924,43.600000,,,,0
3925,43.611111,,,,0
3926,43.622222,,,,0
3927,43.633333,,,,0
3928,43.644444,,,,0
3929,43.655556,,,,0
3930,43.666667,,,,0
3931,43.677778,,,,0
3932,43.688889,,,,0
3933,43.700000,,,,0
3934,43.711111,,,,0
3935,43.722222,,,,0
3936,43.733333,,,,0
3937,43.744444,,,,0
3938,43.755556,,,,0
3939,43.766667,,,,0
3940,43.777778,,,,0
3941,43.788889,,,,0
3942,43.800000,,,,0
3943,43.811111,,,,0
3944,43.822222,,,,0
3945,43.833333,,,,0
3946,43.844444,,,,0
3947,43.855556,,,,0
3948,43.866667,,,,0
3949,43.877778,,,,0
3950,43.888889,,,,0
3951,43.900000,,,,0
3952,43.911111,,,,0
3953,43.922222,,,,0
3954,43.933333,,,,0
3955,43.944444,,,,0
3956,43.955556,,,,0
3957,43.966667,,,,0
3958,43.977778,,,,0
3959,43.988889,,,,0
3960,44.000000,,,,0
3961,44.011111,,,,0
3962,44.022222,,,,0
3963,44.033333,,,,0
3964,44.044444,,,,0
3965,44.055556,,,,0
3966,44.066667,,,,0
3967,44.077778,,,,0
3968,44.088889,,,,0
3969,44.100000,,,,0
3970,44.111111,,,,0
3971,44.122222,,,,0
3972,44.133333,,,,0
3973,44.144444,,,,0
3974,44.155556,,,,0
3975,44.166667,,,,0
3976,44.177778,,,,0
3977,44.188889,,,,0
3978,44.200000,,,,0
3979,44.211111,,,,0
3980,44.222222,,,,0
3981,44.233333,,,,0
3982,44.244444,,,,0
3983,44.255556,,,,0
3984,44.266667,,,,0
3985,44.277778,,,,0
3986,44.288889,,,,0
3987,44.300000,,,,0
3988,44.311111,,,,0
3989,44.322222,,,,0
3990,44.333333,,,,0
3991,44.344444,,,,0
3992,44.355556,,,,0
3993,44.366667,,,,0
3994,44.377778,,,,0
3995,44.388889,,,,0
3996,44.400000,,,,0
3997,44.411111,,,,0
3998,44.422222,,,,0
3999,44.433333,,,,0
4000,44.444444,,,,0
4001,44.455556,,,,0
4002,44.466667,,,,0
4003,44.477778,,,,0
4004,44.488889,,,,0
4005,44.500000,,,,0
4006,44.511111,,,,0
4007,44.522222,,,,0
4008,44.533333,,,,0
4009,44.544444,,,,0
4010,44.555556,,,,0
4011,44.566667,,,,0
4012,44.577778,,,,0
4013,44.588889,,,,0
4014,44.600000,,,,0
4015,44.611111,,,,0
4016,44.622222,,,,0
4017,44.633333,,,,0
4018,44.644444,,,,0
4019,44.655556,,,,0
4020,44.666667,,,,0
4021,44.677778,,,,0
4022,44.688889,,,,0
4023,44.700000,,,,0
4024,44.711111,,,,0
4025,44.722222,,,,0
4026,44.733333,,,,0
4027,44.744444,,,,0
4028,44.755556,,,,0
4029,44.766667,,,,0
4030,44.777778,,,,0
4031,44.788889,,,,0
4032,44.800000,,,,0
4033,44.811111,,,,0
4034,44.822222,,,,0
4035,44.833333,,,,0
4036,44.844444,,,,0
4037,44.855556,,,,0
4038,44.866667,,,,0
4039,44.877778,,,,0
4040,44.888889,,,,0
4041,44.900000,,,,0
4042,44.911111,,,,0
4043,44.922222,,,,0
4044,44.933333,,,,0
4045,44.944444,,,,0
4046,44.955556,,,,0
4047,44.966667,,,,0
4048,44.977778,,,,0
4049,44.988889,,,,0
4050,45.000000,,,,0
4051,45.011111,,,,0
4052,45.022222,,,,0
4053,45.033333,,,,0
4054,45.044444,,,,0
4055,45.055556,,,,0
4056,45.066667,,,,0
4057,45.077778,,,,0
4058,45.088889,,,,0
4059,45.100000,,,,0
4060,45.111111,,,,0
4061,45.122222,,,,0
4062,45.133333,,,,0
4063,45.144444,,,,0
4064,45.155556,,,,0
4065,45.166667,,,,0
4066,45.177778,,,,0
4067,45.188889,,,,0
4068,45.200000,,,,0
4069,45.211111,,,,0
4070,45.222222,,,,0
4071,45.233333,,,,0
4072,45.244444,,,,0
4073,45.255556,,,,0
4074,45.266667,,,,0
4075,45.277778,,,,0
4076,45.288889,,,,0
4077,45.300000,,,,0
4078,45.311111,,,,0
4079,45.322222,,,,0
4080,45.333333,,,,0
4081,45.344444,,,,0
4082,45.355556,,,,0
4083,45.366667,,,,0
4084,45.377778,,,,0
4085,45.388889,,,,0
4086,45.400000,,,,0
4087,45.411111,,,,0
4088,45.422222,,,,0
4089,45.433333,,,,0
4090,45.444444,,,,0
4091,45.455556,,,,0
4092,45.466667,,,,0
4093,45.477778,,,,0
4094,45.488889,,,,0
4095,45.500000,,,,0
4096,45.511111,,,,0
4097,45.522222,,,,0
4098,45.533333,,,,0
4099,45.544444,,,,0
4100,45.555556,,,,0
4101,45.566667,,,,0
4102,45.577778,,,,0
4103,45.588889,,,,0
4104,45.600000,,,,0
4105,45.611111,,,,0
4106,45.622222,,,,0
4107,45.633333,,,,0
4108,45.644444,,,,0
4109,45.655556,,,,0
4110,45.666667,,,,0
4111,45.677778,,,,0
4112,45.688889,,,,0
4113,45.700000,,,,0
4114,45.711111,,,,0
4115,45.722222,,,,0
4116,45.733333,,,,0
4117,45.744444,,,,0
4118,45.755556,,,,0
4119,45.766667,,,,0
4120,45.777778,,,,0
4121,45.788889,,,,0
4122,45.800000,,,,0
4123,45.811111,,,,0
4124,45.822222,,,,0
4125,45.833333,,,,0
4126,45.844444,,,,0
4127,45.855556,,,,0
4128,45.866667,,,,0
4129,45.877778,,,,0
4130,45.888889,,,,0
4131,45.900000,,,,0
4132,45.911111,,,,0
4133,45.922222,,,,0
4134,45.933333,,,,0
4135,45.944444,,,,0
4136,45.955556,,,,0
4137,45.966667,,,,0
4138,45.977778,,,,0
4139,45.988889,,,,0
4140,46.000000,,,,0
4141,46.011111,,,,0
4142,46.022222,,,,0
4143,46.033333,,,,0
4144,46.044444,,,,0
4145,46.055556,,,,0
4146,46.066667,,,,0
4147,46.077778,,,,0
4148,46.088889,,,,0
4149,46.100000,,,,0
4150,46.111111,,,,0
4151,46.122222,,,,0
4152,46.133333,,,,0
4153,46.144444,,,,0
4154,46.155556,,,,0
4155,46.166667,,,,0
4156,46.177778,,,,0
4157,46.188889,,,,0
4158,46.200000,,,,0
4159,46.211111,,,,0
4160,46.222222,,,,0
4161,46.233333,,,,0
4162,46.244444,,,,0
4163,46.255556,,,,0
4164,46.266667,,,,0
4165,46.277778,,,,0
4166,46.288889,,,,0
4167,46.300000,,,,0
4168,46.311111,,,,0
4169,46.322222,,,,0
4170,46.333333,,,,0
4171,46.344444,,,,0
4172,46.355556,,,,0
4173,46.366667,,,,0
4174,46.377778,,,,0
4175,46.388889,,,,0
4176,46.400000,,,,0
4177,46.411111,,,,0
4178,46.422222,,,,0
4179,46.433333,,,,0
4180,46.444444,,,,0
4181,46.455556,,,,0
4182,46.466667,,,,0
4183,46.477778,,,,0
4184,46.488889,,,,0
4185,46.500000,,,,0
4186,46.511111,,,,0
4187,46.522222,,,,0
4188,46.533333,,,,0
4189,46.544444,,,,0
4190,46.555556,,,,0
4191,46.566667,,,,0
4192,46.577778,,,,0
4193,46.588889,,,,0
4194,46.600000,,,,0
4195,46.611111,,,,0
4196,46.622222,,,,0
4197,46.633333,,,,0
4198,46.644444,,,,0
4199,46.655556,,,,0
4200,46.666667,,,,0
4201,46.677778,,,,0
4202,46.688889,-0.095022,0.879197,-1.247625,1
4203,46.700000,-0.093684,0.879352,-1.239514,1
4204,46.711111,-0.092298,0.879492,-1.231441,1
4205,46.722222,-0.090718,0.879854,-1.223502,1
4206,46.733333,-0.089520,0.879796,-1.215173,1
4207,46.744444,-0.088237,0.879773,-1.207038,1
4208,46.755556,-0.086992,0.879692,-1.198900,1
4209,46.766667,-0.085877,0.878970,-1.190330,1
4210,46.777778,-0.084706,0.878685,-1.182044,1
4211,46.788889,-0.083649,0.878297,-1.173779,1
4212,46.800000,-0.082654,0.877932,-1.165482,1
4213,46.811111,-0.081456,0.877537,-1.157524,1
4214,46.822222,-0.080589,0.877128,-1.149347,1
4215,46.833333,-0.079910,0.876550,-1.141230,1
4216,46.844444,-0.079464,0.875844,-1.132583,1
4217,46.855556,-0.078958,0.875162,-1.124649,1
4218,46.866667,-0.078345,0.874600,-1.116579,1
4219,46.877778,-0.077760,0.874058,-1.108585,1
4220,46.888889,-0.077284,0.873441,-1.100661,1
4221,46.900000,-0.076863,0.872904,-1.092870,1
4222,46.911111,-0.076541,0.872321,-1.085156,1
4223,46.922222,-0.076318,0.871690,-1.077531,1
4224,46.933333,-0.076073,0.871010,-1.070084,1
4225,46.944444,-0.075958,0.870191,-1.062722,1
4226,46.955556,-0.075888,0.869289,-1.055478,1
4227,46.966667,-0.075963,0.868208,-1.048328,1
4228,46.977778,-0.076025,0.867056,-1.041409,1
4229,46.988889,-0.076123,0.865837,-1.034530,1
4230,47.000000,-0.076281,0.864566,-1.027789,1
4231,47.011111,-0.076495,0.863200,-1.021129,1
4232,47.022222,-0.076747,0.861819,-1.014505,1
4233,47.033333,-0.077100,0.860489,-1.007855,1
4234,47.044444,-0.077401,0.859022,-1.001251,1
4235,47.055556,-0.077815,0.857568,-0.994534,1
4236,47.066667,-0.078297,0.856535,-0.987484,1
4237,47.077778,-0.079023,0.856022,-0.980177,1
4238,47.088889,-0.079855,0.855799,-0.972759,1
4239,47.100000,-0.080796,0.856021,-0.965443,1
4240,47.111111,-0.081696,0.856471,-0.958221,1
4241,47.122222,-0.082502,0.857128,-0.950958,1
4242,47.133333,-0.083120,0.858012,-0.943647,1
4243,47.144444,-0.083694,0.859113,-0.936363,1
4244,47.155556,-0.084347,0.860178,-0.929012,1
4245,47.166667,-0.084912,0.861202,-0.921614,1
4246,47.177778,-0.085550,0.862292,-0.914181,1
4247,47.188889,-0.086201,0.863352,-0.906571,1
4248,47.200000,-0.086693,0.864254,-0.898989,1
4249,47.211111,-0.087254,0.865283,-0.891324,1
4250,47.222222,-0.087713,0.866251,-0.883599,1
4251,47.233333,-0.088137,0.867164,-0.875596,1
4252,47.244444,-0.088491,0.868068,-0.867410,1
4253,47.255556,-0.088622,0.869125,-0.858985,1
4254,47.266667,-0.088643,0.870107,-0.850433,1
4255,47.277778,-0.088551,0.871262,-0.841593,1
4256,47.288889,-0.088350,0.872346,-0.832636,1
4257,47.300000,-0.088179,0.873419,-0.823610,1
4258,47.311111,-0.087883,0.874365,-0.814463,1
4259,47.322222,-0.087542,0.875281,-0.805244,1
4260,47.333333,-0.087251,0.876216,-0.795864,1
4261,47.344444,-0.087058,0.877062,-0.786549,1
4262,47.355556,-0.086806,0.877824,-0.777211,1
4263,47.366667,-0.086397,0.878566,-0.767755,1
4264,47.377778,-0.086099,0.879133,-0.758358,1
4265,47.388889,-0.085677,0.879566,-0.748945,1
4266,47.400000,-0.085323,0.880037,-0.739456,1
4267,47.411111,-0.084808,0.880330,-0.729889,1
4268,47.422222,-0.084364,0.880596,-0.720480,1
4269,47.433333,-0.083846,0.880638,-0.710960,1
4270,47.444444,-0.083427,0.880894,-0.701468,1
4271,47.455556,-0.082815,0.880656,-0.692064,1
4272,47.466667,-0.082139,0.880644,-0.682724,1
4273,47.477778,-0.081492,0.880686,-0.673434,1
4274,47.488889,-0.080757,0.880633,-0.664271,1
4275,47.500000,-0.080041,0.880596,-0.655018,1
4276,47.511111,-0.079217,0.880558,-0.645973,1
4277,47.522222,-0.078340,0.880522,-0.636984,1
4278,47.533333,-0.077468,0.880363,-0.628133,1
4279,47.544444,-0.076655,0.880335,-0.619317,1
4280,47.555556,-0.075904,0.880122,-0.610739,1
4281,47.566667,-0.075104,0.879817,-0.602328,1
4282,47.577778,-0.074260,0.879406,-0.594133,1
4283,47.588889,-0.073516,0.878825,-0.586106,1
4284,47.600000,-0.072736,0.878181,-0.578222,1
4285,47.611111,-0.072009,0.877178,-0.570598,1
4286,47.622222,-0.071251,0.876393,-0.562977,1
4287,47.633333,-0.070354,0.875181,-0.555552,1
4288,47.644444,-0.069517,0.873869,-0.548215,1
4289,47.655556,-0.068740,0.872470,-0.541063,1
4290,47.666667,-0.067968,0.870951,-0.533964,1
4291,47.677778,-0.067179,0.869415,-0.526990,1
4292,47.688889,-0.066404,0.867947,-0.519999,1
4293,47.700000,-0.065657,0.865996,-0.512831,1
4294,47.711111,-0.064610,0.865137,-0.505334,1
4295,47.722222,-0.063321,0.864582,-0.497720,1
4296,47.733333,-0.061970,0.864248,-0.490248,1
4297,47.744444,-0.060612,0.864152,-0.483007,1
4298,47.755556,-0.059357,0.864303,-0.475758,1
4299,47.766667,-0.058028,0.864749,-0.468449,1
4300,47.777778,-0.056823,0.865324,-0.461106,1
4301,47.788889,-0.055577,0.866048,-0.453810,1
4302,47.800000,-0.054347,0.866947,-0.446509,1
4303,47.811111,-0.053191,0.867907,-0.439218,1
4304,47.822222,-0.052127,0.868954,-0.432044,1
4305,47.833333,-0.051079,0.869804,-0.424850,1
4306,47.844444,-0.050224,0.870696,-0.417552,1
4307,47.855556,-0.049650,0.870007,-0.408216,1
4308,47.866667,-0.048838,0.870488,-0.400351,1
4309,47.877778,-0.047695,0.871263,-0.392785,1
4310,47.888889,-0.046658,0.871950,-0.385062,1
4311,47.900000,-0.045831,0.872510,-0.377130,1
4312,47.911111,-0.045100,0.873209,-0.369054,1
4313,47.922222,-0.044329,0.874019,-0.360857,1
4314,47.933333,-0.044260,0.873897,-0.351317,1
4315,47.944444,-0.043881,0.874717,-0.342976,1
4316,47.955556,-0.043464,0.875432,-0.334225,1
4317,47.966667,-0.043155,0.876243,-0.325448,1
4318,47.977778,-0.042858,0.877007,-0.316708,1
4319,47.988889,-0.042497,0.878522,-0.307933,1
4320,48.000000,-0.042305,0.879317,-0.299110,1
4321,48.011111,-0.042053,0.880122,-0.290330,1
4322,48.022222,-0.041985,0.880681,-0.281335,1
4323,48.033333,-0.041949,0.881266,-0.272474,1
4324,48.044444,-0.042068,0.881701,-0.263664,1
4325,48.055556,-0.042232,0.882064,-0.254758,1
4326,48.066667,-0.042430,0.882156,-0.245704,1
4327,48.077778,-0.042613,0.882440,-0.236750,1
4328,48.088889,-0.043013,0.882287,-0.227730,1
4329,48.100000,-0.043261,0.882148,-0.218676,1
4330,48.111111,-0.043820,0.882017,-0.209664,1
4331,48.122222,-0.044429,0.881841,-0.200754,1
4332,48.133333,-0.045152,0.881567,-0.191746,1
4333,48.144444,-0.045991,0.881382,-0.182848,1
4334,48.155556,-0.046950,0.881237,-0.173993,1
4335,48.166667,-0.047881,0.880962,-0.165121,1
4336,48.177778,-0.049089,0.880543,-0.156497,1
4337,48.188889,-0.050073,0.880244,-0.147805,1
4338,48.200000,-0.051292,0.879823,-0.139206,1
4339,48.211111,-0.052454,0.879310,-0.130748,1
4340,48.222222,-0.053769,0.878709,-0.122439,1
4341,48.233333,-0.055036,0.878066,-0.114198,1
4342,48.244444,-0.056566,0.877266,-0.106170,1
4343,48.255556,-0.058076,0.876405,-0.098232,1
4344,48.266667,-0.059799,0.875351,-0.090471,1
4345,48.277778,-0.061577,0.874147,-0.082900,1
4346,48.288889,-0.063455,0.872726,-0.075446,1
4347,48.300000,-0.065288,0.871158,-0.068158,1
4348,48.311111,-0.067253,0.869493,-0.061070,1
4349,48.322222,-0.069148,0.867838,-0.054115,1
4350,48.333333,-0.071112,0.865954,-0.047174,1
4351,48.344444,-0.073054,0.863979,-0.040347,1
4352,48.355556,-0.075129,0.861956,-0.033527,1
4353,48.366667,-0.077212,0.859900,-0.026687,1
4354,48.377778,-0.079401,0.858116,-0.019696,1
4355,48.388889,-0.081806,0.856666,-0.012512,1
4356,48.400000,-0.084413,0.855868,-0.005141,1
4357,48.411111,-0.086972,0.855408,0.002130,1
4358,48.422222,-0.089751,0.855407,0.009194,1
4359,48.433333,-0.092170,0.855560,0.016292,1
4360,48.444444,-0.094595,0.856163,0.023166,1
4361,48.455556,-0.097016,0.856743,0.029638,1
4362,48.466667,-0.098635,0.857857,0.035600,1
4363,48.477778,-0.099997,0.859466,0.041240,1
4364,48.488889,-0.101274,0.860793,0.047925,1
4365,48.500000,-0.102852,0.862102,0.055057,1
4366,48.511111,-0.104854,0.863397,0.062052,1
4367,48.522222,-0.106981,0.864829,0.069086,1
4368,48.533333,-0.108952,0.866375,0.076335,1
4369,48.544444,-0.110931,0.867797,0.083658,1
4370,48.555556,-0.112711,0.869231,0.091407,1
4371,48.566667,-0.114417,0.870560,0.099295,1
4372,48.577778,-0.116089,0.871870,0.107138,1
4373,48.588889,-0.117729,0.873171,0.115093,1
4374,48.600000,-0.119333,0.874377,0.123082,1
4375,48.611111,-0.120753,0.875591,0.131209,1
4376,48.622222,-0.122229,0.876646,0.139423,1
4377,48.633333,-0.123652,0.877731,0.147718,1
4378,48.644444,-0.124985,0.878905,0.156065,1
4379,48.655556,-0.126398,0.879926,0.164503,1
4380,48.666667,-0.127636,0.881071,0.172833,1
4381,48.677778,-0.128924,0.882167,0.181245,1
4382,48.688889,-0.130241,0.882986,0.189661,1
4383,48.700000,-0.131471,0.883804,0.198077,1
4384,48.711111,-0.132705,0.884564,0.206470,1
4385,48.722222,-0.133854,0.885079,0.214825,1
4386,48.733333,-0.135009,0.885636,0.223125,1
4387,48.744444,-0.136043,0.886113,0.231513,1
4388,48.755556,-0.137049,0.886624,0.239701,1
4389,48.766667,-0.137943,0.887070,0.247938,1
4390,48.777778,-0.138836,0.887471,0.255978,1
4391,48.788889,-0.139614,0.887748,0.263926,1
4392,48.800000,-0.141497,0.887999,0.271284,1
4393,48.811111,-0.143806,0.888209,0.280208,1
4394,48.822222,-0.144616,0.888359,0.288802,1
4395,48.833333,-0.145266,0.888508,0.296875,1
4396,48.844444,-0.145802,0.888493,0.304935,1
4397,48.855556,-0.146286,0.888358,0.312866,1
4398,48.866667,-0.146766,0.888245,0.320550,1
4399,48.877778,-0.147280,0.888048,0.328219,1
4400,48.888889,-0.147603,0.887827,0.335710,1
4401,48.900000,-0.147876,0.887386,0.343033,1
4402,48.911111,-0.148189,0.887095,0.350327,1
4403,48.922222,-0.148469,0.886395,0.357496,1
4404,48.933333,-0.148623,0.885642,0.364570,1
4405,48.944444,-0.148708,0.884858,0.371496,1
4406,48.955556,-0.148785,0.883874,0.378373,1
4407,48.966667,-0.148875,0.882676,0.385089,1
4408,48.977778,-0.148906,0.881364,0.391737,1
4409,48.988889,-0.148896,0.879873,0.398325,1
4410,49.000000,-0.148956,0.878257,0.404817,1
4411,49.011111,-0.149046,0.876557,0.411169,1
4412,49.022222,-0.148994,0.874673,0.417527,1
4413,49.033333,-0.149017,0.872795,0.424111,1
4414,49.044444,-0.148888,0.871359,0.430477,1
4415,49.055556,-0.148838,0.869418,0.436935,1
4416,49.066667,-0.148520,0.867918,0.443773,1
4417,49.077778,-0.148065,0.866976,0.450994,1
4418,49.088889,-0.147514,0.866221,0.458113,1
4419,49.100000,-0.147026,0.865459,0.464878,1
4420,49.111111,-0.146461,0.864951,0.471644,1
4421,49.122222,-0.146047,0.864812,0.478640,1
4422,49.133333,-0.145451,0.864941,0.485731,1
4423,49.144444,-0.144997,0.865258,0.492689,1
4424,49.155556,-0.144531,0.865804,0.499617,1
4425,49.166667,-0.144169,0.866529,0.506596,1
4426,49.177778,-0.143807,0.867379,0.513684,1
4427,49.188889,-0.143551,0.868175,0.520582,1
4428,49.200000,-0.143362,0.869029,0.527501,1
4429,49.211111,-0.143314,0.869713,0.534624,1
4430,49.222222,-0.143459,0.870475,0.541682,1
4431,49.233333,-0.143576,0.871227,0.548823,1
4432,49.244444,-0.143905,0.871714,0.556188,1
4433,49.255556,-0.144278,0.872084,0.563760,1
4434,49.266667,-0.144736,0.872480,0.571482,1
4435,49.277778,-0.144938,0.872885,0.579371,1
4436,49.288889,-0.145301,0.873484,0.587358,1
4437,49.300000,-0.145676,0.874158,0.595523,1
4438,49.311111,-0.146054,0.874862,0.603625,1
4439,49.322222,-0.146598,0.875734,0.611791,1
4440,49.333333,-0.147128,0.876578,0.619887,1
4441,49.344444,-0.147527,0.877467,0.628116,1
4442,49.355556,-0.148094,0.878275,0.636299,1
4443,49.366667,-0.148737,0.879028,0.644529,1
4444,49.377778,-0.148929,0.880027,0.653032,1
4445,49.388889,-0.149466,0.880986,0.661226,1
4446,49.400000,-0.148483,0.880363,0.672121,1
4447,49.411111,-0.148972,0.881087,0.680248,1
4448,49.422222,-0.149348,0.881557,0.688658,1
4449,49.433333,-0.149722,0.882037,0.696910,1
4450,49.444444,-0.150074,0.882431,0.705100,1
4451,49.455556,-0.150571,0.882500,0.713660,1
4452,49.466667,-0.150896,0.882773,0.721956,1
4453,49.477778,-0.151470,0.882854,0.730207,1
4454,49.488889,-0.151880,0.882774,0.738596,1
4455,49.500000,-0.152369,0.882628,0.746938,1
4456,49.511111,-0.152804,0.882571,0.755246,1
4457,49.522222,-0.153307,0.882361,0.763621,1
4458,49.533333,-0.153785,0.882233,0.771977,1
4459,49.544444,-0.154461,0.881792,0.780306,1
4460,49.555556,-0.154951,0.881445,0.788452,1
4461,49.566667,-0.155380,0.881122,0.796573,1
4462,49.577778,-0.155979,0.880627,0.804691,1
4463,49.588889,-0.156571,0.880194,0.812821,1
4464,49.600000,-0.156983,0.879719,0.820889,1
4465,49.611111,-0.157630,0.879179,0.828903,1
4466,49.622222,-0.158328,0.878502,0.836708,1
4467,49.633333,-0.158972,0.877831,0.844394,1
4468,49.644444,-0.159656,0.876979,0.851975,1
4469,49.655556,-0.160437,0.875970,0.859413,1
4470,49.666667,-0.161094,0.874744,0.866750,1
4471,49.677778,-0.161815,0.873384,0.874049,1
4472,49.688889,-0.162571,0.871890,0.881197,1
4473,49.700000,-0.163333,0.870267,0.888289,1
4474,49.711111,-0.164170,0.868585,0.895268,1
4475,49.722222,-0.164959,0.866826,0.902145,1
4476,49.733333,-0.165600,0.865422,0.909274,1
4477,49.744444,-0.166406,0.863543,0.916019,1
4478,49.755556,-0.167309,0.861589,0.922890,1
4479,49.766667,-0.168391,0.859958,0.929994,1
4480,49.777778,-0.169599,0.858716,0.937370,1
4481,49.788889,-0.171019,0.857876,0.944798,1
4482,49.800000,-0.172343,0.857267,0.952011,1
4483,49.811111,-0.173634,0.856819,0.959104,1
4484,49.822222,-0.174827,0.856729,0.966047,1
4485,49.833333,-0.175807,0.856909,0.972844,1
4486,49.844444,-0.176704,0.857370,0.979629,1
4487,49.855556,-0.177758,0.857937,0.986269,1
4488,49.866667,-0.178754,0.858885,0.992495,1
4489,49.877778,-0.178785,0.860222,0.998219,1
4490,49.888889,-0.178776,0.861737,1.003905,1
4491,49.900000,-0.178667,0.862961,1.010229,1
4492,49.911111,-0.179124,0.864190,1.016695,1
4493,49.922222,-0.179822,0.865319,1.023262,1
4494,49.933333,-0.180649,0.866368,1.029856,1
4495,49.944444,-0.181508,0.867126,1.036459,1
4496,49.955556,-0.182228,0.867889,1.042941,1
4497,49.966667,-0.182897,0.868403,1.049728,1
4498,49.977778,-0.183249,0.868998,1.056607,1
4499,49.988889,-0.183703,0.869471,1.063605,1
4500,50.000000,-0.183552,0.870327,1.069479,1
4501,50.011111,-0.184260,0.870470,1.077683,1
4502,50.022222,-0.184594,0.871042,1.085014,1
4503,50.033333,-0.185030,0.871616,1.092342,1
4504,50.044444,-0.185381,0.872108,1.099645,1
4505,50.055556,-0.185791,0.872744,1.106813,1
4506,50.066667,-0.186278,0.873316,1.114182,1
4507,50.077778,-0.186591,0.873881,1.121557,1
4508,50.088889,-0.187020,0.874441,1.128926,1
4509,50.100000,-0.187229,0.874889,1.136228,1
4510,50.111111,-0.187547,0.875087,1.143668,1
4511,50.122222,-0.187629,0.875379,1.151028,1
4512,50.133333,-0.188189,0.875788,1.158278,1
4513,50.144444,-0.188432,0.876080,1.165637,1
4514,50.155556,-0.188808,0.876007,1.172962,1
4515,50.166667,-0.189056,0.875596,1.180544,1
4516,50.177778,-0.189394,0.875248,1.187832,1
4517,50.188889,-0.189389,0.875047,1.194878,1
4518,50.200000,-0.188493,0.875538,1.200261,1
4519,50.211111,-0.188430,0.875469,1.207553,1
4520,50.222222,-0.188883,0.875038,1.215517,1
4521,50.233333,-0.191793,0.874775,1.224135,1
4522,50.244444,-0.191623,0.874645,1.231598,1
4523,50.255556,-0.191517,0.874453,1.238825,1
4524,50.266667,-0.191112,0.874200,1.246043,1
4525,50.277778,-0.190937,0.873883,1.253421,1
4526,50.288889,-0.190210,0.873706,1.260282,1
4527,50.300000,-0.189486,0.873597,1.267115,1
4528,50.311111,-0.188557,0.873277,1.273805,1
4529,50.322222,-0.187561,0.872966,1.280311,1
4530,50.333333,-0.186461,0.872449,1.286793,1
4531,50.344444,-0.185241,0.871775,1.293129,1
4532,50.355556,-0.183891,0.871110,1.299481,1
4533,50.366667,-0.182695,0.870162,1.305535,1
4534,50.377778,-0.181483,0.868967,1.311665,1
4535,50.388889,-0.180233,0.867621,1.317687,1
4536,50.400000,-0.178985,0.866018,1.323702,1
4537,50.411111,-0.177734,0.864397,1.329591,1
4538,50.422222,-0.176517,0.862529,1.335418,1
4539,50.433333,-0.175108,0.860683,1.341130,1
4540,50.444444,-0.173699,0.858787,1.346830,1
4541,50.455556,-0.172238,0.856946,1.352855,1
4542,50.466667,-0.170341,0.855668,1.359365,1
4543,50.477778,-0.168316,0.854792,1.365707,1
4544,50.488889,-0.166174,0.854190,1.371525,1
4545,50.500000,-0.164101,0.853303,1.377446,1
4546,50.511111,-0.162120,0.852764,1.383486,1
4547,50.522222,-0.160178,0.852703,1.389292,1
4548,50.533333,-0.158023,0.852975,1.394939,1
4549,50.544444,-0.156142,0.853254,1.400968,1
4550,50.555556,-0.154524,0.854310,1.406529,1
4551,50.566667,-0.152359,0.855577,1.412123,1
4552,50.577778,-0.150425,0.856879,1.417726,1
4553,50.588889,-0.148624,0.858472,1.423304,1
4554,50.600000,-0.146805,0.859958,1.428893,1
4555,50.611111,-0.145002,0.861414,1.434482,1
4556,50.622222,-0.143888,0.862889,1.440117,1
4557,50.633333,-0.142866,0.864392,1.445381,1
4558,50.644444,-0.141999,0.865701,1.450875,1
4559,50.655556,-0.141034,0.866891,1.456590,1
4560,50.666667,-0.140608,0.867389,1.461970,1
4561,50.677778,-0.139323,0.867591,1.468037,1
4562,50.688889,-0.137545,0.867919,1.474568,1
4563,50.700000,-0.134522,0.868564,1.478350,1
4564,50.711111,-0.130340,0.867238,1.483879,1
4565,50.722222,-0.129443,0.867329,1.489598,1
4566,50.733333,-0.128448,0.867614,1.495368,1
4567,50.744444,-0.128563,0.867493,1.502162,1
4568,50.755556,-0.127512,0.867690,1.507756,1
4569,50.766667,-0.126823,0.868279,1.513463,1
4570,50.777778,-0.126366,0.869071,1.519701,1
4571,50.788889,-0.125609,0.869751,1.525746,1
4572,50.800000,-0.125096,0.870421,1.531441,1
4573,50.811111,-0.124752,0.871203,1.537466,1
4574,50.822222,-0.123811,0.871501,1.543234,1
4575,50.833333,-0.121541,0.870200,1.549252,1
4576,50.844444,-0.120291,0.870425,1.554308,1
4577,50.855556,-0.118138,0.870566,1.558811,1
4578,50.866667,-0.117390,0.870713,1.563897,1
4579,50.877778,-0.116483,0.870955,1.569162,1
4580,50.888889,-0.115683,0.870966,1.574137,1
4581,50.900000,-0.114881,0.870859,1.578872,1
4582,50.911111,-0.114233,0.870654,1.583400,1
4583,50.922222,-0.113460,0.870433,1.587825,1
4584,50.933333,-0.112659,0.869823,1.592226,1
4585,50.944444,-0.112003,0.869856,1.596063,1
4586,50.955556,-0.111244,0.869555,1.599853,1
4587,50.966667,-0.110577,0.869188,1.603523,1
4588,50.977778,-0.109954,0.868553,1.607125,1
4589,50.988889,-0.109317,0.867771,1.610532,1
4590,51.000000,-0.108750,0.867044,1.613614,1
4591,51.011111,-0.108330,0.866263,1.616374,1
4592,51.022222,-0.107952,0.865274,1.618971,1
4593,51.033333,-0.107942,0.864407,1.621006,1
4594,51.044444,-0.108362,0.863384,1.622701,1
4595,51.055556,-0.108683,0.862624,1.624204,1
4596,51.066667,-0.109095,0.862927,1.625960,1
4597,51.077778,-0.109550,0.863161,1.627401,1
4598,51.088889,-0.109950,0.864092,1.628912,1
4599,51.100000,-0.111918,0.864820,1.633515,1
4600,51.111111,-0.112726,0.864979,1.634500,1
4601,51.122222,-0.113419,0.865013,1.635518,1
4602,51.133333,-0.114289,0.865107,1.635917,1
4603,51.144444,-0.114653,0.865197,1.635885,1
4604,51.155556,-0.114991,0.865286,1.636076,1
4605,51.166667,-0.115062,0.865521,1.636530,1
4606,51.177778,-0.115583,0.866476,1.639131,1
4607,51.188889,-0.116205,0.866268,1.639366,1
4608,51.200000,-0.116601,0.866239,1.639411,1
4609,51.211111,-0.117268,0.865947,1.639678,1
4610,51.222222,-0.118216,0.865452,1.639970,1
4611,51.233333,-0.119111,0.865073,1.640320,1
4612,51.244444,-0.119339,0.864631,1.641051,1
4613,51.255556,-0.119751,0.864301,1.641265,1
4614,51.266667,-0.120542,0.863885,1.641783,1
4615,51.277778,-0.120876,0.863596,1.642006,1
4616,51.288889,-0.121465,0.863343,1.642172,1
4617,51.300000,-0.122069,0.863132,1.642210,1
4618,51.311111,-0.122599,0.862886,1.642383,1
4619,51.322222,-0.123124,0.862808,1.642505,1
4620,51.333333,-0.123699,0.862627,1.642518,1
4621,51.344444,-0.124261,0.862533,1.642559,1
4622,51.355556,-0.124775,0.862425,1.642715,1
4623,51.366667,-0.125279,0.862359,1.642702,1
4624,51.377778,-0.125747,0.862230,1.642953,1
4625,51.388889,-0.126097,0.862249,1.643124,1
4626,51.400000,-0.126155,0.862298,1.643490,1
4627,51.411111,-0.125474,0.862744,1.643414,1
4628,51.422222,-0.125113,0.862981,1.642314,1
4629,51.433333,-0.125706,0.863003,1.641549,1
4630,51.444444,-0.126155,0.862880,1.641365,1
4631,51.455556,-0.126622,0.862998,1.641441,1
4632,51.466667,-0.126874,0.863067,1.641770,1
4633,51.477778,-0.127111,0.863161,1.641975,1
4634,51.488889,-0.127447,0.863295,1.642302,1
4635,51.500000,-0.127650,0.863351,1.642614,1
4636,51.511111,-0.127766,0.863340,1.642930,1
4637,51.522222,-0.128000,0.863446,1.643357,1
4638,51.533333,-0.128266,0.863487,1.643691,1
4639,51.544444,-0.128407,0.863590,1.644025,1
4640,51.555556,-0.128680,0.863644,1.644335,1
4641,51.566667,-0.128970,0.863726,1.644725,1
4642,51.577778,-0.129022,0.863753,1.645107,1
4643,51.588889,-0.129153,0.863821,1.645501,1
4644,51.600000,-0.131130,0.863154,1.648868,1
4645,51.611111,-0.131284,0.863189,1.649168,1
4646,51.622222,-0.131361,0.863289,1.649428,1
4647,51.633333,-0.131608,0.863265,1.649569,1
4648,51.644444,-0.131944,0.863377,1.649931,1
4649,51.655556,-0.132151,0.863448,1.650222,1
4650,51.666667,-0.132348,0.863565,1.650473,1
4651,51.677778,-0.132619,0.863538,1.650677,1
4652,51.688889,-0.132910,0.863488,1.650947,1
4653,51.700000,-0.133158,0.863424,1.651195,1
4654,51.711111,-0.133303,0.863370,1.651477,1
4655,51.722222,-0.133578,0.863366,1.651616,1
4656,51.733333,-0.133968,0.863314,1.651783,1
4657,51.744444,-0.134276,0.863247,1.651961,1
4658,51.755556,-0.134504,0.863167,1.652110,1
4659,51.766667,-0.134773,0.863147,1.652420,1
4660,51.777778,-0.134960,0.863066,1.652724,1
4661,51.788889,-0.135168,0.863111,1.653127,1
4662,51.800000,-0.135382,0.863026,1.652860,1
4663,51.811111,-0.135826,0.863022,1.653096,1
4664,51.822222,-0.135935,0.862965,1.653215,1
4665,51.833333,-0.136040,0.862921,1.653331,1
4666,51.844444,-0.136282,0.862936,1.653577,1
4667,51.855556,-0.136268,0.862741,1.653818,1
4668,51.866667,-0.136347,0.862749,1.654005,1
4669,51.877778,-0.136520,0.862722,1.654189,1
4670,51.888889,-0.136644,0.862701,1.654239,1
4671,51.900000,-0.136802,0.862687,1.654377,1
4672,51.911111,-0.137000,0.862617,1.654585,1
4673,51.922222,-0.137243,0.862563,1.654645,1
4674,51.933333,-0.137407,0.862572,1.654824,1
4675,51.944444,-0.137664,0.862661,1.654946,1
4676,51.955556,-0.137856,0.862730,1.655078,1
4677,51.966667,-0.138149,0.862771,1.655341,1
4678,51.977778,-0.138424,0.862907,1.655559,1
4679,51.988889,-0.138241,0.863104,1.655821,1
4680,52.000000,-0.136823,0.863513,1.655492,1
4681,52.011111,-0.136343,0.863509,1.654058,1
4682,52.022222,-0.136713,0.863559,1.653442,1
4683,52.033333,-0.137073,0.863533,1.653343,1
4684,52.044444,-0.137379,0.863571,1.653438,1
4685,52.055556,-0.137654,0.863572,1.653624,1
4686,52.066667,-0.137790,0.863511,1.653783,1
4687,52.077778,-0.138196,0.863532,1.653986,1
4688,52.088889,-0.138400,0.863505,1.654067,1
4689,52.100000,-0.138532,0.863582,1.654197,1
4690,52.111111,-0.138620,0.863495,1.654344,1
4691,52.122222,-0.138844,0.863548,1.654416,1
4692,52.133333,-0.139023,0.863635,1.654450,1
4693,52.144444,-0.139214,0.863573,1.654574,1
4694,52.155556,-0.139336,0.863441,1.654783,1
4695,52.166667,-0.139567,0.863475,1.654812,1
4696,52.177778,-0.139803,0.863428,1.654891,1
4697,52.188889,-0.139907,0.863392,1.654979,1
4698,52.200000,-0.140050,0.863401,1.655150,1
4699,52.211111,-0.140157,0.863391,1.655262,1
4700,52.222222,-0.140261,0.863340,1.655349,1
4701,52.233333,-0.140315,0.863334,1.655510,1
4702,52.244444,-0.140561,0.863407,1.655551,1
4703,52.255556,-0.140833,0.863337,1.655645,1
4704,52.266667,-0.140982,0.863460,1.655515,1
4705,52.277778,-0.141129,0.863509,1.655582,1
4706,52.288889,-0.141358,0.863592,1.655632,1
4707,52.300000,-0.141488,0.863709,1.655661,1
4708,52.311111,-0.141648,0.863756,1.655726,1
4709,52.322222,-0.141667,0.863567,1.655884,1
4710,52.333333,-0.141780,0.863488,1.656036,1
4711,52.344444,-0.141879,0.863359,1.656176,1
4712,52.355556,-0.141893,0.863269,1.656333,1
4713,52.366667,-0.142047,0.863235,1.656430,1
4714,52.377778,-0.142071,0.863162,1.656489,1
4715,52.388889,-0.142155,0.863110,1.656580,1
4716,52.400000,-0.142260,0.863074,1.656586,1
4717,52.411111,-0.142390,0.863084,1.656669,1
4718,52.422222,-0.142482,0.863090,1.656794,1
4719,52.433333,-0.142546,0.863128,1.656890,1
4720,52.444444,-0.142669,0.863142,1.656945,1
4721,52.455556,-0.142713,0.863098,1.656999,1
4722,52.466667,-0.142700,0.863101,1.657029,1
4723,52.477778,-0.142768,0.863111,1.657073,1
4724,52.488889,-0.142962,0.863352,1.656994,1
4725,52.500000,-0.143071,0.863386,1.657024,1
4726,52.511111,-0.143021,0.863353,1.657048,1
4727,52.522222,-0.142961,0.863300,1.657120,1
4728,52.533333,-0.143014,0.863293,1.657089,1
4729,52.544444,-0.142964,0.863291,1.657087,1
4730,52.555556,-0.143012,0.863321,1.657106,1
4731,52.566667,-0.142942,0.863322,1.657138,1
4732,52.577778,-0.142848,0.863287,1.657146,1
4733,52.588889,-0.142824,0.863319,1.657153,1
4734,52.600000,-0.142797,0.863280,1.657252,1
4735,52.611111,-0.142752,0.863198,1.657205,1
4736,52.622222,-0.142719,0.863124,1.657249,1
4737,52.633333,-0.142644,0.863118,1.657253,1
4738,52.644444,-0.142542,0.863126,1.657363,1
4739,52.655556,-0.142559,0.863092,1.657312,1
4740,52.666667,-0.142550,0.863160,1.657357,1
4741,52.677778,-0.142449,0.863065,1.657355,1
4742,52.688889,-0.142401,0.863092,1.657384,1
4743,52.700000,-0.142403,0.863104,1.657343,1
4744,52.711111,-0.142330,0.863042,1.657357,1
4745,52.722222,-0.142205,0.862911,1.657437,1
4746,52.733333,-0.142145,0.862811,1.657570,1
4747,52.744444,-0.141988,0.862743,1.657582,1
4748,52.755556,-0.141864,0.862704,1.657664,1
4749,52.766667,-0.141820,0.862700,1.657620,1
4750,52.777778,-0.141649,0.862658,1.657655,1
4751,52.788889,-0.141584,0.862644,1.657742,1
4752,52.800000,-0.141471,0.862618,1.657807,1
4753,52.811111,-0.141387,0.862582,1.657813,1
4754,52.822222,-0.141314,0.862553,1.657870,1
4755,52.833333,-0.141256,0.862543,1.657949,1
4756,52.844444,-0.141037,0.862505,1.658030,1
4757,52.855556,-0.140857,0.862716,1.657882,1
4758,52.866667,-0.140746,0.862750,1.657945,1
4759,52.877778,-0.140665,0.862789,1.657989,1
4760,52.888889,-0.140539,0.862822,1.658043,1
4761,52.900000,-0.140423,0.862887,1.658068,1
4762,52.911111,-0.140382,0.862946,1.658081,1
4763,52.922222,-0.140197,0.862902,1.658251,1
4764,52.933333,-0.140095,0.862915,1.658410,1
4765,52.944444,-0.139970,0.862945,1.658531,1
4766,52.955556,-0.139798,0.862949,1.658709,1
4767,52.966667,-0.139863,0.863109,1.658730,1
4768,52.977778,-0.139834,0.863012,1.658865,1
4769,52.988889,-0.139657,0.863002,1.658911,1
4770,53.000000,-0.139436,0.862975,1.659104,1
4771,53.011111,-0.139086,0.862963,1.659188,1
4772,53.022222,-0.138970,0.863098,1.659234,1
4773,53.033333,-0.138651,0.863075,1.659529,1
4774,53.044444,-0.138408,0.863265,1.659467,1
4775,53.055556,-0.138203,0.863510,1.659534,1
4776,53.066667,-0.138047,0.863590,1.659812,1
4777,53.077778,-0.137965,0.863624,1.659965,1
4778,53.088889,-0.137837,0.863791,1.660137,1
4779,53.100000,-0.137722,0.863948,1.660319,1
4780,53.111111,-0.137787,0.864234,1.660212,1
4781,53.122222,-0.138009,0.864348,1.660454,1
4782,53.133333,-0.138121,0.864814,1.660606,1
4783,53.144444,-0.138766,0.865683,1.660969,1
4784,53.155556,-0.139632,0.866485,1.661409,1
4785,53.166667,-0.140849,0.867102,1.661933,1
4786,53.177778,-0.141658,0.867527,1.662241,1
4787,53.188889,-0.143005,0.867999,1.663315,1
4788,53.200000,-0.144516,0.869219,1.664077,1
4789,53.211111,-0.145288,0.869505,1.664516,1
4790,53.222222,-0.145915,0.869075,1.664165,1
4791,53.233333,-0.148034,0.869848,1.663281,1
4792,53.244444,-0.149096,0.869679,1.663291,1
4793,53.255556,-0.150046,0.869650,1.663517,1
4794,53.266667,-0.151050,0.869368,1.663670,1
4795,53.277778,-0.151841,0.869057,1.664079,1
4796,53.288889,-0.151978,0.866446,1.665681,1
4797,53.300000,-0.152971,0.865769,1.666379,1
4798,53.311111,-0.154121,0.865172,1.667114,1
4799,53.322222,-0.155437,0.864180,1.667559,1
4800,53.333333,-0.156993,0.863354,1.668430,1
4801,53.344444,-0.158547,0.862099,1.669142,1
4802,53.355556,-0.159465,0.859557,1.672512,1
4803,53.366667,-0.160251,0.858579,1.672514,1
4804,53.377778,-0.160851,0.858117,1.672275,1
4805,53.388889,-0.161841,0.857297,1.672046,1
4806,53.400000,-0.163155,0.857918,1.672821,1
4807,53.411111,-0.166523,0.857519,1.673745,1
4808,53.422222,-0.169958,0.857672,1.675479,1
4809,53.433333,-0.173298,0.857786,1.676044,1
4810,53.444444,-0.176149,0.858061,1.676482,1
4811,53.455556,-0.177784,0.857944,1.677168,1
4812,53.466667,-0.179504,0.857761,1.678027,1
4813,53.477778,-0.181024,0.857777,1.678775,1
4814,53.488889,-0.182337,0.857836,1.679649,1
4815,53.500000,-0.183920,0.857745,1.680536,1
4816,53.511111,-0.185829,0.857798,1.681066,1
4817,53.522222,-0.187461,0.858132,1.681765,1
4818,53.533333,-0.189103,0.858581,1.682645,1
4819,53.544444,-0.190111,0.859735,1.683354,1
4820,53.555556,-0.192011,0.860049,1.684369,1
4821,53.566667,-0.194075,0.860482,1.685486,1
4822,53.577778,-0.198619,0.859000,1.685472,1
4823,53.588889,-0.198268,0.859260,1.685380,1
4824,53.600000,-0.200159,0.860307,1.684990,1
4825,53.611111,-0.201050,0.861514,1.684449,1
4826,53.622222,-0.202438,0.862824,1.683933,1
4827,53.633333,-0.203511,0.864330,1.684568,1
4828,53.644444,-0.205007,0.866175,1.684950,1
4829,53.655556,-0.205849,0.867950,1.685277,1
4830,53.666667,-0.207145,0.872214,1.686483,1
4831,53.677778,-0.208217,0.873124,1.685855,1
4832,53.688889,-0.208421,0.873394,1.686542,1
4833,53.700000,-0.209889,0.873560,1.687957,1
4834,53.711111,-0.212492,0.873725,1.689341,1
4835,53.722222,-0.216020,0.874114,1.691743,1
4836,53.733333,-0.218364,0.873918,1.691510,1
4837,53.744444,-0.221361,0.873575,1.692646,1
4838,53.755556,-0.222587,0.873627,1.693733,1
4839,53.766667,-0.224798,0.873481,1.693677,1
4840,53.777778,-0.226915,0.873212,1.695075,1
4841,53.788889,-0.229135,0.873758,1.695412,1
4842,53.800000,-0.232174,0.874623,1.696690,1
4843,53.811111,-0.234426,0.874955,1.697912,1
4844,53.822222,-0.236446,0.875503,1.698175,1
4845,53.833333,-0.236610,0.877667,1.698701,1
4846,53.844444,-0.236086,0.880581,1.699631,1
4847,53.855556,-0.236668,0.882657,1.699633,1
4848,53.866667,-0.236497,0.882641,1.698992,1
4849,53.877778,-0.236731,0.881331,1.696700,1
4850,53.888889,-0.236456,0.879153,1.692552,1
4851,53.900000,-0.236264,0.880716,1.690790,1
4852,53.911111,-0.240129,0.886313,1.693936,1
4853,53.922222,-0.246819,0.894304,1.698412,1
4854,53.933333,-0.256697,0.909992,1.704147,1
4855,53.944444,-0.265828,0.927151,1.706688,1
4856,53.955556,-0.275308,0.939896,1.706599,1
4857,53.966667,-0.277295,0.941330,1.707883,1
4858,53.977778,-0.281100,0.943232,1.708265,1
4859,53.988889,-0.284150,0.941828,1.709035,1
4860,54.000000,-0.287003,0.941114,1.708064,1
4861,54.011111,-0.289904,0.941027,1.708814,1
4862,54.022222,-0.291599,0.941110,1.709092,1
4863,54.033333,-0.292112,0.942319,1.709706,1
4864,54.044444,-0.292697,0.943144,1.710531,1
4865,54.055556,-0.294918,0.942757,1.711294,1
4866,54.066667,-0.297118,0.942311,1.711920,1
4867,54.077778,-0.298504,0.942398,1.713049,1
4868,54.088889,-0.300352,0.943202,1.714300,1
4869,54.100000,-0.302830,0.943279,1.715372,1
4870,54.111111,-0.306507,0.943253,1.715450,1
4871,54.122222,-0.308479,0.943594,1.716728,1
4872,54.133333,-0.310549,0.943873,1.717748,1
4873,54.144444,-0.312647,0.943312,1.718507,1
4874,54.155556,-0.314334,0.943483,1.719048,1
4875,54.166667,-0.315947,0.944049,1.719478,1
4876,54.177778,-0.317561,0.944127,1.719785,1
4877,54.188889,-0.318796,0.943960,1.719976,1
4878,54.200000,-0.320273,0.943728,1.719755,1
4879,54.211111,-0.321473,0.943543,1.719448,1
4880,54.222222,-0.322125,0.943824,1.719376,1
4881,54.233333,-0.322292,0.944409,1.719183,1
4882,54.244444,-0.322585,0.942636,1.718479,1
4883,54.255556,-0.322537,0.942239,1.718068,1
4884,54.266667,-0.322609,0.941631,1.717343,1
4885,54.277778,-0.322510,0.940958,1.716663,1
4886,54.288889,-0.321600,0.941821,1.716833,1
4887,54.300000,-0.321357,0.941885,1.716899,1
4888,54.311111,-0.321305,0.942479,1.716789,1
4889,54.322222,-0.321304,0.942964,1.716677,1
4890,54.333333,-0.321112,0.943280,1.716232,1
4891,54.344444,-0.320847,0.943102,1.715649,1
4892,54.355556,-0.320286,0.942036,1.715245,1
4893,54.366667,-0.320240,0.940862,1.713736,1
4894,54.377778,-0.319694,0.940243,1.712930,1
4895,54.388889,-0.318861,0.940954,1.712409,1
4896,54.400000,-0.317899,0.941329,1.712066,1
4897,54.411111,-0.317064,0.941124,1.711301,1
4898,54.422222,-0.316242,0.940539,1.710440,1
4899,54.433333,-0.315353,0.940129,1.709464,1
4900,54.444444,-0.314439,0.940444,1.708665,1
4901,54.455556,-0.313301,0.940653,1.708034,1
4902,54.466667,-0.312218,0.940103,1.706987,1
4903,54.477778,-0.311008,0.939456,1.706242,1
4904,54.488889,-0.309711,0.938844,1.705277,1
4905,54.500000,-0.308627,0.938295,1.704295,1
4906,54.511111,-0.307566,0.938229,1.703318,1
4907,54.522222,-0.306318,0.937753,1.702344,1
4908,54.533333,-0.305028,0.937488,1.701422,1
4909,54.544444,-0.303749,0.936373,1.700148,1
4910,54.555556,-0.302586,0.935503,1.699123,1
4911,54.566667,-0.301301,0.934729,1.698051,1
4912,54.577778,-0.299889,0.934228,1.696684,1
4913,54.588889,-0.298555,0.933528,1.695624,1
4914,54.600000,-0.296608,0.933589,1.694048,1
4915,54.611111,-0.295603,0.932772,1.693369,1
4916,54.622222,-0.293436,0.933071,1.691830,1
4917,54.633333,-0.292082,0.932930,1.691056,1
4918,54.644444,-0.290298,0.932740,1.689667,1
4919,54.655556,-0.288595,0.932946,1.688343,1
4920,54.666667,-0.287332,0.932769,1.687316,1
4921,54.677778,-0.285564,0.932982,1.686000,1
4922,54.688889,-0.283876,0.933263,1.683887,1
4923,54.700000,-0.282617,0.933308,1.682878,1
4924,54.711111,-0.281134,0.933478,1.681722,1
4925,54.722222,-0.279531,0.933360,1.680625,1
4926,54.733333,-0.277870,0.933039,1.679070,1
4927,54.744444,-0.276309,0.933111,1.677814,1
4928,54.755556,-0.274944,0.933441,1.676944,1
4929,54.766667,-0.273452,0.934106,1.676135,1
4930,54.777778,-0.271959,0.934401,1.675063,1
4931,54.788889,-0.270460,0.934656,1.673816,1
4932,54.800000,-0.268917,0.935495,1.673088,1
4933,54.811111,-0.267602,0.936161,1.671723,1
4934,54.822222,-0.266104,0.937064,1.670777,1
4935,54.833333,-0.264820,0.937371,1.669432,1
4936,54.844444,-0.263407,0.938033,1.668140,1
4937,54.855556,-0.262071,0.938673,1.666877,1
4938,54.866667,-0.260788,0.938952,1.665360,1
4939,54.877778,-0.259727,0.939229,1.664213,1
4940,54.888889,-0.258664,0.939460,1.663093,1
4941,54.900000,-0.257684,0.939736,1.661725,1
4942,54.911111,-0.256630,0.939768,1.660572,1
4943,54.922222,-0.255638,0.939994,1.659207,1
4944,54.933333,-0.254877,0.939884,1.657967,1
4945,54.944444,-0.254126,0.939722,1.656813,1
4946,54.955556,-0.253386,0.939481,1.655810,1
4947,54.966667,-0.252731,0.939326,1.654808,1
4948,54.977778,-0.252072,0.939417,1.654088,1
4949,54.988889,-0.251451,0.939362,1.653191,1
4950,55.000000,-0.250429,0.939286,1.653139,1
4951,55.011111,-0.249876,0.939090,1.653185,1
4952,55.022222,-0.249651,0.939042,1.652735,1
4953,55.033333,-0.249611,0.939300,1.652379,1
4954,55.044444,-0.249593,0.939287,1.652141,1
4955,55.055556,-0.249801,0.939417,1.651688,1
4956,55.066667,-0.250049,0.939940,1.651503,1
4957,55.077778,-0.250392,0.940520,1.651477,1
4958,55.088889,-0.250976,0.940586,1.651163,1
4959,55.100000,-0.251432,0.940741,1.650824,1
4960,55.111111,-0.251725,0.940626,1.650763,1
4961,55.122222,-0.251933,0.940651,1.650486,1
4962,55.133333,-0.252399,0.940361,1.650145,1
4963,55.144444,-0.252815,0.940266,1.650186,1
4964,55.155556,-0.253277,0.940009,1.649840,1
4965,55.166667,-0.253676,0.939824,1.649734,1
4966,55.177778,-0.253957,0.939942,1.650048,1
4967,55.188889,-0.254271,0.940189,1.650096,1
4968,55.200000,-0.254748,0.940045,1.649882,1
4969,55.211111,-0.255093,0.940537,1.649851,1
4970,55.222222,-0.255440,0.940503,1.649751,1
4971,55.233333,-0.255799,0.940245,1.649575,1
4972,55.244444,-0.256148,0.940128,1.649385,1
4973,55.255556,-0.256489,0.940231,1.649481,1
4974,55.266667,-0.256847,0.940331,1.649481,1
4975,55.277778,-0.257121,0.940289,1.649493,1
4976,55.288889,-0.257385,0.940341,1.649408,1
4977,55.300000,-0.257640,0.939880,1.649224,1
4978,55.311111,-0.257947,0.939705,1.648881,1
4979,55.322222,-0.258242,0.939589,1.648785,1
4980,55.333333,-0.258340,0.939630,1.648601,1
4981,55.344444,-0.258477,0.939251,1.648397,1
4982,55.355556,-0.258598,0.939362,1.648798,1
4983,55.366667,-0.258509,0.939526,1.648568,1
4984,55.377778,-0.258614,0.939273,1.648360,1
4985,55.388889,-0.258755,0.939521,1.648086,1
4986,55.400000,-0.258874,0.939438,1.647937,1
4987,55.411111,-0.259015,0.939236,1.647721,1
4988,55.422222,-0.259119,0.939239,1.647512,1
4989,55.433333,-0.259226,0.939240,1.647215,1
4990,55.444444,-0.259304,0.939078,1.646996,1
4991,55.455556,-0.259461,0.939072,1.646749,1
4992,55.466667,-0.259578,0.939108,1.646654,1
4993,55.477778,-0.259669,0.938995,1.646262,1
4994,55.488889,-0.259811,0.939138,1.646160,1
4995,55.500000,-0.259895,0.939049,1.645717,1
4996,55.511111,-0.260040,0.939086,1.645443,1
4997,55.522222,-0.260114,0.939010,1.645144,1
4998,55.533333,-0.260260,0.938639,1.644706,1
4999,55.544444,-0.260409,0.938695,1.644449,1
5000,55.555556,-0.260528,0.938749,1.644186,1
5001,55.566667,-0.260615,0.938644,1.644026,1
5002,55.577778,-0.260726,0.938576,1.643607,1
5003,55.588889,-0.260866,0.938547,1.643492,1
5004,55.600000,-0.261008,0.938614,1.643294,1
5005,55.611111,-0.261233,0.938613,1.643018,1
5006,55.622222,-0.261399,0.938576,1.642666,1
5007,55.633333,-0.261539,0.938176,1.642361,1
5008,55.644444,-0.261681,0.938473,1.642428,1
5009,55.655556,-0.261870,0.938389,1.642274,1
5010,55.666667,-0.262170,0.938203,1.641997,1
5011,55.677778,-0.262433,0.938164,1.641839,1
5012,55.688889,-0.262615,0.938149,1.641687,1
5013,55.700000,-0.262624,0.938168,1.642398,1
5014,55.711111,-0.262803,0.938598,1.642416,1
5015,55.722222,-0.263035,0.939366,1.642170,1
5016,55.733333,-0.263330,0.939474,1.641947,1
5017,55.744444,-0.263671,0.939607,1.641522,1
5018,55.755556,-0.264013,0.939236,1.641078,1
5019,55.766667,-0.264467,0.938868,1.640800,1
5020,55.777778,-0.264987,0.938721,1.640356,1
5021,55.788889,-0.265355,0.938551,1.640030,1
5022,55.800000,-0.265763,0.938519,1.639784,1
5023,55.811111,-0.266105,0.938532,1.639712,1
5024,55.822222,-0.266349,0.938603,1.639608,1
5025,55.833333,-0.266799,0.938477,1.639347,1
5026,55.844444,-0.267073,0.938690,1.639254,1
5027,55.855556,-0.267293,0.938714,1.639106,1
5028,55.866667,-0.267648,0.938703,1.638829,1
5029,55.877778,-0.268005,0.938832,1.638812,1
5030,55.888889,-0.268348,0.939095,1.638603,1
5031,55.900000,-0.268688,0.938880,1.638446,1
5032,55.911111,-0.268886,0.939191,1.638184,1
5033,55.922222,-0.269139,0.939151,1.638001,1
5034,55.933333,-0.269469,0.939241,1.637749,1
5035,55.944444,-0.269812,0.939013,1.637606,1
5036,55.955556,-0.269997,0.939210,1.637269,1
5037,55.966667,-0.270262,0.939203,1.637030,1
5038,55.977778,-0.270497,0.939155,1.636839,1
5039,55.988889,-0.270646,0.939225,1.636550,1
5040,56.000000,-0.270847,0.938922,1.636259,1
5041,56.011111,-0.271047,0.939106,1.636068,1
5042,56.022222,-0.271234,0.938862,1.635847,1
5043,56.033333,-0.271452,0.938823,1.635552,1
5044,56.044444,-0.271602,0.938989,1.635270,1
5045,56.055556,-0.271800,0.939036,1.635039,1
5046,56.066667,-0.271893,0.939164,1.634817,1
5047,56.077778,-0.271982,0.939364,1.634471,1
5048,56.088889,-0.272110,0.939145,1.634095,1
5049,56.100000,-0.272133,0.939079,1.633813,1
5050,56.111111,-0.272266,0.939026,1.633577,1
5051,56.122222,-0.272389,0.938751,1.633094,1
5052,56.133333,-0.272404,0.938862,1.632797,1
5053,56.144444,-0.272527,0.938522,1.632366,1
5054,56.155556,-0.272599,0.938819,1.632067,1
5055,56.166667,-0.272633,0.938911,1.631799,1
5056,56.177778,-0.272693,0.938653,1.631448,1
5057,56.188889,-0.272702,0.938734,1.631238,1
5058,56.200000,-0.272739,0.938648,1.630787,1
5059,56.211111,-0.272796,0.938586,1.630377,1
5060,56.222222,-0.272891,0.938732,1.630184,1
5061,56.233333,-0.272917,0.938507,1.629825,1
5062,56.244444,-0.272952,0.938347,1.629515,1
5063,56.255556,-0.273053,0.938386,1.629142,1
5064,56.266667,-0.273128,0.938383,1.628859,1
5065,56.277778,-0.273280,0.938382,1.628591,1
5066,56.288889,-0.273391,0.938250,1.628125,1
5067,56.300000,-0.273420,0.938447,1.627975,1
5068,56.311111,-0.273483,0.938350,1.627667,1
5069,56.322222,-0.273526,0.938359,1.627199,1
5070,56.333333,-0.273658,0.938280,1.626854,1
5071,56.344444,-0.273805,0.938300,1.626672,1
5072,56.355556,-0.273905,0.938144,1.626411,1
5073,56.366667,-0.273995,0.938261,1.626058,1
5074,56.377778,-0.274180,0.938659,1.625991,1
5075,56.388889,-0.274294,0.938621,1.625611,1
5076,56.400000,-0.274451,0.938413,1.625308,1
5077,56.411111,-0.274552,0.938584,1.625070,1
5078,56.422222,-0.274657,0.938683,1.624822,1
5079,56.433333,-0.274791,0.938453,1.624487,1
5080,56.444444,-0.274937,0.938430,1.624118,1
5081,56.455556,-0.275040,0.938367,1.623938,1
5082,56.466667,-0.275122,0.938345,1.623666,1
5083,56.477778,-0.275258,0.938294,1.623301,1
5084,56.488889,-0.275419,0.938160,1.622947,1
5085,56.500000,-0.275569,0.938233,1.622844,1
5086,56.511111,-0.275709,0.938296,1.622758,1
5087,56.522222,-0.275850,0.938452,1.622375,1
5088,56.533333,-0.275995,0.938429,1.622117,1
5089,56.544444,-0.276049,0.938609,1.621873,1
5090,56.555556,-0.276236,0.938293,1.621648,1
5091,56.566667,-0.276297,0.938433,1.621383,1
5092,56.577778,-0.276422,0.938581,1.621034,1
5093,56.588889,-0.276555,0.938520,1.620735,1
5094,56.600000,-0.276716,0.938289,1.620327,1
5095,56.611111,-0.276792,0.938392,1.620157,1
5096,56.622222,-0.276949,0.938262,1.619853,1
5097,56.633333,-0.277110,0.938030,1.619505,1
5098,56.644444,-0.277190,0.938252,1.619116,1
5099,56.655556,-0.277295,0.937819,1.618860,1
5100,56.666667,-0.277353,0.937906,1.618695,1
5101,56.677778,-0.277486,0.937929,1.618363,1
5102,56.688889,-0.277661,0.937898,1.618118,1
5103,56.700000,-0.277689,0.937953,1.617828,1
5104,56.711111,-0.277863,0.937752,1.617499,1
5105,56.722222,-0.277957,0.937812,1.617226,1
5106,56.733333,-0.278084,0.937726,1.617007,1
5107,56.744444,-0.278197,0.937723,1.616754,1
5108,56.755556,-0.278315,0.937675,1.616500,1
5109,56.766667,-0.278380,0.937728,1.616323,1
5110,56.777778,-0.278490,0.937403,1.616095,1
5111,56.788889,-0.278618,0.937341,1.615935,1
5112,56.800000,-0.278729,0.937276,1.615786,1
5113,56.811111,-0.278833,0.937263,1.615535,1
5114,56.822222,-0.278989,0.937392,1.615365,1
5115,56.833333,-0.279128,0.937214,1.615130,1
5116,56.844444,-0.279231,0.937492,1.614952,1
5117,56.855556,-0.279324,0.937389,1.614810,1
5118,56.866667,-0.279430,0.937452,1.614727,1
5119,56.877778,-0.279517,0.937648,1.614620,1
5120,56.888889,-0.279687,0.937528,1.614404,1
5121,56.900000,-0.279779,0.937488,1.614253,1
5122,56.911111,-0.279926,0.937579,1.614101,1
5123,56.922222,-0.280019,0.937657,1.614210,1
5124,56.933333,-0.280113,0.937465,1.614131,1
5125,56.944444,-0.280269,0.937471,1.613979,1
5126,56.955556,-0.280358,0.937352,1.613982,1
5127,56.966667,-0.280447,0.937581,1.614087,1
5128,56.977778,-0.280633,0.937503,1.613848,1
5129,56.988889,-0.280811,0.937690,1.613753,1
5130,57.000000,-0.280946,0.937500,1.613684,1
5131,57.011111,-0.281018,0.937376,1.613604,1
5132,57.022222,-0.281145,0.937317,1.613597,1
5133,57.033333,-0.281248,0.937462,1.613635,1
5134,57.044444,-0.281349,0.937239,1.613581,1
5135,57.055556,-0.281464,0.937223,1.613612,1
5136,57.066667,-0.281558,0.937218,1.613474,1
5137,57.077778,-0.281650,0.937186,1.613382,1
5138,57.088889,-0.281644,0.937175,1.613407,1
5139,57.100000,-0.281775,0.937123,1.613374,1
5140,57.111111,-0.281777,0.937253,1.613310,1
5141,57.122222,-0.281796,0.937222,1.613310,1
5142,57.133333,-0.281866,0.937190,1.613180,1
5143,57.144444,-0.281911,0.937016,1.613061,1
5144,57.155556,-0.281919,0.937134,1.613002,1
5145,57.166667,-0.281896,0.937043,1.612882,1
5146,57.177778,-0.281959,0.937034,1.612758,1
5147,57.188889,-0.281938,0.936863,1.612649,1
5148,57.200000,-0.281871,0.937084,1.612724,1
5149,57.211111,-0.281911,0.937005,1.612577,1
5150,57.222222,-0.281834,0.936972,1.612484,1
5151,57.233333,-0.281888,0.937009,1.612385,1
5152,57.244444,-0.281828,0.936996,1.612156,1
5153,57.255556,-0.281780,0.936930,1.612033,1
5154,57.266667,-0.281705,0.936917,1.611843,1
5155,57.277778,-0.281617,0.936769,1.611741,1
5156,57.288889,-0.281546,0.936854,1.611583,1
5157,57.300000,-0.281421,0.936886,1.611438,1
5158,57.311111,-0.281346,0.937059,1.611298,1
5159,57.322222,-0.281284,0.937012,1.611234,1
5160,57.333333,-0.281118,0.937205,1.611114,1
5161,57.344444,-0.281071,0.937041,1.610875,1
5162,57.355556,-0.280938,0.937022,1.610672,1
5163,57.366667,-0.280812,0.937072,1.610293,1
5164,57.377778,-0.280744,0.937147,1.610071,1
5165,57.388889,-0.280601,0.936969,1.609829,1
5166,57.400000,-0.280419,0.937131,1.609663,1
5167,57.411111,-0.280203,0.937213,1.609582,1
5168,57.422222,-0.280099,0.937010,1.609130,1
5169,57.433333,-0.279940,0.937202,1.609029,1
5170,57.444444,-0.279808,0.937083,1.608763,1
5171,57.455556,-0.279669,0.937102,1.608551,1
5172,57.466667,-0.279480,0.937118,1.608278,1
5173,57.477778,-0.279332,0.936927,1.608000,1
5174,57.488889,-0.279174,0.936868,1.607644,1
5175,57.500000,-0.278935,0.936869,1.607464,1
5176,57.511111,-0.278913,0.936517,1.607019,1
5177,57.522222,-0.278815,0.936554,1.606565,1
5178,57.533333,-0.278668,0.936618,1.606394,1
5179,57.544444,-0.278486,0.936744,1.606255,1
5180,57.555556,-0.278335,0.936529,1.606028,1
5181,57.566667,-0.278178,0.936347,1.605647,1
5182,57.577778,-0.278075,0.936129,1.605253,1
5183,57.588889,-0.277929,0.936294,1.604947,1
5184,57.600000,-0.277814,0.936130,1.604557,1
5185,57.611111,-0.277597,0.936354,1.604227,1
5186,57.622222,-0.277433,0.936251,1.603940,1
5187,57.633333,-0.277247,0.936127,1.603596,1
5188,57.644444,-0.277107,0.936136,1.603308,1
5189,57.655556,-0.276951,0.936173,1.602949,1
5190,57.666667,-0.276811,0.936055,1.602643,1
5191,57.677778,-0.276606,0.936046,1.602290,1
5192,57.688889,-0.276436,0.935842,1.601890,1
5193,57.700000,-0.276190,0.936255,1.601779,1
5194,57.711111,-0.275987,0.935947,1.601381,1
5195,57.722222,-0.275727,0.935960,1.601088,1
5196,57.733333,-0.275517,0.935870,1.600697,1
5197,57.744444,-0.275286,0.935754,1.600355,1
5198,57.755556,-0.275060,0.935752,1.599825,1
5199,57.766667,-0.274790,0.935656,1.599342,1
5200,57.777778,-0.274537,0.935653,1.598920,1
5201,57.788889,-0.274177,0.935708,1.598441,1
5202,57.800000,-0.273855,0.935296,1.597745,1
5203,57.811111,-0.273512,0.935316,1.597369,1
5204,57.822222,-0.273161,0.935358,1.596929,1
5205,57.833333,-0.272751,0.935151,1.596345,1
5206,57.844444,-0.272363,0.935133,1.595741,1
5207,57.855556,-0.271867,0.935034,1.595149,1
5208,57.866667,-0.271393,0.935065,1.594590,1
5209,57.877778,-0.270981,0.934788,1.593882,1
5210,57.888889,-0.270458,0.934745,1.593262,1
5211,57.900000,-0.269926,0.934648,1.592560,1
5212,57.911111,-0.269378,0.934610,1.592004,1
5213,57.922222,-0.268761,0.934795,1.591411,1
5214,57.933333,-0.268212,0.934453,1.590699,1
5215,57.944444,-0.267549,0.934404,1.589915,1
5216,57.955556,-0.266866,0.934719,1.589343,1
5217,57.966667,-0.266157,0.934401,1.588721,1
5218,57.977778,-0.265494,0.934100,1.587960,1
5219,57.988889,-0.264778,0.934255,1.587129,1
5220,58.000000,-0.263974,0.934321,1.586552,1
5221,58.011111,-0.263186,0.934201,1.585764,1
5222,58.022222,-0.262457,0.933967,1.585174,1
5223,58.033333,-0.261641,0.934015,1.584515,1
5224,58.044444,-0.260767,0.934033,1.583671,1
5225,58.055556,-0.259929,0.934126,1.583029,1
5226,58.066667,-0.259109,0.933615,1.582172,1
5227,58.077778,-0.258252,0.933548,1.581562,1
5228,58.088889,-0.257349,0.933521,1.580779,1
5229,58.100000,-0.256516,0.933374,1.579926,1
5230,58.111111,-0.255625,0.933359,1.579255,1
5231,58.122222,-0.254751,0.932924,1.578205,1
5232,58.133333,-0.253874,0.933149,1.577366,1
5233,58.144444,-0.252961,0.933288,1.576365,1
5234,58.155556,-0.252001,0.933413,1.575233,1
5235,58.166667,-0.251213,0.933314,1.574046,1
5236,58.177778,-0.250286,0.933653,1.572946,1
5237,58.188889,-0.249453,0.933660,1.571934,1
5238,58.200000,-0.248642,0.934087,1.570691,1
5239,58.211111,-0.247708,0.934183,1.569337,1
5240,58.222222,-0.246766,0.934724,1.568045,1
5241,58.233333,-0.246021,0.934745,1.566483,1
5242,58.244444,-0.245173,0.934868,1.564830,1
5243,58.255556,-0.244289,0.935477,1.562918,1
5244,58.266667,-0.243670,0.935579,1.561248,1
5245,58.277778,-0.242840,0.936031,1.559230,1
5246,58.288889,-0.242158,0.936224,1.557424,1
5247,58.300000,-0.241610,0.936688,1.554957,1
5248,58.311111,-0.241073,0.936971,1.552217,1
5249,58.322222,-0.240629,0.937466,1.549430,1
5250,58.333333,-0.240153,0.937887,1.546306,1
5251,58.344444,-0.239818,0.938254,1.542882,1
5252,58.355556,-0.239409,0.938591,1.539837,1
5253,58.366667,-0.239083,0.938421,1.536201,1
5254,58.377778,-0.238734,0.938720,1.532821,1
5255,58.388889,-0.238457,0.938772,1.528872,1
5256,58.400000,-0.238412,0.938298,1.525206,1
5257,58.411111,-0.238124,0.938449,1.521096,1
5258,58.422222,-0.238070,0.938202,1.516744,1
5259,58.433333,-0.237918,0.937620,1.512376,1
5260,58.444444,-0.237836,0.936985,1.507867,1
5261,58.455556,-0.237783,0.936620,1.503315,1
5262,58.466667,-0.237666,0.936321,1.498541,1
5263,58.477778,-0.237844,0.935942,1.493963,1
5264,58.488889,-0.237891,0.935411,1.489608,1
5265,58.500000,-0.237869,0.935786,1.485029,1
5266,58.511111,-0.237927,0.935621,1.480067,1
5267,58.522222,-0.238307,0.934404,1.474699,1
5268,58.533333,-0.238574,0.934255,1.469590,1
5269,58.544444,-0.239033,0.933907,1.464157,1
5270,58.555556,-0.239564,0.932847,1.459201,1
5271,58.566667,-0.240199,0.931562,1.453867,1
5272,58.577778,-0.240665,0.930856,1.448527,1
5273,58.588889,-0.241201,0.930171,1.443153,1
5274,58.600000,-0.242040,0.929547,1.437769,1
5275,58.611111,-0.243178,0.928566,1.432332,1
5276,58.622222,-0.244008,0.927635,1.426842,1
5277,58.633333,-0.244861,0.927031,1.421835,1
5278,58.644444,-0.245714,0.926142,1.416605,1
5279,58.655556,-0.246811,0.925842,1.411110,1
5280,58.666667,-0.247308,0.924361,1.406649,1
5281,58.677778,-0.247668,0.920714,1.401594,1
5282,58.688889,-0.249120,0.919705,1.396905,1
5283,58.700000,-0.250824,0.919063,1.392137,1
5284,58.711111,-0.252387,0.917880,1.387224,1
5285,58.722222,-0.253850,0.916650,1.382432,1
5286,58.733333,-0.255399,0.914903,1.376923,1
5287,58.744444,-0.257192,0.914031,1.371065,1
5288,58.755556,-0.259028,0.913992,1.365574,1
5289,58.766667,-0.260974,0.913346,1.359634,1
5290,58.777778,-0.263098,0.913268,1.353168,1
5291,58.788889,-0.264884,0.912925,1.348497,1
5292,58.800000,-0.266903,0.913063,1.342829,1
5293,58.811111,-0.268987,0.913340,1.336873,1
5294,58.822222,-0.270715,0.914252,1.331166,1
5295,58.833333,-0.272789,0.915013,1.325491,1
5296,58.844444,-0.274737,0.915858,1.319463,1
5297,58.855556,-0.276673,0.916758,1.313422,1
5298,58.866667,-0.278697,0.917940,1.307727,1
5299,58.877778,-0.280719,0.919264,1.301762,1
5300,58.888889,-0.282713,0.920832,1.295665,1
5301,58.900000,-0.284526,0.922772,1.290084,1
5302,58.911111,-0.286295,0.924556,1.284428,1
5303,58.922222,-0.288282,0.926361,1.278281,1
5304,58.933333,-0.290095,0.927904,1.273179,1
5305,58.944444,-0.292270,0.930600,1.268511,1
5306,58.955556,-0.294081,0.934704,1.265134,1
5307,58.966667,-0.295733,0.939391,1.262101,1
5308,58.977778,-0.302242,0.942447,1.263755,1
5309,58.988889,-0.303221,0.943905,1.258803,1
5310,59.000000,-0.304582,0.944521,1.253450,1
5311,59.011111,-0.306178,0.945236,1.247558,1
5312,59.022222,-0.307662,0.945381,1.241328,1
5313,59.033333,-0.309315,0.945461,1.235168,1
5314,59.044444,-0.310895,0.945353,1.228877,1
5315,59.055556,-0.312287,0.945661,1.222382,1
5316,59.066667,-0.313570,0.946079,1.216011,1
5317,59.077778,-0.314800,0.946344,1.209553,1
5318,59.088889,-0.316061,0.946554,1.202894,1
5319,59.100000,-0.317194,0.947296,1.196257,1
5320,59.111111,-0.318148,0.947687,1.189709,1
5321,59.122222,-0.319427,0.947739,1.183107,1
5322,59.133333,-0.320683,0.948639,1.175835,1
5323,59.144444,-0.319659,0.951754,1.169114,1
5324,59.155556,-0.316595,0.974992,1.164015,1
5325,59.166667,-0.318207,0.972588,1.157199,1
5326,59.177778,-0.319293,0.972106,1.150255,1
5327,59.188889,-0.320035,0.972727,1.143059,1
5328,59.200000,-0.320671,0.973461,1.135867,1
5329,59.211111,-0.321469,0.973465,1.128629,1
5330,59.222222,-0.322181,0.973427,1.121535,1
5331,59.233333,-0.323174,0.972659,1.114288,1
5332,59.244444,-0.324196,0.971107,1.106986,1
5333,59.255556,-0.324837,0.969863,1.099505,1
5334,59.266667,-0.329156,0.967988,1.095861,1
5335,59.277778,-0.333648,0.965968,1.094306,1
5336,59.288889,-0.333662,0.966090,1.087714,1
5337,59.300000,-0.333884,0.965433,1.080672,1
5338,59.311111,-0.334253,0.964553,1.073220,1
5339,59.322222,-0.334256,0.962847,1.065705,1
5340,59.333333,-0.334417,0.960174,1.058421,1
5341,59.344444,-0.333801,0.962186,1.050953,1
5342,59.355556,-0.334177,0.959824,1.043690,1
5343,59.366667,-0.334264,0.958323,1.036927,1
5344,59.377778,-0.333951,0.956997,1.029605,1
5345,59.388889,-0.333851,0.954925,1.022242,1
5346,59.400000,-0.333455,0.953653,1.015031,1
5347,59.411111,-0.333102,0.952526,1.007999,1
5348,59.422222,-0.332538,0.951747,1.001149,1
5349,59.433333,-0.332025,0.950748,0.994348,1
5350,59.444444,-0.331223,0.950272,0.987423,1
5351,59.455556,-0.330443,0.949400,0.980908,1
5352,59.466667,-0.329783,0.948248,0.974415,1
5353,59.477778,-0.328932,0.947657,0.967801,1
5354,59.488889,-0.328092,0.946642,0.961164,1
5355,59.500000,-0.327117,0.945653,0.954402,1
5356,59.511111,-0.325372,0.947395,0.947483,1
5357,59.522222,-0.323264,0.949749,0.940340,1
5358,59.533333,-0.320965,0.952119,0.933267,1
5359,59.544444,-0.318843,0.954700,0.926119,1
5360,59.555556,-0.317217,0.956361,0.919074,1
5361,59.566667,-0.315998,0.956788,0.912364,1
5362,59.577778,-0.314761,0.957896,0.905127,1
5363,59.588889,-0.313990,0.957475,0.898391,1
5364,59.600000,-0.313145,0.957316,0.891646,1
5365,59.611111,-0.311074,0.960756,0.885007,1
5366,59.622222,-0.309381,0.964116,0.878100,1
5367,59.633333,-0.309573,0.962589,0.871604,1
5368,59.644444,-0.311072,0.960044,0.861020,1
5369,59.655556,-0.312735,0.954078,0.853719,1
5370,59.666667,-0.311580,0.955883,0.845887,1
5371,59.677778,-0.310470,0.957377,0.838258,1
5372,59.688889,-0.310076,0.957239,0.830554,1
5373,59.700000,-0.309851,0.957592,0.823057,1
5374,59.711111,-0.309432,0.958067,0.815737,1
5375,59.722222,-0.308836,0.958722,0.808310,1
5376,59.733333,-0.308095,0.959711,0.800901,1
5377,59.744444,-0.307005,0.960730,0.793418,1
5378,59.755556,-0.305877,0.962693,0.785830,1
5379,59.766667,-0.305063,0.963269,0.778260,1
5380,59.777778,-0.304448,0.964023,0.770348,1
5381,59.788889,-0.304133,0.964102,0.762348,1
5382,59.800000,-0.303765,0.964018,0.754250,1
5383,59.811111,-0.303480,0.963776,0.746199,1
5384,59.822222,-0.303043,0.963671,0.738228,1
5385,59.833333,-0.302602,0.963685,0.730166,1
5386,59.844444,-0.302302,0.963808,0.722010,1
5387,59.855556,-0.302461,0.962395,0.713583,1
5388,59.866667,-0.302200,0.962446,0.705388,1
5389,59.877778,-0.302018,0.962081,0.697130,1
5390,59.888889,-0.301903,0.961704,0.688725,1
5391,59.900000,-0.301797,0.961387,0.680481,1
5392,59.911111,-0.301786,0.960805,0.672158,1
5393,59.922222,-0.301782,0.960329,0.663648,1
5394,59.933333,-0.301713,0.959944,0.655377,1
5395,59.944444,-0.302349,0.957787,0.646154,1
5396,59.955556,-0.302697,0.956021,0.637170,1
5397,59.966667,-0.302939,0.954986,0.628542,1
5398,59.977778,-0.303340,0.954134,0.619844,1
5399,59.988889,-0.303949,0.953770,0.611055,1
5400,60.000000,-0.304375,0.952954,0.602522,1
5401,60.011111,-0.305113,0.952314,0.594054,1
5402,60.022222,-0.305866,0.951421,0.585652,1
5403,60.033333,-0.308199,0.951197,0.576877,1
5404,60.044444,-0.300313,0.911505,0.579913,1
5405,60.055556,-0.294174,0.901046,0.574182,1
5406,60.066667,-0.286349,0.892075,0.568646,1
5407,60.077778,-0.279016,0.885887,0.563026,1
5408,60.088889,-0.273648,0.882194,0.556939,1
5409,60.100000,-0.270780,0.879946,0.549952,1
5410,60.111111,-0.270179,0.878305,0.542027,1
5411,60.122222,-0.270139,0.877180,0.535358,1
5412,60.133333,-0.271054,0.875891,0.527727,1
5413,60.144444,-0.272372,0.874315,0.519964,1
5414,60.155556,-0.273534,0.872928,0.513312,1
5415,60.166667,-0.274855,0.871502,0.506576,1
5416,60.177778,-0.276353,0.870027,0.500049,1
5417,60.188889,-0.278023,0.868707,0.493449,1
5418,60.200000,-0.279685,0.867851,0.485931,1
5419,60.211111,-0.281296,0.867388,0.478052,1
5420,60.222222,-0.282979,0.867161,0.470525,1
5421,60.233333,-0.284768,0.866976,0.463426,1
5422,60.244444,-0.286755,0.867012,0.456294,1
5423,60.255556,-0.288615,0.867503,0.449207,1
5424,60.266667,-0.290608,0.868161,0.442007,1
5425,60.277778,-0.292532,0.869048,0.435067,1
5426,60.288889,-0.294511,0.870198,0.428194,1
5427,60.300000,-0.296537,0.871451,0.421359,1
5428,60.311111,-0.298630,0.872569,0.414403,1
5429,60.322222,-0.300689,0.873677,0.407500,1
5430,60.333333,-0.302891,0.874513,0.400399,1
5431,60.344444,-0.305061,0.875292,0.393371,1
5432,60.355556,-0.307087,0.875914,0.386229,1
5433,60.366667,-0.309134,0.876357,0.379054,1
5434,60.377778,-0.311030,0.876580,0.371849,1
5435,60.388889,-0.312966,0.876690,0.364978,1
5436,60.400000,-0.314747,0.876677,0.358267,1
5437,60.411111,-0.316376,0.876633,0.351779,1
5438,60.422222,-0.318112,0.876569,0.345329,1
5439,60.433333,-0.319664,0.876510,0.339074,1
5440,60.444444,-0.321038,0.876638,0.332425,1
5441,60.455556,-0.322621,0.876677,0.325614,1
5442,60.466667,-0.323765,0.876671,0.318822,1
5443,60.477778,-0.324988,0.876684,0.311880,1
5444,60.488889,-0.326498,0.876884,0.304284,1
5445,60.500000,-0.327788,0.876908,0.296954,1
5446,60.511111,-0.328865,0.877047,0.289695,1
5447,60.522222,-0.329844,0.877111,0.282547,1
5448,60.533333,-0.330986,0.877167,0.275252,1
5449,60.544444,-0.332131,0.877237,0.268211,1
5450,60.555556,-0.333092,0.877114,0.260879,1
5451,60.566667,-0.334352,0.877028,0.253798,1
5452,60.577778,-0.349647,0.951805,0.238729,1
5453,60.588889,-0.353046,0.989797,0.223089,1
5454,60.600000,-0.349127,0.913336,0.292690,1
5455,60.611111,-0.334916,0.885248,0.248379,1
5456,60.622222,-0.335467,0.878830,0.200593,1
5457,60.633333,-0.338844,0.877560,0.188660,1
5458,60.644444,-0.344628,0.876617,0.181093,1
5459,60.655556,-0.348438,0.876370,0.171305,1
5460,60.666667,-0.346372,0.876066,0.163096,1
5461,60.677778,-0.345719,0.876002,0.154807,1
5462,60.688889,-0.345566,0.875825,0.147174,1
5463,60.700000,-0.345170,0.875232,0.140237,1
5464,60.711111,-0.344426,0.873612,0.134821,1
5465,60.722222,-0.344898,0.874178,0.126284,1
5466,60.733333,-0.344815,0.872573,0.120501,1
5467,60.744444,-0.344891,0.871878,0.113165,1
5468,60.755556,-0.344970,0.871296,0.105973,1
5469,60.766667,-0.344881,0.870559,0.098711,1
5470,60.777778,-0.344710,0.870030,0.091590,1
5471,60.788889,-0.344391,0.869236,0.084484,1
5472,60.800000,-0.344137,0.868363,0.077514,1
5473,60.811111,-0.343846,0.867384,0.070731,1
5474,60.822222,-0.343333,0.866346,0.063815,1
5475,60.833333,-0.342860,0.865350,0.056616,1
5476,60.844444,-0.342409,0.864298,0.049309,1
5477,60.855556,-0.341795,0.863128,0.042067,1
5478,60.866667,-0.341188,0.861833,0.034761,1
5479,60.877778,-0.340545,0.860371,0.027474,1
5480,60.888889,-0.339806,0.858908,0.020164,1
5481,60.900000,-0.339098,0.857346,0.012847,1
5482,60.911111,-0.338306,0.855790,0.005424,1
5483,60.922222,-0.337389,0.854243,-0.002255,1
5484,60.933333,-0.336202,0.853160,-0.010346,1
5485,60.944444,-0.334851,0.852639,-0.018711,1
5486,60.955556,-0.333388,0.852417,-0.027103,1
5487,60.966667,-0.331903,0.852656,-0.035151,1
5488,60.977778,-0.330431,0.853246,-0.043209,1
5489,60.988889,-0.329091,0.854243,-0.051564,1
5490,61.000000,-0.327562,0.855570,-0.060119,1
5491,61.011111,-0.326016,0.856966,-0.068656,1
5492,61.022222,-0.324528,0.858366,-0.077176,1
5493,61.033333,-0.323152,0.859780,-0.085707,1
5494,61.044444,-0.321604,0.861239,-0.094173,1
5495,61.055556,-0.319829,0.862500,-0.102261,1
5496,61.066667,-0.318331,0.863812,-0.110627,1
5497,61.077778,-0.316616,0.865106,-0.119183,1
5498,61.088889,-0.315154,0.866325,-0.128056,1
5499,61.100000,-0.313553,0.867406,-0.136592,1
5500,61.111111,-0.312034,0.868305,-0.145118,1
5501,61.122222,-0.310603,0.869060,-0.153633,1
5502,61.133333,-0.309286,0.869768,-0.162404,1
5503,61.144444,-0.308103,0.870453,-0.171321,1
5504,61.155556,-0.307145,0.871079,-0.180171,1
5505,61.166667,-0.306084,0.871889,-0.189149,1
5506,61.177778,-0.305326,0.872666,-0.198214,1
5507,61.188889,-0.304453,0.873409,-0.207323,1
5508,61.200000,-0.303475,0.874254,-0.216553,1
5509,61.211111,-0.305036,0.874636,-0.227158,1
5510,61.222222,-0.322017,0.881558,-0.234219,1
5511,61.233333,-0.321009,0.886054,-0.245887,1
5512,61.244444,-0.320999,0.887769,-0.255546,1
5513,61.255556,-0.321059,0.888532,-0.264522,1
5514,61.266667,-0.321069,0.889195,-0.273853,1
5515,61.277778,-0.320706,0.889834,-0.283008,1
5516,61.288889,-0.320130,0.890232,-0.291973,1
5517,61.300000,-0.319393,0.890661,-0.300954,1
5518,61.311111,-0.318457,0.891057,-0.309826,1
5519,61.322222,-0.317553,0.891378,-0.318564,1
5520,61.333333,-0.316732,0.891691,-0.327258,1
5521,61.344444,-0.315859,0.891880,-0.336083,1
5522,61.355556,-0.314946,0.892181,-0.344749,1
5523,61.366667,-0.314192,0.892394,-0.353310,1
5524,61.377778,-0.313480,0.892659,-0.361944,1
5525,61.388889,-0.312723,0.892838,-0.370582,1
5526,61.400000,-0.312012,0.892927,-0.379232,1
5527,61.411111,-0.311314,0.892926,-0.387799,1
5528,61.422222,-0.310714,0.892804,-0.396367,1
5529,61.433333,-0.310130,0.892697,-0.404825,1
5530,61.444444,-0.309597,0.892410,-0.413302,1
5531,61.455556,-0.309169,0.892115,-0.421719,1
5532,61.466667,-0.308870,0.891752,-0.430097,1
5533,61.477778,-0.308620,0.891359,-0.438427,1
5534,61.488889,-0.308512,0.890722,-0.446571,1
5535,61.500000,-0.306355,0.888282,-0.458058,1
5536,61.511111,-0.306498,0.888372,-0.465387,1
5537,61.522222,-0.306620,0.888310,-0.472606,1
5538,61.533333,-0.306589,0.887737,-0.479623,1
5539,61.544444,-0.306448,0.886778,-0.486707,1
5540,61.555556,-0.306368,0.885229,-0.493267,1
5541,61.566667,-0.306360,0.883562,-0.499699,1
5542,61.577778,-0.306360,0.881861,-0.506060,1
5543,61.588889,-0.306389,0.880157,-0.512388,1
5544,61.600000,-0.306177,0.878414,-0.519122,1
5545,61.611111,-0.306113,0.876519,-0.525859,1
5546,61.622222,-0.306262,0.875157,-0.533082,1
5547,61.633333,-0.306671,0.874607,-0.540735,1
5548,61.644444,-0.307254,0.874129,-0.548076,1
5549,61.655556,-0.309265,0.872684,-0.555969,1
5550,61.666667,-0.310662,0.871028,-0.563574,1
5551,61.677778,-0.310871,0.869386,-0.571753,1
5552,61.688889,-0.311246,0.866980,-0.583528,1
5553,61.700000,-0.312014,0.865947,-0.591457,1
5554,61.711111,-0.312314,0.866833,-0.598455,1
5555,61.722222,-0.312431,0.867045,-0.606869,1
5556,61.733333,-0.312477,0.868230,-0.613944,1
5557,61.744444,-0.312301,0.868583,-0.622401,1
5558,61.755556,-0.312161,0.869755,-0.629643,1
5559,61.766667,-0.311383,0.870908,-0.637528,1
5560,61.777778,-0.311380,0.870380,-0.646172,1
5561,61.788889,-0.311298,0.870883,-0.653155,1
5562,61.800000,-0.310289,0.871938,-0.660881,1
5563,61.811111,-0.310065,0.871142,-0.669300,1
5564,61.822222,-0.309818,0.871554,-0.676776,1
5565,61.833333,-0.308732,0.872492,-0.684976,1
5566,61.844444,-0.308153,0.871900,-0.694037,1
5567,61.855556,-0.307658,0.872446,-0.701717,1
5568,61.866667,-0.306136,0.873704,-0.709928,1
5569,61.877778,-0.305359,0.873179,-0.719132,1
5570,61.888889,-0.304754,0.873924,-0.727069,1
5571,61.900000,-0.303033,0.875386,-0.735636,1
5572,61.911111,-0.302026,0.875242,-0.745219,1
5573,61.922222,-0.301311,0.875930,-0.753161,1
5574,61.933333,-0.299635,0.877386,-0.761811,1
5575,61.944444,-0.298521,0.877312,-0.771495,1
5576,61.955556,-0.297948,0.877805,-0.779623,1
5577,61.966667,-0.296267,0.879030,-0.788390,1
5578,61.977778,-0.294728,0.878407,-0.801427,1
5579,61.988889,-0.293684,0.879012,-0.809878,1
5580,62.000000,-0.292344,0.879008,-0.819336,1
5581,62.011111,-0.291485,0.879291,-0.827670,1
5582,62.022222,-0.290084,0.879723,-0.836135,1
5583,62.033333,-0.288691,0.879065,-0.846022,1
5584,62.044444,-0.287507,0.879043,-0.854337,1
5585,62.055556,-0.286069,0.879189,-0.862667,1
5586,62.066667,-0.284431,0.878446,-0.872513,1
5587,62.077778,-0.283059,0.878347,-0.880784,1
5588,62.088889,-0.281605,0.878292,-0.888961,1
5589,62.100000,-0.279657,0.877347,-0.898684,1
5590,62.111111,-0.278107,0.877156,-0.906917,1
5591,62.122222,-0.276589,0.876893,-0.914868,1
5592,62.133333,-0.274723,0.875755,-0.924255,1
5593,62.144444,-0.273130,0.875472,-0.932133,1
5594,62.155556,-0.271498,0.875102,-0.939722,1
5595,62.166667,-0.269446,0.873878,-0.948739,1
5596,62.177778,-0.267728,0.873306,-0.956312,1
5597,62.188889,-0.266185,0.872361,-0.963199,1
5598,62.200000,-0.263957,0.870624,-0.971748,1
5599,62.211111,-0.262165,0.869494,-0.978669,1
5600,62.222222,-0.260483,0.868150,-0.985293,1
5601,62.233333,-0.258313,0.866013,-0.993422,1
5602,62.244444,-0.256440,0.864601,-1.000056,1
5603,62.255556,-0.254676,0.863113,-1.006372,1
5604,62.266667,-0.252468,0.860913,-1.014404,1
5605,62.277778,-0.250548,0.859835,-1.021198,1
5606,62.288889,-0.248303,0.859267,-1.027975,1
5607,62.300000,-0.245703,0.858394,-1.036391,1
5608,62.311111,-0.243589,0.858602,-1.043340,1
5609,62.322222,-0.241758,0.858997,-1.049605,1
5610,62.333333,-0.239576,0.858853,-1.057582,1
5611,62.344444,-0.237553,0.859953,-1.064127,1
5612,62.355556,-0.235808,0.861090,-1.070188,1
5613,62.366667,-0.233736,0.861725,-1.077870,1
5614,62.377778,-0.231976,0.863027,-1.084555,1
5615,62.388889,-0.230218,0.864727,-1.090712,1
5616,62.400000,-0.228719,0.866121,-1.097077,1
5617,62.411111,-0.227569,0.868151,-1.102835,1
5618,62.422222,-0.226352,0.870091,-1.108967,1
5619,62.433333,-0.225020,0.870567,-1.116721,1
5620,62.444444,-0.221206,0.870085,-1.125999,1
5621,62.455556,-0.219503,0.871792,-1.131935,1
5622,62.466667,-0.217503,0.873480,-1.138213,1
5623,62.477778,-0.216129,0.873509,-1.146228,1
5624,62.488889,-0.214720,0.873457,-1.153837,1
5625,62.500000,-0.212911,0.875030,-1.160269,1
5626,62.511111,-0.211597,0.875487,-1.167966,1
5627,62.522222,-0.210323,0.875695,-1.175722,1
5628,62.533333,-0.208679,0.877096,-1.182377,1
5629,62.544444,-0.207281,0.877608,-1.190473,1
5630,62.555556,-0.205909,0.877816,-1.198489,1
5631,62.566667,-0.204482,0.878506,-1.205922,1
5632,62.577778,-0.203020,0.879332,-1.213587,1
5633,62.588889,-0.201441,0.880000,-1.221162,1
5634,62.600000,-0.199910,0.880574,-1.228733,1
5635,62.611111,-0.198800,0.880931,-1.236503,1
5636,62.622222,-0.196936,0.882264,-1.243380,1
5637,62.633333,-0.195538,0.882323,-1.251462,1
5638,62.644444,-0.194377,0.881975,-1.259168,1
5639,62.655556,-0.192962,0.882137,-1.266581,1
5640,62.666667,-0.191584,0.882160,-1.273891,1
5641,62.677778,-0.190311,0.882178,-1.281273,1
5642,62.688889,-0.189045,0.882101,-1.288613,1
5643,62.700000,-0.187719,0.881963,-1.295943,1
5644,62.711111,-0.186538,0.881985,-1.303205,1
5645,62.722222,-0.185313,0.882085,-1.310261,1
5646,62.733333,-0.184217,0.882049,-1.317338,1
5647,62.744444,-0.183197,0.881879,-1.324298,1
5648,62.755556,-0.182447,0.881668,-1.331304,1
5649,62.766667,-0.181780,0.881338,-1.338248,1
5650,62.777778,-0.181262,0.880848,-1.345081,1
5651,62.788889,-0.180542,0.881391,-1.351002,1
5652,62.800000,-0.179847,0.881694,-1.357214,1
5653,62.811111,-0.179922,0.880340,-1.364402,1
5654,62.822222,-0.179911,0.878735,-1.371498,1
5655,62.833333,-0.179746,0.878055,-1.377829,1
5656,62.844444,-0.179746,0.877302,-1.383929,1
5657,62.855556,-0.179792,0.876320,-1.390031,1
5658,62.866667,-0.179821,0.875169,-1.395935,1
5659,62.877778,-0.179632,0.874898,-1.400987,1
5660,62.888889,-0.180035,0.873397,-1.406813,1
5661,62.900000,-0.180570,0.871053,-1.413030,1
5662,62.911111,-0.180921,0.869433,-1.418590,1
5663,62.922222,-0.181020,0.868712,-1.423311,1
5664,62.933333,-0.181617,0.866734,-1.428574,1
5665,62.944444,-0.182433,0.864260,-1.434724,1
5666,62.955556,-0.183367,0.862990,-1.440776,1
5667,62.966667,-0.184106,0.863417,-1.446283,1
5668,62.977778,-0.185339,0.862865,-1.452305,1
5669,62.988889,-0.186661,0.861575,-1.458710,1
5670,63.000000,-0.187731,0.861202,-1.464419,1
5671,63.011111,-0.188760,0.861130,-1.470144,1
5672,63.022222,-0.189679,0.861548,-1.476075,1
5673,63.033333,-0.190771,0.862238,-1.481781,1
5674,63.044444,-0.191698,0.863082,-1.487644,1
5675,63.055556,-0.192778,0.864314,-1.493363,1
5676,63.066667,-0.193741,0.865558,-1.499051,1
5677,63.077778,-0.194682,0.867002,-1.504691,1
5678,63.088889,-0.195708,0.868952,-1.509783,1
5679,63.100000,-0.196748,0.870836,-1.514920,1
5680,63.111111,-0.197611,0.872397,-1.520366,1
5681,63.122222,-0.198281,0.873776,-1.526024,1
5682,63.133333,-0.198822,0.874978,-1.531787,1
5683,63.144444,-0.199272,0.875925,-1.537742,1
5684,63.155556,-0.199316,0.875265,-1.545846,1
5685,63.166667,-0.199871,0.875410,-1.552022,1
5686,63.177778,-0.200633,0.876151,-1.560099,1
5687,63.188889,-0.200732,0.877020,-1.567518,1
5688,63.200000,-0.200913,0.877436,-1.573729,1
5689,63.211111,-0.201016,0.877798,-1.579895,1
5690,63.222222,-0.200820,0.878090,-1.585951,1
5691,63.233333,-0.200908,0.878456,-1.592843,1
5692,63.244444,-0.200701,0.879099,-1.599504,1
5693,63.255556,-0.200810,0.879555,-1.606083,1
5694,63.266667,-0.201512,0.878939,-1.614205,1
5695,63.277778,-0.201336,0.879498,-1.621578,1
5696,63.288889,-0.201204,0.880313,-1.628478,1
5697,63.300000,-0.201056,0.881026,-1.635313,1
5698,63.311111,-0.200860,0.881772,-1.641938,1
5699,63.322222,-0.200757,0.882234,-1.648607,1
5700,63.333333,-0.201465,0.880894,-1.656039,1
5701,63.344444,-0.201176,0.881684,-1.662391,1
5702,63.355556,-0.200932,0.882359,-1.668192,1
5703,63.366667,-0.200596,0.882675,-1.674027,1
5704,63.377778,-0.200181,0.882931,-1.680042,1
5705,63.388889,-0.199527,0.883396,-1.685965,1
5706,63.400000,-0.200192,0.883788,-1.691054,1
5707,63.411111,-0.200551,0.884066,-1.695809,1
5708,63.422222,-0.200602,0.883068,-1.702351,1
5709,63.433333,-0.200060,0.882644,-1.708015,1
5710,63.444444,-0.199431,0.882153,-1.713676,1
5711,63.455556,-0.199185,0.881763,-1.719109,1
5712,63.466667,-0.198456,0.881589,-1.724490,1
5713,63.477778,-0.197573,0.881088,-1.729627,1
5714,63.488889,-0.196956,0.880519,-1.734833,1
5715,63.500000,-0.196021,0.879951,-1.739546,1
5716,63.511111,-0.194874,0.879625,-1.744083,1
5717,63.522222,-0.193811,0.879164,-1.748591,1
5718,63.533333,-0.192717,0.878765,-1.752893,1
5719,63.544444,-0.191772,0.878685,-1.756649,1
5720,63.555556,-0.191381,0.878618,-1.759578,1
5721,63.566667,-0.190804,0.878312,-1.762581,1
5722,63.577778,-0.190003,0.877804,-1.765621,1
5723,63.588889,-0.188989,0.877197,-1.768788,1
5724,63.600000,-0.188207,0.876283,-1.772057,1
5725,63.611111,-0.186476,0.875154,-1.775157,1
5726,63.622222,-0.184914,0.874219,-1.778342,1
5727,63.633333,-0.183370,0.873718,-1.781497,1
5728,63.644444,-0.181622,0.873133,-1.784562,1
5729,63.655556,-0.179563,0.872260,-1.788001,1
5730,63.666667,-0.177782,0.871919,-1.791156,1
5731,63.677778,-0.175796,0.871402,-1.794529,1
5732,63.688889,-0.174045,0.871703,-1.797346,1
5733,63.700000,-0.172296,0.871800,-1.800182,1
5734,63.711111,-0.170324,0.872060,-1.803154,1
5735,63.722222,-0.168262,0.872468,-1.805997,1
5736,63.733333,-0.166929,0.871458,-1.813750,1
5737,63.744444,-0.164457,0.871662,-1.816789,1
5738,63.755556,-0.161721,0.872003,-1.819775,1
5739,63.766667,-0.159514,0.872232,-1.822446,1
5740,63.777778,-0.157904,0.872336,-1.824933,1
5741,63.788889,-0.156183,0.872599,-1.827526,1
5742,63.800000,-0.154502,0.872662,-1.830069,1
5743,63.811111,-0.152356,0.873143,-1.832962,1
5744,63.822222,-0.151711,0.874091,-1.835490,1
5745,63.833333,-0.150165,0.874844,-1.838252,1
5746,63.844444,-0.148728,0.875689,-1.840542,1
5747,63.855556,-0.147836,0.875598,-1.842153,1
5748,63.866667,-0.146649,0.876376,-1.844520,1
5749,63.877778,-0.145065,0.877026,-1.847022,1
5750,63.888889,-0.143756,0.877531,-1.849458,1
5751,63.900000,-0.142538,0.877670,-1.851755,1
5752,63.911111,-0.141262,0.877978,-1.854267,1
5753,63.922222,-0.140063,0.878601,-1.856743,1
5754,63.933333,-0.139250,0.879111,-1.859208,1
5755,63.944444,-0.138667,0.879461,-1.861477,1
5756,63.955556,-0.137952,0.879976,-1.864025,1
5757,63.966667,-0.137172,0.880629,-1.866735,1
5758,63.977778,-0.136326,0.880775,-1.868866,1
5759,63.988889,-0.135911,0.881161,-1.871173,1
5760,64.000000,-0.135415,0.881529,-1.873863,1
5761,64.011111,-0.135351,0.881823,-1.876796,1
5762,64.022222,-0.135067,0.881900,-1.879033,1
5763,64.033333,-0.135034,0.882062,-1.881358,1
5764,64.044444,-0.134689,0.882046,-1.883936,1
5765,64.055556,-0.134676,0.882113,-1.886409,1
5766,64.066667,-0.134260,0.881886,-1.888727,1
5767,64.077778,-0.134067,0.881502,-1.890722,1
5768,64.088889,-0.133788,0.881219,-1.893084,1
5769,64.100000,-0.133877,0.881005,-1.895495,1
5770,64.111111,-0.133721,0.880360,-1.897686,1
5771,64.122222,-0.134372,0.880109,-1.901452,1
5772,64.133333,-0.134244,0.879420,-1.903692,1
5773,64.144444,-0.135237,0.878464,-1.905580,1
5774,64.155556,-0.135336,0.877592,-1.907068,1
5775,64.166667,-0.135601,0.876752,-1.908263,1
5776,64.177778,-0.136292,0.876384,-1.910734,1
5777,64.188889,-0.136891,0.876223,-1.911895,1
5778,64.200000,-0.137051,0.875744,-1.912961,1
5779,64.211111,-0.136983,0.875655,-1.914531,1
5780,64.222222,-0.136879,0.876009,-1.916472,1
5781,64.233333,-0.136647,0.876396,-1.917812,1
5782,64.244444,-0.136754,0.876449,-1.918599,1
5783,64.255556,-0.136946,0.876917,-1.920013,1
5784,64.266667,-0.137358,0.876866,-1.920977,1
5785,64.277778,-0.138255,0.876940,-1.922503,1
5786,64.288889,-0.138636,0.875784,-1.925395,1
5787,64.300000,-0.139438,0.875711,-1.926774,1
5788,64.311111,-0.140059,0.875717,-1.927843,1
5789,64.322222,-0.140760,0.875621,-1.928722,1
5790,64.333333,-0.141444,0.875504,-1.929470,1
5791,64.344444,-0.142314,0.875228,-1.930140,1
5792,64.355556,-0.143287,0.874883,-1.930679,1
5793,64.366667,-0.144247,0.874595,-1.931120,1
5794,64.377778,-0.145177,0.874330,-1.931525,1
5795,64.388889,-0.145775,0.874338,-1.932282,1
5796,64.400000,-0.146152,0.874445,-1.933058,1
5797,64.411111,-0.146589,0.874529,-1.933786,1
5798,64.422222,-0.147051,0.874639,-1.934270,1
5799,64.433333,-0.147672,0.874703,-1.934641,1
5800,64.444444,-0.148164,0.874782,-1.935001,1
5801,64.455556,-0.148684,0.874844,-1.935386,1
5802,64.466667,-0.149181,0.874851,-1.935663,1
5803,64.477778,-0.149650,0.874866,-1.935965,1
5804,64.488889,-0.150132,0.874861,-1.936160,1
5805,64.500000,-0.150566,0.874876,-1.936489,1
5806,64.511111,-0.150926,0.874809,-1.936741,1
5807,64.522222,-0.151563,0.875729,-1.936313,1
5808,64.533333,-0.152350,0.875729,-1.936453,1
5809,64.544444,-0.152957,0.875831,-1.936308,1
5810,64.555556,-0.153158,0.875731,-1.936521,1
5811,64.566667,-0.153237,0.875534,-1.936759,1
5812,64.577778,-0.153776,0.875655,-1.936681,1
5813,64.588889,-0.153527,0.875418,-1.937037,1
5814,64.600000,-0.153395,0.875101,-1.937356,1
5815,64.611111,-0.155025,0.875107,-1.937338,1
5816,64.622222,-0.155313,0.874858,-1.937545,1
5817,64.633333,-0.155381,0.874623,-1.937898,1
5818,64.644444,-0.156489,0.874834,-1.937559,1
5819,64.655556,-0.156666,0.874782,-1.937740,1
5820,64.666667,-0.156761,0.874620,-1.938048,1
5821,64.677778,-0.157721,0.874930,-1.937713,1
5822,64.688889,-0.157933,0.874939,-1.937811,1
5823,64.700000,-0.157972,0.874856,-1.938052,1
5824,64.711111,-0.158918,0.875215,-1.937689,1
5825,64.722222,-0.159026,0.875226,-1.937729,1
5826,64.733333,-0.158997,0.875092,-1.938008,1
5827,64.744444,-0.159807,0.875436,-1.937694,1
5828,64.755556,-0.159897,0.875381,-1.937755,1
5829,64.766667,-0.159844,0.875183,-1.938041,1
5830,64.777778,-0.160684,0.875408,-1.937747,1
5831,64.788889,-0.160626,0.875301,-1.937805,1
5832,64.800000,-0.159701,0.875332,-1.938068,1
5833,64.811111,-0.159930,0.875289,-1.938058,1
5834,64.822222,-0.159927,0.875092,-1.938093,1
5835,64.833333,-0.159851,0.874908,-1.938092,1
5836,64.844444,-0.159860,0.874778,-1.938104,1
5837,64.855556,-0.159814,0.874681,-1.938184,1
5838,64.866667,-0.159818,0.874636,-1.938273,1
5839,64.877778,-0.159951,0.874528,-1.938322,1
5840,64.888889,-0.160110,0.874492,-1.938414,1
5841,64.900000,-0.160139,0.874391,-1.938541,1
5842,64.911111,-0.160234,0.874188,-1.938327,1
5843,64.922222,-0.160311,0.874140,-1.938343,1
5844,64.933333,-0.160436,0.874113,-1.938346,1
5845,64.944444,-0.160546,0.874088,-1.938433,1
5846,64.955556,-0.160679,0.874063,-1.938477,1
5847,64.966667,-0.160788,0.874029,-1.938511,1
5848,64.977778,-0.160895,0.874027,-1.938541,1
5849,64.988889,-0.160972,0.874044,-1.938619,1
5850,65.000000,-0.161065,0.874043,-1.938709,1
5851,65.011111,-0.161178,0.874041,-1.938811,1
5852,65.022222,-0.161292,0.874060,-1.938895,1
5853,65.033333,-0.161400,0.874081,-1.938961,1
5854,65.044444,-0.161481,0.874071,-1.939097,1
5855,65.055556,-0.161560,0.874082,-1.939210,1
5856,65.066667,-0.161534,0.874152,-1.939357,1
5857,65.077778,-0.161569,0.874136,-1.939521,1
5858,65.088889,-0.161618,0.874182,-1.939721,1
5859,65.100000,-0.161691,0.874123,-1.939910,1
5860,65.111111,-0.161675,0.874161,-1.940080,1
5861,65.122222,-0.161698,0.874195,-1.940288,1
5862,65.133333,-0.161694,0.874212,-1.940500,1
5863,65.144444,-0.161757,0.874182,-1.940623,1
5864,65.155556,-0.161729,0.874224,-1.940837,1
5865,65.166667,-0.161783,0.874215,-1.941060,1
5866,65.177778,-0.161855,0.874299,-1.941244,1
5867,65.188889,-0.161823,0.874323,-1.941496,1
5868,65.200000,-0.161880,0.874423,-1.941700,1
5869,65.211111,-0.161831,0.874473,-1.941922,1
5870,65.222222,-0.161790,0.874555,-1.942197,1
5871,65.233333,-0.161885,0.874614,-1.942348,1
5872,65.244444,-0.161875,0.874639,-1.942545,1
5873,65.255556,-0.161957,0.874689,-1.942762,1
5874,65.266667,-0.161977,0.874762,-1.942909,1
5875,65.277778,-0.161986,0.874784,-1.943110,1
5876,65.288889,-0.161978,0.874808,-1.943288,1
5877,65.300000,-0.162039,0.874812,-1.943446,1
5878,65.311111,-0.162113,0.874869,-1.943580,1
5879,65.322222,-0.162101,0.874899,-1.943773,1
5880,65.333333,-0.162244,0.874896,-1.943848,1
5881,65.344444,-0.162284,0.874941,-1.943961,1
5882,65.355556,-0.162381,0.874895,-1.944054,1
5883,65.366667,-0.162470,0.874916,-1.944147,1
5884,65.377778,-0.162490,0.874938,-1.944268,1
5885,65.388889,-0.162584,0.874905,-1.944327,1
5886,65.400000,-0.162670,0.874927,-1.944391,1
5887,65.411111,-0.162760,0.874915,-1.944496,1
5888,65.422222,-0.162864,0.874921,-1.944571,1
5889,65.433333,-0.162889,0.874934,-1.944605,1
5890,65.444444,-0.162997,0.874890,-1.944640,1
5891,65.455556,-0.163027,0.874911,-1.944702,1
5892,65.466667,-0.163098,0.874883,-1.944727,1
5893,65.477778,-0.163214,0.874897,-1.944770,1
5894,65.488889,-0.163295,0.874850,-1.944757,1
5895,65.500000,-0.163401,0.874792,-1.944751,1
5896,65.511111,-0.163519,0.874829,-1.944714,1
5897,65.522222,-0.163465,0.874854,-1.944740,1
5898,65.533333,-0.163705,0.874747,-1.944654,1
5899,65.544444,-0.163801,0.874728,-1.944559,1
5900,65.555556,-0.163838,0.874701,-1.944565,1
5901,65.566667,-0.163956,0.874675,-1.944456,1
5902,65.577778,-0.164062,0.874670,-1.944497,1
5903,65.588889,-0.164142,0.874617,-1.944384,1
5904,65.600000,-0.164185,0.874621,-1.944366,1
5905,65.611111,-0.164243,0.874639,-1.944314,1
5906,65.622222,-0.164270,0.874579,-1.944273,1
5907,65.633333,-0.164322,0.874513,-1.944244,1
5908,65.644444,-0.164402,0.874501,-1.944168,1
5909,65.655556,-0.164499,0.874452,-1.944122,1
5910,65.666667,-0.164475,0.874410,-1.944100,1
5911,65.677778,-0.164585,0.874409,-1.944026,1
5912,65.688889,-0.164635,0.874372,-1.943942,1
5913,65.700000,-0.164631,0.874362,-1.943930,1
5914,65.711111,-0.164557,0.874350,-1.943942,1
5915,65.722222,-0.164606,0.874352,-1.943880,1
5916,65.733333,-0.164614,0.874337,-1.943843,1
5917,65.744444,-0.164591,0.874310,-1.943807,1
5918,65.755556,-0.164599,0.874302,-1.943776,1
5919,65.766667,-0.164567,0.874288,-1.943742,1
5920,65.777778,-0.164554,0.874280,-1.943750,1
5921,65.788889,-0.164503,0.874247,-1.943760,1
5922,65.800000,-0.164447,0.874256,-1.943786,1
5923,65.811111,-0.164406,0.874261,-1.943790,1
5924,65.822222,-0.164337,0.874250,-1.943792,1
5925,65.833333,-0.164297,0.874243,-1.943845,1
5926,65.844444,-0.164241,0.874248,-1.943838,1
5927,65.855556,-0.164118,0.874286,-1.943899,1
5928,65.866667,-0.164075,0.874290,-1.943896,1
5929,65.877778,-0.163976,0.874312,-1.943942,1
5930,65.888889,-0.163858,0.874361,-1.944003,1
5931,65.900000,-0.163750,0.874394,-1.944071,1
5932,65.911111,-0.163647,0.874385,-1.944155,1
5933,65.922222,-0.163593,0.874393,-1.944226,1
5934,65.933333,-0.163484,0.874410,-1.944312,1
5935,65.944444,-0.163359,0.874410,-1.944401,1
5936,65.955556,-0.163252,0.874436,-1.944522,1
5937,65.966667,-0.163126,0.874447,-1.944635,1
5938,65.977778,-0.162998,0.874491,-1.944774,1
5939,65.988889,-0.162880,0.874496,-1.944882,1
5940,66.000000,-0.162767,0.874494,-1.944969,1
5941,66.011111,-0.162640,0.874489,-1.945043,1
5942,66.022222,-0.162516,0.874515,-1.945121,1
5943,66.033333,-0.162315,0.874622,-1.945269,1
5944,66.044444,-0.162164,0.874604,-1.945383,1
5945,66.055556,-0.162009,0.874626,-1.945514,1
5946,66.066667,-0.161923,0.874660,-1.945621,1
5947,66.077778,-0.161796,0.874677,-1.945697,1
5948,66.088889,-0.161640,0.874692,-1.945831,1
5949,66.100000,-0.161486,0.874704,-1.945924,1
5950,66.111111,-0.161324,0.874711,-1.946037,1
5951,66.122222,-0.161171,0.874712,-1.946113,1
5952,66.133333,-0.160995,0.874749,-1.946234,1
5953,66.144444,-0.160879,0.874784,-1.946331,1
5954,66.155556,-0.160828,0.874765,-1.946368,1
5955,66.166667,-0.160679,0.874800,-1.946497,1
5956,66.177778,-0.160431,0.874849,-1.946521,1
5957,66.188889,-0.160254,0.874854,-1.946542,1
5958,66.200000,-0.160143,0.874857,-1.946553,1
5959,66.211111,-0.159922,0.874897,-1.946638,1
5960,66.222222,-0.159761,0.874902,-1.946694,1
5961,66.233333,-0.159589,0.874877,-1.946708,1
5962,66.244444,-0.159326,0.874923,-1.946736,1
5963,66.255556,-0.159142,0.874915,-1.946782,1
5964,66.266667,-0.158895,0.874865,-1.946818,1
5965,66.277778,-0.158557,0.874927,-1.946822,1
5966,66.288889,-0.158293,0.874950,-1.946842,1
5967,66.300000,-0.158035,0.874934,-1.946828,1
5968,66.311111,-0.157736,0.874912,-1.946831,1
5969,66.322222,-0.157309,0.874924,-1.946879,1
5970,66.333333,-0.156971,0.874904,-1.946903,1
5971,66.344444,-0.156562,0.874880,-1.946936,1
5972,66.355556,-0.156191,0.874833,-1.946926,1
5973,66.366667,-0.155749,0.874824,-1.946909,1
5974,66.377778,-0.155313,0.874780,-1.946935,1
5975,66.388889,-0.154851,0.874740,-1.946869,1
5976,66.400000,-0.154337,0.874723,-1.946924,1
5977,66.411111,-0.153835,0.874696,-1.946880,1
5978,66.422222,-0.153198,0.874615,-1.946848,1
5979,66.433333,-0.152651,0.874690,-1.946917,1
5980,66.444444,-0.152036,0.874922,-1.946964,1
5981,66.455556,-0.151296,0.875108,-1.947133,1
5982,66.466667,-0.150499,0.875203,-1.947253,1
5983,66.477778,-0.149797,0.875314,-1.947335,1
5984,66.488889,-0.149555,0.874683,-1.946758,1
5985,66.500000,-0.149007,0.874791,-1.946690,1
5986,66.511111,-0.148402,0.874918,-1.946657,1
5987,66.522222,-0.147895,0.875110,-1.946467,1
5988,66.533333,-0.147301,0.875366,-1.946434,1
5989,66.544444,-0.146871,0.875549,-1.946298,1
5990,66.555556,-0.146393,0.875766,-1.946200,1
5991,66.566667,-0.145820,0.875981,-1.946125,1
5992,66.577778,-0.145413,0.876216,-1.946005,1
5993,66.588889,-0.144761,0.876406,-1.946238,1
5994,66.600000,-0.145507,0.876624,-1.945691,1
5995,66.611111,-0.145392,0.876877,-1.945818,1
5996,66.622222,-0.145694,0.876813,-1.945379,1
5997,66.633333,-0.145254,0.877004,-1.945741,1
5998,66.644444,-0.144845,0.877286,-1.946011,1
5999,66.655556,-0.144481,0.877661,-1.946392,1
6000,66.666667,-0.144209,0.878127,-1.946907,1
6001,66.677778,-0.143885,0.878669,-1.947557,1
6002,66.688889,-0.142957,0.879078,-1.947985,1
6003,66.700000,-0.142717,0.879375,-1.948021,1
6004,66.711111,-0.142806,0.879848,-1.948378,1
6005,66.722222,-0.143023,0.880204,-1.948684,1
6006,66.733333,-0.143332,0.880924,-1.948985,1
6007,66.744444,-0.145068,0.881970,-1.947989,1
6008,66.755556,-0.146935,0.882891,-1.947132,1
6009,66.766667,-0.148443,0.883419,-1.947041,1
6010,66.777778,-0.149132,0.883874,-1.947562,1
6011,66.788889,-0.149732,0.883907,-1.947774,1
6012,66.800000,-0.150424,0.883836,-1.947971,1
6013,66.811111,-0.152061,0.883297,-1.948858,1
6014,66.822222,-0.154190,0.882968,-1.948930,1
6015,66.833333,-0.156025,0.882872,-1.949168,1
6016,66.844444,-0.157162,0.882597,-1.948616,1
6017,66.855556,-0.158165,0.881882,-1.948438,1
6018,66.866667,-0.159706,0.881032,-1.948656,1
6019,66.877778,-0.161541,0.880257,-1.949054,1
6020,66.888889,-0.163730,0.879796,-1.950170,1
6021,66.900000,-0.165696,0.879305,-1.951219,1
6022,66.911111,-0.167301,0.880010,-1.952060,1
6023,66.922222,-0.168998,0.880142,-1.952358,1
6024,66.933333,-0.171411,0.880482,-1.952560,1
6025,66.944444,-0.173796,0.880843,-1.952710,1
6026,66.955556,-0.176251,0.881131,-1.952645,1
6027,66.966667,-0.178434,0.881464,-1.952825,1
6028,66.977778,-0.180505,0.881991,-1.953612,1
6029,66.988889,-0.182196,0.881140,-1.954898,1
6030,67.000000,-0.183961,0.881361,-1.955324,1
6031,67.011111,-0.185665,0.881205,-1.955678,1
6032,67.022222,-0.186994,0.881107,-1.955889,1
6033,67.033333,-0.188611,0.880199,-1.955728,1
6034,67.044444,-0.189612,0.880753,-1.956103,1
6035,67.055556,-0.190606,0.880862,-1.956353,1
6036,67.066667,-0.191957,0.880927,-1.956475,1
6037,67.077778,-0.191494,0.880310,-1.956345,1
6038,67.088889,-0.192388,0.880450,-1.956103,1
6039,67.100000,-0.193417,0.880878,-1.955527,1
6040,67.111111,-0.194536,0.881252,-1.954324,1
6041,67.122222,-0.196445,0.881871,-1.952327,1
6042,67.133333,-0.197371,0.882330,-1.951338,1
6043,67.144444,-0.198572,0.882462,-1.950198,1
6044,67.155556,-0.199713,0.882609,-1.948976,1
6045,67.166667,-0.201709,0.881566,-1.947480,1
6046,67.177778,-0.201794,0.881970,-1.946530,1
6047,67.188889,-0.204012,0.881909,-1.945269,1
6048,67.200000,-0.205087,0.881797,-1.944112,1
6049,67.211111,-0.206366,0.881868,-1.942497,1
6050,67.222222,-0.207451,0.882075,-1.940801,1
6051,67.233333,-0.207057,0.881631,-1.939117,1
6052,67.244444,-0.207234,0.881400,-1.936819,1
6053,67.255556,-0.208026,0.881232,-1.934635,1
6054,67.266667,-0.208454,0.881135,-1.932577,1
6055,67.277778,-0.208202,0.880697,-1.930393,1
6056,67.288889,-0.208574,0.880545,-1.928564,1
6057,67.300000,-0.208608,0.880881,-1.926268,1
6058,67.311111,-0.207925,0.881335,-1.924090,1
6059,67.322222,-0.208992,0.881196,-1.921349,1
6060,67.333333,-0.208404,0.881199,-1.920291,1
6061,67.344444,-0.208048,0.881206,-1.916674,1
6062,67.355556,-0.208710,0.881909,-1.913541,1
6063,67.366667,-0.208626,0.882371,-1.910475,1
6064,67.377778,-0.208407,0.882468,-1.907473,1
6065,67.388889,-0.207482,0.881446,-1.905071,1
6066,67.400000,-0.208557,0.881067,-1.902195,1
6067,67.411111,-0.208149,0.881651,-1.898974,1
6068,67.422222,-0.207271,0.880795,-1.896488,1
6069,67.433333,-0.208233,0.879475,-1.894399,1
6070,67.444444,-0.207861,0.880211,-1.890835,1
6071,67.455556,-0.207561,0.879849,-1.887750,1
6072,67.466667,-0.206807,0.878913,-1.885041,1
6073,67.477778,-0.207878,0.878618,-1.882182,1
6074,67.488889,-0.207433,0.878994,-1.878735,1
6075,67.500000,-0.207195,0.878998,-1.875051,1
6076,67.511111,-0.206917,0.878642,-1.871747,1
6077,67.522222,-0.207890,0.878231,-1.867927,1
6078,67.533333,-0.207291,0.877713,-1.864908,1
6079,67.544444,-0.206728,0.877085,-1.861886,1
6080,67.555556,-0.205759,0.876395,-1.858886,1
6081,67.566667,-0.204592,0.875655,-1.855863,1
6082,67.577778,-0.203148,0.875011,-1.852751,1
6083,67.588889,-0.202312,0.874015,-1.849611,1
6084,67.600000,-0.200788,0.873516,-1.846355,1
6085,67.611111,-0.199342,0.873002,-1.842902,1
6086,67.622222,-0.197832,0.872689,-1.839472,1
6087,67.633333,-0.196208,0.872673,-1.835903,1
6088,67.644444,-0.193016,0.873119,-1.833604,1
6089,67.655556,-0.191015,0.872974,-1.830183,1
6090,67.666667,-0.189101,0.873053,-1.826744,1
6091,67.677778,-0.187308,0.872896,-1.823232,1
6092,67.688889,-0.188624,0.872418,-1.818891,1
6093,67.700000,-0.187352,0.872061,-1.815668,1
6094,67.711111,-0.185851,0.872092,-1.812106,1
6095,67.722222,-0.184292,0.872054,-1.808572,1
6096,67.733333,-0.182804,0.872042,-1.805070,1
6097,67.744444,-0.181296,0.872189,-1.801608,1
6098,67.755556,-0.178699,0.870947,-1.798466,1
6099,67.766667,-0.176609,0.870422,-1.796174,1
6100,67.777778,-0.175605,0.871600,-1.793810,1
6101,67.788889,-0.173418,0.873667,-1.790691,1
6102,67.800000,-0.170443,0.873597,-1.787192,1
6103,67.811111,-0.168303,0.872883,-1.784162,1
6104,67.822222,-0.166993,0.873833,-1.781024,1
6105,67.833333,-0.164754,0.875637,-1.777399,1
6106,67.844444,-0.161511,0.875394,-1.773407,1
6107,67.855556,-0.158934,0.874728,-1.770070,1
6108,67.866667,-0.157330,0.875385,-1.766703,1
6109,67.877778,-0.154994,0.877094,-1.762316,1
6110,67.888889,-0.151875,0.876895,-1.758322,1
6111,67.900000,-0.149628,0.876041,-1.755567,1
6112,67.911111,-0.148471,0.876612,-1.751790,1
6113,67.922222,-0.146652,0.877949,-1.747487,1
6114,67.933333,-0.144390,0.878657,-1.743499,1
6115,67.944444,-0.141772,0.879128,-1.739718,1
6116,67.955556,-0.137885,0.878492,-1.735860,1
6117,67.966667,-0.135738,0.878141,-1.733119,1
6118,67.977778,-0.133461,0.877903,-1.730158,1
6119,67.988889,-0.131147,0.877696,-1.727216,1
6120,68.000000,-0.129576,0.878363,-1.724667,1
6121,68.011111,-0.126726,0.878011,-1.720439,1
6122,68.022222,-0.125008,0.878320,-1.717620,1
6123,68.033333,-0.122259,0.878264,-1.713259,1
6124,68.044444,-0.120485,0.878569,-1.710540,1
6125,68.055556,-0.118787,0.879353,-1.706826,1
6126,68.066667,-0.116289,0.878825,-1.702847,1
6127,68.077778,-0.114058,0.878230,-1.700069,1
6128,68.088889,-0.112802,0.879087,-1.697874,1
6129,68.100000,-0.111454,0.880148,-1.694385,1
6130,68.111111,-0.108901,0.879712,-1.690849,1
6131,68.122222,-0.106527,0.879100,-1.688508,1
6132,68.133333,-0.105627,0.878704,-1.686969,1
6133,68.144444,-0.104353,0.879819,-1.684034,1
6134,68.155556,-0.102137,0.879160,-1.680925,1
6135,68.166667,-0.100255,0.878327,-1.679038,1
6136,68.177778,-0.099220,0.879513,-1.677479,1
6137,68.188889,-0.098287,0.880358,-1.675081,1
6138,68.200000,-0.096372,0.879571,-1.672320,1
6139,68.211111,-0.094910,0.878445,-1.670972,1
6140,68.222222,-0.094150,0.878882,-1.669915,1
6141,68.233333,-0.093241,0.879383,-1.667952,1
6142,68.244444,-0.091384,0.878101,-1.665729,1
6143,68.255556,-0.089575,0.876659,-1.664666,1
6144,68.266667,-0.088687,0.877235,-1.664205,1
6145,68.277778,-0.087687,0.877705,-1.662905,1
6146,68.288889,-0.085073,0.876520,-1.661555,1
6147,68.300000,-0.082151,0.875458,-1.661480,1
6148,68.311111,-0.080621,0.876032,-1.661792,1
6149,68.322222,-0.079286,0.877016,-1.659798,1
6150,68.333333,-0.076332,0.876577,-1.658292,1
6151,68.344444,-0.073471,0.876043,-1.658368,1
6152,68.355556,-0.071655,0.877243,-1.658244,1
6153,68.366667,-0.070131,0.878420,-1.657133,1
6154,68.377778,-0.067423,0.878219,-1.655872,1
6155,68.388889,-0.064704,0.877738,-1.655957,1
6156,68.400000,-0.062937,0.878894,-1.656091,1
6157,68.411111,-0.061206,0.880044,-1.655051,1
6158,68.422222,-0.058536,0.879540,-1.653645,1
6159,68.433333,-0.055916,0.878664,-1.653535,1
6160,68.444444,-0.054139,0.879429,-1.653642,1
6161,68.455556,-0.052508,0.880346,-1.652428,1
6162,68.466667,-0.050172,0.879568,-1.650868,1
6163,68.477778,-0.047689,0.878618,-1.650600,1
6164,68.488889,-0.046168,0.879460,-1.650799,1
6165,68.500000,-0.044908,0.880427,-1.649471,1
6166,68.511111,-0.042838,0.879907,-1.647939,1
6167,68.522222,-0.040708,0.879291,-1.647645,1
6168,68.533333,-0.039585,0.880357,-1.647518,1
6169,68.544444,-0.038846,0.881740,-1.645894,1
6170,68.555556,-0.037277,0.881446,-1.643978,1
6171,68.566667,-0.035097,0.881237,-1.643763,1
6172,68.577778,-0.034853,0.881851,-1.643688,1
6173,68.588889,-0.034490,0.883026,-1.642034,1
6174,68.600000,-0.033301,0.882564,-1.640127,1
6175,68.611111,-0.032243,0.881439,-1.640322,1
6176,68.622222,-0.031957,0.882254,-1.640038,1
6177,68.633333,-0.032050,0.883280,-1.638295,1
6178,68.644444,-0.031374,0.882626,-1.636387,1
6179,68.655556,-0.030537,0.881674,-1.635876,1
6180,68.666667,-0.030583,0.882236,-1.635694,1
6181,68.677778,-0.031010,0.882932,-1.634207,1
6182,68.688889,-0.030611,0.881955,-1.632467,1
6183,68.700000,-0.029918,0.880608,-1.632159,1
6184,68.711111,-0.029817,0.880500,-1.631756,1
6185,68.722222,-0.030303,0.880764,-1.630621,1
6186,68.733333,-0.030014,0.879266,-1.629237,1
6187,68.744444,-0.029508,0.877270,-1.629357,1
6188,68.755556,-0.029953,0.876939,-1.630039,1
6189,68.766667,-0.030729,0.877047,-1.629165,1
6190,68.777778,-0.030682,0.875924,-1.627596,1
6191,68.788889,-0.030490,0.874771,-1.626946,1
6192,68.800000,-0.031179,0.875719,-1.626818,1
6193,68.811111,-0.032076,0.877294,-1.625554,1
6194,68.822222,-0.032153,0.877402,-1.623825,1
6195,68.833333,-0.032025,0.877121,-1.623519,1
6196,68.844444,-0.032817,0.878476,-1.623629,1
6197,68.855556,-0.033872,0.880113,-1.622408,1
6198,68.866667,-0.034063,0.880001,-1.620757,1
6199,68.877778,-0.033989,0.879168,-1.620686,1
6200,68.888889,-0.034795,0.879954,-1.620845,1
6201,68.900000,-0.035791,0.880988,-1.619615,1
6202,68.911111,-0.035890,0.880246,-1.618201,1
6203,68.922222,-0.035837,0.879041,-1.618104,1
6204,68.933333,-0.036557,0.879516,-1.618439,1
6205,68.944444,-0.037416,0.880246,-1.617646,1
6206,68.955556,-0.037439,0.879447,-1.616388,1
6207,68.966667,-0.037314,0.878341,-1.616407,1
6208,68.977778,-0.037901,0.878911,-1.616961,1
6209,68.988889,-0.038695,0.879729,-1.616337,1
6210,69.000000,-0.038725,0.879104,-1.615109,1
6211,69.011111,-0.038648,0.878308,-1.615109,1
6212,69.022222,-0.039338,0.879147,-1.615532,1
6213,69.033333,-0.040185,0.880071,-1.614687,1
6214,69.044444,-0.040174,0.879267,-1.613525,1
6215,69.055556,-0.039886,0.878229,-1.613792,1
6216,69.066667,-0.040495,0.878823,-1.614360,1
6217,69.077778,-0.041242,0.879590,-1.613587,1
6218,69.088889,-0.041108,0.878603,-1.612564,1
6219,69.100000,-0.040748,0.877467,-1.612943,1
6220,69.111111,-0.041177,0.878048,-1.613548,1
6221,69.122222,-0.041643,0.877949,-1.613423,1
6222,69.133333,-0.041466,0.877067,-1.612636,1
6223,69.144444,-0.041137,0.875979,-1.613065,1
6224,69.155556,-0.041526,0.876666,-1.613821,1
6225,69.166667,-0.042111,0.877479,-1.613368,1
6226,69.177778,-0.041965,0.876626,-1.612549,1
6227,69.188889,-0.041568,0.875656,-1.613027,1
6228,69.200000,-0.042007,0.876355,-1.613741,1
6229,69.211111,-0.042588,0.877202,-1.613206,1
6230,69.222222,-0.042318,0.876393,-1.612338,1
6231,69.233333,-0.041843,0.875351,-1.612796,1
6232,69.244444,-0.042293,0.875990,-1.613538,1
6233,69.255556,-0.043023,0.876685,-1.612915,1
6234,69.266667,-0.042714,0.875852,-1.612038,1
6235,69.277778,-0.042274,0.874799,-1.612532,1
6236,69.288889,-0.042663,0.875428,-1.613244,1
6237,69.300000,-0.043193,0.876268,-1.612598,1
6238,69.311111,-0.042817,0.875451,-1.611693,1
6239,69.322222,-0.042390,0.874396,-1.612233,1
6240,69.333333,-0.042805,0.875024,-1.612920,1
6241,69.344444,-0.043302,0.875949,-1.612189,1
6242,69.355556,-0.042953,0.875138,-1.611275,1
6243,69.366667,-0.042498,0.874122,-1.611739,1
6244,69.377778,-0.042892,0.874809,-1.612402,1
6245,69.388889,-0.043341,0.875749,-1.611628,1
6246,69.400000,-0.042970,0.874977,-1.610659,1
6247,69.411111,-0.042475,0.873982,-1.611078,1
6248,69.422222,-0.042848,0.874700,-1.611660,1
6249,69.433333,-0.043281,0.875643,-1.610785,1
6250,69.444444,-0.042907,0.874858,-1.609752,1
6251,69.455556,-0.042364,0.873864,-1.610145,1
6252,69.466667,-0.042642,0.874616,-1.610629,1
6253,69.477778,-0.043066,0.875569,-1.609765,1
6254,69.488889,-0.042633,0.874823,-1.608693,1
6255,69.500000,-0.042099,0.873822,-1.609040,1
6256,69.511111,-0.042365,0.874571,-1.609496,1
6257,69.522222,-0.042731,0.875558,-1.608606,1
6258,69.533333,-0.042265,0.874813,-1.607502,1
6259,69.544444,-0.041681,0.873847,-1.607814,1
6260,69.555556,-0.041906,0.874605,-1.608258,1
6261,69.566667,-0.042243,0.875570,-1.607299,1
6262,69.577778,-0.041764,0.874807,-1.606204,1
6263,69.588889,-0.041147,0.873857,-1.606500,1
6264,69.600000,-0.041385,0.874598,-1.606922,1
6265,69.611111,-0.041662,0.875505,-1.606071,1
6266,69.622222,-0.041104,0.874780,-1.604971,1
6267,69.633333,-0.040441,0.873829,-1.605261,1
6268,69.644444,-0.040646,0.874583,-1.605706,1
6269,69.655556,-0.040907,0.875544,-1.604728,1
6270,69.666667,-0.040293,0.874801,-1.603617,1
6271,69.677778,-0.039687,0.873823,-1.603889,1
6272,69.688889,-0.039857,0.874558,-1.604288,1
6273,69.700000,-0.040080,0.875506,-1.603331,1
6274,69.711111,-0.039507,0.874769,-1.602219,1
6275,69.722222,-0.038771,0.873849,-1.602465,1
6276,69.733333,-0.038938,0.874554,-1.602920,1
6277,69.744444,-0.039149,0.875492,-1.601961,1
6278,69.755556,-0.038537,0.874694,-1.600853,1
6279,69.766667,-0.037801,0.873719,-1.601203,1
6280,69.777778,-0.037895,0.874487,-1.601629,1
6281,69.788889,-0.038123,0.875432,-1.600684,1
6282,69.800000,-0.037539,0.874677,-1.599618,1
6283,69.811111,-0.036775,0.873750,-1.599957,1
6284,69.822222,-0.036878,0.874529,-1.600424,1
6285,69.833333,-0.037078,0.875497,-1.599498,1
6286,69.844444,-0.036480,0.874694,-1.598610,1
6287,69.855556,-0.035709,0.873728,-1.598955,1
6288,69.866667,-0.035771,0.874471,-1.599521,1
6289,69.877778,-0.035916,0.875460,-1.598616,1
6290,69.888889,-0.035277,0.874694,-1.597604,1
6291,69.900000,-0.034468,0.873705,-1.597971,1
6292,69.911111,-0.034502,0.874482,-1.598528,1
6293,69.922222,-0.034624,0.875413,-1.597624,1
6294,69.933333,-0.033909,0.874659,-1.596630,1
6295,69.944444,-0.033027,0.873670,-1.597050,1
6296,69.955556,-0.032920,0.874356,-1.597600,1
6297,69.966667,-0.032975,0.875295,-1.596717,1
6298,69.977778,-0.032184,0.874541,-1.595696,1
6299,69.988889,-0.031214,0.873531,-1.596188,1
6300,70.000000,-0.031085,0.874246,-1.596741,1
6301,70.011111,-0.031042,0.875187,-1.595860,1
6302,70.022222,-0.030147,0.874392,-1.594841,1
6303,70.033333,-0.029076,0.873383,-1.595310,1
6304,70.044444,-0.028851,0.874063,-1.595874,1
6305,70.055556,-0.028646,0.875000,-1.594977,1
6306,70.066667,-0.027640,0.874172,-1.593983,1
6307,70.077778,-0.026446,0.873168,-1.594383,1
6308,70.088889,-0.026157,0.873837,-1.594893,1
6309,70.100000,-0.025854,0.874691,-1.593952,1
6310,70.111111,-0.024707,0.873885,-1.592888,1
6311,70.122222,-0.023374,0.872876,-1.593261,1
6312,70.133333,-0.022864,0.873533,-1.593703,1
6313,70.144444,-0.022449,0.874395,-1.592687,1
6314,70.155556,-0.021229,0.873539,-1.591634,1
6315,70.166667,-0.019797,0.872574,-1.591979,1
6316,70.177778,-0.019161,0.873246,-1.592354,1
6317,70.188889,-0.018583,0.874143,-1.591261,1
6318,70.200000,-0.017268,0.873439,-1.590268,1
6319,70.211111,-0.015796,0.872447,-1.590526,1
6320,70.222222,-0.015003,0.873186,-1.590786,1
6321,70.233333,-0.014305,0.874139,-1.589449,1
6322,70.244444,-0.012700,0.873296,-1.588160,1
6323,70.255556,-0.011028,0.872285,-1.588236,1
6324,70.266667,-0.010251,0.872936,-1.588223,1
6325,70.277778,-0.009378,0.873839,-1.586757,1
6326,70.288889,-0.007716,0.873047,-1.585211,1
6327,70.300000,-0.005937,0.872136,-1.585120,1
6328,70.311111,-0.004976,0.872908,-1.584922,1
6329,70.322222,-0.004053,0.873829,-1.583200,1
6330,70.333333,-0.002255,0.873086,-1.581375,1
6331,70.344444,-0.000464,0.872057,-1.581019,1
6332,70.355556,0.000601,0.872773,-1.580428,1
6333,70.366667,0.001608,0.873604,-1.578259,1
6334,70.377778,0.002974,0.872297,-1.576829,1
6335,70.388889,0.004732,0.871183,-1.575997,1
6336,70.400000,0.005682,0.871823,-1.575300,1
6337,70.411111,0.006595,0.872658,-1.572839,1
6338,70.422222,0.008379,0.872026,-1.570267,1
6339,70.433333,0.010202,0.871449,-1.569016,1
6340,70.444444,0.011154,0.872476,-1.567623,1
6341,70.455556,0.012167,0.873780,-1.564717,1
6342,70.466667,0.013957,0.873383,-1.561679,1
6343,70.477778,0.015722,0.872784,-1.559903,1
6344,70.488889,0.016701,0.873379,-1.557840,1
6345,70.500000,0.017582,0.874549,-1.554164,1
6346,70.511111,0.019305,0.873767,-1.550382,1
6347,70.522222,0.020676,0.872667,-1.548194,1
6348,70.533333,0.021386,0.873499,-1.545472,1
6349,70.544444,0.022060,0.874125,-1.540955,1
6350,70.555556,0.023430,0.873117,-1.536374,1
6351,70.566667,0.025499,0.872461,-1.532961,1
6352,70.577778,0.025739,0.872857,-1.529579,1
6353,70.588889,0.026325,0.873749,-1.523939,1
6354,70.600000,0.027409,0.872714,-1.518621,1
6355,70.611111,0.028636,0.871569,-1.514649,1
6356,70.622222,0.028767,0.871883,-1.510567,1
6357,70.633333,0.027597,0.871371,-1.505119,1
6358,70.644444,0.028323,0.869978,-1.499474,1
6359,70.655556,0.029898,0.869345,-1.495074,1
6360,70.666667,0.029613,0.869602,-1.490738,1
6361,70.677778,0.029293,0.869993,-1.484968,1
6362,70.688889,0.029720,0.868146,-1.478882,1
6363,70.700000,0.030239,0.866676,-1.474455,1
6364,70.711111,0.029951,0.866802,-1.469931,1
6365,70.722222,0.029434,0.866971,-1.464012,1
6366,70.733333,0.029644,0.865332,-1.458052,1
6367,70.744444,0.029919,0.863614,-1.453470,1
6368,70.755556,0.028838,0.862893,-1.448987,1
6369,70.766667,0.028072,0.862837,-1.443002,1
6370,70.777778,0.028130,0.860996,-1.437176,1
6371,70.788889,0.028273,0.858951,-1.432684,1
6372,70.800000,0.027507,0.858706,-1.428316,1
6373,70.811111,0.026518,0.858397,-1.422547,1
6374,70.822222,0.026248,0.856225,-1.416666,1
6375,70.833333,0.026085,0.853995,-1.412105,1
6376,70.844444,0.025001,0.853557,-1.407404,1
6377,70.855556,0.023480,0.853599,-1.400921,1
6378,70.866667,0.022619,0.852377,-1.394048,1
6379,70.877778,0.021959,0.851242,-1.388480,1
6380,70.888889,0.020415,0.851946,-1.383023,1
6381,70.900000,0.018719,0.853077,-1.376061,1
6382,70.911111,0.018073,0.852661,-1.369000,1
6383,70.922222,0.017528,0.852235,-1.363607,1
6384,70.933333,0.016064,0.853697,-1.357939,1
6385,70.944444,0.014503,0.855373,-1.350757,1
6386,70.955556,0.013756,0.855467,-1.343416,1
6387,70.966667,0.013273,0.855530,-1.337545,1
6388,70.977778,0.011806,0.857459,-1.331677,1
6389,70.988889,0.011303,0.859603,-1.324649,1
6390,71.000000,0.010771,0.860058,-1.317284,1
6391,71.011111,0.010144,0.859887,-1.311804,1
6392,71.022222,0.009076,0.861936,-1.305592,1
6393,71.033333,0.007926,0.864196,-1.297911,1
6394,71.044444,0.007585,0.864351,-1.290197,1
6395,71.055556,0.007235,0.864349,-1.284324,1
6396,71.066667,0.006191,0.865804,-1.278012,1
6397,71.077778,0.005186,0.867433,-1.270212,1
6398,71.088889,0.005122,0.867492,-1.262002,1
6399,71.100000,0.005297,0.867248,-1.255205,1
6400,71.111111,0.004570,0.868725,-1.248402,1
6401,71.122222,0.003816,0.870353,-1.240083,1
6402,71.133333,0.003910,0.870160,-1.231761,1
6403,71.144444,0.004289,0.869880,-1.224723,1
6404,71.155556,0.003770,0.871299,-1.217738,1
6405,71.166667,0.003033,0.872720,-1.209238,1
6406,71.177778,0.003565,0.872512,-1.200565,1
6407,71.188889,0.004109,0.872130,-1.193306,1
6408,71.200000,0.003555,0.873205,-1.186255,1
6409,71.211111,0.003320,0.874978,-1.177573,1
6410,71.222222,0.003859,0.874502,-1.168893,1
6411,71.233333,0.004696,0.873812,-1.161543,1
6412,71.244444,0.004528,0.874691,-1.154356,1
6413,71.255556,0.004325,0.875729,-1.145754,1
6414,71.266667,0.005207,0.874977,-1.137137,1
6415,71.277778,0.005923,0.873841,-1.130307,1
6416,71.288889,0.005915,0.874594,-1.122817,1
6417,71.300000,0.006125,0.875184,-1.114459,1
6418,71.311111,0.007240,0.874153,-1.105894,1
6419,71.322222,0.008418,0.873077,-1.098526,1
6420,71.333333,0.008833,0.873664,-1.091271,1
6421,71.344444,0.009349,0.874065,-1.082982,1
6422,71.355556,0.010363,0.873250,-1.074759,1
6423,71.366667,0.011641,0.872115,-1.067626,1
6424,71.377778,0.012201,0.872510,-1.060576,1
6425,71.388889,0.012873,0.872750,-1.052396,1
6426,71.400000,0.014605,0.871267,-1.044254,1
6427,71.411111,0.016178,0.869816,-1.037439,1
6428,71.422222,0.016975,0.870017,-1.030662,1
6429,71.433333,0.017892,0.869997,-1.022639,1
6430,71.444444,0.019731,0.868418,-1.014797,1
6431,71.455556,0.021473,0.866921,-1.008257,1
6432,71.466667,0.022312,0.866965,-1.001707,1
6433,71.477778,0.023194,0.866795,-0.993992,1
6434,71.488889,0.025059,0.864696,-0.986652,1
6435,71.500000,0.026755,0.862650,-0.980619,1
6436,71.511111,0.027754,0.862299,-0.974525,1
6437,71.522222,0.028859,0.861563,-0.967499,1
6438,71.533333,0.030853,0.859160,-0.960704,1
6439,71.544444,0.032663,0.856950,-0.955013,1
6440,71.555556,0.033968,0.856540,-0.948829,1
6441,71.566667,0.035646,0.856760,-0.941166,1
6442,71.577778,0.043193,0.854629,-0.934063,1
6443,71.588889,0.045395,0.854748,-0.927249,1
6444,71.600000,0.047333,0.854981,-0.920465,1
6445,71.611111,0.049278,0.855680,-0.913680,1
6446,71.622222,0.051550,0.857024,-0.906363,1
6447,71.633333,0.053822,0.858567,-0.899712,1
6448,71.644444,0.055450,0.859786,-0.892497,1
6449,71.655556,0.057844,0.861608,-0.885838,1
6450,71.666667,0.059509,0.862914,-0.878524,1
6451,71.677778,0.061850,0.864493,-0.871600,1
6452,71.688889,0.063407,0.865255,-0.863390,1
6453,71.700000,0.065389,0.866256,-0.855791,1
6454,71.711111,0.067176,0.867019,-0.848123,1
6455,71.722222,0.069066,0.867512,-0.840439,1
6456,71.733333,0.070843,0.867864,-0.832705,1
6457,71.744444,0.072550,0.868092,-0.824778,1
6458,71.755556,0.074292,0.868296,-0.816796,1
6459,71.766667,0.076008,0.868440,-0.808729,1
6460,71.777778,0.077690,0.868712,-0.800528,1
6461,71.788889,0.079424,0.869183,-0.792139,1
6462,71.800000,0.080928,0.869419,-0.784073,1
6463,71.811111,0.082574,0.870020,-0.775593,1
6464,71.822222,0.084145,0.870679,-0.766917,1
6465,71.833333,0.085613,0.871271,-0.758209,1
6466,71.844444,0.087223,0.871979,-0.749588,1
6467,71.855556,0.088743,0.872826,-0.740738,1
6468,71.866667,0.090155,0.873433,-0.731847,1
6469,71.877778,0.091638,0.874126,-0.722846,1
6470,71.888889,0.092959,0.874569,-0.713859,1
6471,71.900000,0.094310,0.875078,-0.705098,1
6472,71.911111,0.095675,0.875897,-0.696191,1
6473,71.922222,0.096906,0.876341,-0.687242,1
6474,71.933333,0.098101,0.876515,-0.678125,1
6475,71.944444,0.099264,0.876533,-0.669220,1
6476,71.955556,0.100577,0.876731,-0.660293,1
6477,71.966667,0.101921,0.876818,-0.651298,1
6478,71.977778,0.103126,0.876634,-0.642287,1
6479,71.988889,0.104512,0.876498,-0.633183,1
6480,72.000000,0.105619,0.876252,-0.624159,1
6481,72.011111,0.107236,0.875687,-0.614488,1
6482,72.022222,0.108274,0.875250,-0.605462,1
6483,72.033333,0.109358,0.874747,-0.596413,1
6484,72.044444,0.110406,0.874253,-0.587449,1
6485,72.055556,0.111371,0.873772,-0.578548,1
6486,72.066667,0.112249,0.873119,-0.569705,1
6487,72.077778,0.113063,0.872444,-0.560891,1
6488,72.088889,0.113806,0.871778,-0.552184,1
6489,72.100000,0.114488,0.871001,-0.543640,1
6490,72.111111,0.115142,0.870215,-0.535106,1
6491,72.122222,0.115672,0.869362,-0.526798,1
6492,72.133333,0.116131,0.868336,-0.518623,1
6493,72.144444,0.116523,0.867215,-0.510545,1
6494,72.155556,0.116810,0.865992,-0.502671,1
6495,72.166667,0.117009,0.864596,-0.495021,1
6496,72.177778,0.117065,0.863134,-0.487572,1
6497,72.188889,0.117119,0.861459,-0.480179,1
6498,72.200000,0.117064,0.859722,-0.472936,1
6499,72.211111,0.116992,0.857956,-0.465777,1
6500,72.222222,0.116880,0.856154,-0.458758,1
6501,72.233333,0.116694,0.854383,-0.451624,1
6502,72.244444,0.116518,0.852855,-0.444417,1
6503,72.255556,0.116201,0.851839,-0.436875,1
6504,72.266667,0.115682,0.851521,-0.429230,1
6505,72.277778,0.115254,0.851547,-0.421660,1
6506,72.288889,0.114817,0.852048,-0.414474,1
6507,72.300000,0.114513,0.852851,-0.407152,1
6508,72.311111,0.114304,0.853886,-0.399754,1
6509,72.322222,0.113905,0.855078,-0.392560,1
6510,72.333333,0.113494,0.856551,-0.385407,1
6511,72.344444,0.114337,0.858529,-0.379526,1
6512,72.355556,0.115496,0.860398,-0.373269,1
6513,72.366667,0.116059,0.861974,-0.365994,1
6514,72.377778,0.116203,0.863362,-0.358741,1
6515,72.388889,0.116218,0.864685,-0.351307,1
6516,72.400000,0.116216,0.865939,-0.343842,1
6517,72.411111,0.113723,0.866495,-0.333626,1
6518,72.422222,0.113710,0.867502,-0.326010,1
6519,72.433333,0.113810,0.868444,-0.318252,1
6520,72.444444,0.114094,0.869400,-0.310281,1
6521,72.455556,0.114416,0.870347,-0.302185,1
6522,72.466667,0.114834,0.871203,-0.294079,1
6523,72.477778,0.115192,0.871892,-0.285904,1
6524,72.488889,0.115636,0.872688,-0.277566,1
6525,72.500000,0.116009,0.873430,-0.269313,1
6526,72.511111,0.116397,0.874237,-0.260930,1
6527,72.522222,0.116769,0.875003,-0.252444,1
6528,72.533333,0.117095,0.875711,-0.244008,1
6529,72.544444,0.117433,0.876409,-0.235535,1
6530,72.555556,0.117702,0.877068,-0.227065,1
6531,72.566667,0.117961,0.877600,-0.218610,1
6532,72.577778,0.118242,0.878130,-0.210145,1
6533,72.588889,0.118507,0.878416,-0.201680,1
6534,72.600000,0.118833,0.878589,-0.193215,1
6535,72.611111,0.119184,0.878695,-0.184748,1
6536,72.622222,0.119528,0.878723,-0.176364,1
6537,72.633333,0.119721,0.878543,-0.168096,1
6538,72.644444,0.120130,0.878403,-0.159840,1
6539,72.655556,0.120618,0.878177,-0.151532,1
6540,72.666667,0.121132,0.877913,-0.143268,1
6541,72.677778,0.121688,0.877594,-0.135058,1
6542,72.688889,0.122418,0.877241,-0.126902,1
6543,72.700000,0.123090,0.876656,-0.118752,1
6544,72.711111,0.123959,0.876085,-0.110642,1
6545,72.722222,0.124876,0.875319,-0.102592,1
6546,72.733333,0.125956,0.874655,-0.094635,1
6547,72.744444,0.126983,0.873966,-0.086913,1
6548,72.755556,0.128098,0.873169,-0.079073,1
6549,72.766667,0.129227,0.872318,-0.071432,1
6550,72.777778,0.130501,0.871427,-0.063909,1
6551,72.788889,0.131619,0.870427,-0.056581,1
6552,72.800000,0.132955,0.869336,-0.049350,1
6553,72.811111,0.134267,0.868125,-0.042189,1
6554,72.822222,0.135620,0.866829,-0.035205,1
6555,72.833333,0.136962,0.865357,-0.028376,1
6556,72.844444,0.138300,0.863894,-0.021686,1
6557,72.855556,0.139746,0.862424,-0.015091,1
6558,72.866667,0.141164,0.860816,-0.008666,1
6559,72.877778,0.142719,0.859210,-0.002218,1
6560,72.888889,0.144534,0.857886,0.004487,1
6561,72.900000,0.146449,0.857143,0.011189,1
6562,72.911111,0.148826,0.856881,0.018081,1
6563,72.922222,0.151220,0.856624,0.024740,1
6564,72.933333,0.153424,0.856581,0.031269,1
6565,72.944444,0.155645,0.857570,0.037989,1
6566,72.955556,0.157726,0.857899,0.044643,1
6567,72.966667,0.159936,0.858797,0.051532,1
6568,72.977778,0.162053,0.859980,0.058416,1
6569,72.988889,0.164252,0.861370,0.065393,1
6570,73.000000,0.166418,0.862660,0.072319,1
6571,73.011111,0.168776,0.864246,0.078869,1
6572,73.022222,0.171039,0.865734,0.085453,1
6573,73.033333,0.173061,0.867124,0.092220,1
6574,73.044444,0.174941,0.868381,0.099088,1
6575,73.055556,0.176763,0.869321,0.106321,1
6576,73.066667,0.178535,0.869898,0.113629,1
6577,73.077778,0.180271,0.868655,0.123296,1
6578,73.088889,0.182241,0.868939,0.130937,1
6579,73.100000,0.184171,0.869232,0.138908,1
6580,73.111111,0.186011,0.869527,0.146961,1
6581,73.122222,0.187669,0.869894,0.155098,1
6582,73.133333,0.189106,0.870148,0.163631,1
6583,73.144444,0.190492,0.870483,0.172056,1
6584,73.155556,0.191803,0.871003,0.180440,1
6585,73.166667,0.192968,0.871644,0.189321,1
6586,73.177778,0.194123,0.872152,0.198099,1
6587,73.188889,0.195738,0.873078,0.206182,1
6588,73.200000,0.196440,0.873311,0.215227,1
6589,73.211111,0.197442,0.873932,0.223813,1
6590,73.222222,0.198301,0.874335,0.232370,1
6591,73.233333,0.199207,0.874751,0.240946,1
6592,73.244444,0.200122,0.875020,0.249613,1
6593,73.255556,0.200944,0.875182,0.258295,1
6594,73.266667,0.201717,0.875223,0.266909,1
6595,73.277778,0.202537,0.875196,0.275599,1
6596,73.288889,0.203130,0.874939,0.284172,1
6597,73.300000,0.203763,0.874593,0.292752,1
6598,73.311111,0.204304,0.874262,0.301368,1
6599,73.322222,0.204777,0.873897,0.309981,1
6600,73.333333,0.205077,0.873455,0.318517,1
6601,73.344444,0.205267,0.872926,0.327003,1
6602,73.355556,0.205415,0.872385,0.335334,1
6603,73.366667,0.205488,0.871704,0.343686,1
6604,73.377778,0.205429,0.871034,0.351886,1
6605,73.388889,0.205337,0.870396,0.359941,1
6606,73.400000,0.205160,0.869706,0.367823,1
6607,73.411111,0.205010,0.868945,0.375662,1
6608,73.422222,0.204814,0.868038,0.383273,1
6609,73.433333,0.204389,0.866995,0.390717,1
6610,73.444444,0.203906,0.865827,0.398049,1
6611,73.455556,0.203394,0.864588,0.405176,1
6612,73.466667,0.202970,0.863192,0.412045,1
6613,73.477778,0.202381,0.861653,0.418809,1
6614,73.488889,0.201752,0.860141,0.425477,1
6615,73.500000,0.201085,0.858568,0.432137,1
6616,73.511111,0.200425,0.856966,0.438868,1
6617,73.522222,0.199534,0.855570,0.445781,1
6618,73.533333,0.198554,0.854559,0.452991,1
6619,73.544444,0.197302,0.854001,0.460446,1
6620,73.555556,0.195906,0.853499,0.467648,1
6621,73.566667,0.194524,0.853127,0.474706,1
6622,73.577778,0.193466,0.853100,0.481434,1
6623,73.588889,0.192369,0.853370,0.488191,1
6624,73.600000,0.191267,0.853803,0.494990,1
6625,73.611111,0.190239,0.854426,0.501566,1
6626,73.622222,0.189150,0.855146,0.507924,1
6627,73.633333,0.188087,0.856123,0.514048,1
6628,73.644444,0.187481,0.857409,0.519766,1
6629,73.655556,0.186631,0.858910,0.525460,1
6630,73.666667,0.186277,0.860635,0.530959,1
6631,73.677778,0.186381,0.862115,0.536853,1
6632,73.688889,0.186299,0.863358,0.543191,1
6633,73.700000,0.186035,0.864529,0.549816,1
6634,73.711111,0.185380,0.865428,0.556368,1
6635,73.722222,0.184696,0.866200,0.562904,1
6636,73.733333,0.184091,0.866836,0.569656,1
6637,73.744444,0.183516,0.867522,0.576203,1
6638,73.755556,0.182987,0.868098,0.583006,1
6639,73.766667,0.182494,0.868579,0.589985,1
6640,73.777778,0.182152,0.869205,0.597061,1
6641,73.788889,0.181829,0.869654,0.604274,1
6642,73.800000,0.181557,0.870121,0.611620,1
6643,73.811111,0.181298,0.870643,0.619025,1
6644,73.822222,0.181059,0.871125,0.626345,1
6645,73.833333,0.180744,0.871422,0.633844,1
6646,73.844444,0.180502,0.871823,0.641351,1
6647,73.855556,0.180276,0.872225,0.648906,1
6648,73.866667,0.180184,0.872621,0.656345,1
6649,73.877778,0.180074,0.872834,0.663939,1
6650,73.888889,0.179184,0.872812,0.671486,1
6651,73.900000,0.178345,0.872715,0.679311,1
6652,73.911111,0.177681,0.872344,0.687141,1
6653,73.922222,0.177148,0.872113,0.694788,1
6654,73.933333,0.176844,0.871793,0.702493,1
6655,73.944444,0.176791,0.871521,0.710018,1
6656,73.955556,0.176873,0.871257,0.717564,1
6657,73.966667,0.177127,0.870886,0.725126,1
6658,73.977778,0.177572,0.870523,0.732715,1
6659,73.988889,0.177985,0.870186,0.740123,1
6660,74.000000,0.178612,0.869851,0.747591,1
6661,74.011111,0.179302,0.869473,0.755037,1
6662,74.022222,0.180124,0.869067,0.762353,1
6663,74.033333,0.181081,0.868661,0.769589,1
6664,74.044444,0.182108,0.868217,0.776786,1
6665,74.055556,0.183347,0.867758,0.783856,1
6666,74.066667,0.184667,0.867405,0.790865,1
6667,74.077778,0.186153,0.867017,0.797778,1
6668,74.088889,0.187706,0.866648,0.804672,1
6669,74.100000,0.189443,0.865966,0.810457,1
6670,74.111111,0.191237,0.866214,0.817847,1
6671,74.122222,0.192949,0.865687,0.824342,1
6672,74.133333,0.194752,0.864946,0.830706,1
6673,74.144444,0.196511,0.863984,0.836918,1
6674,74.155556,0.198100,0.862846,0.842913,1
6675,74.166667,0.199720,0.861487,0.848669,1
6676,74.177778,0.201021,0.859284,0.852662,1
6677,74.188889,0.202818,0.857824,0.858203,1
6678,74.200000,0.204598,0.856378,0.863775,1
6679,74.211111,0.206530,0.854888,0.869313,1
6680,74.222222,0.208838,0.853812,0.875232,1
6681,74.233333,0.211305,0.853501,0.881282,1
6682,74.244444,0.213908,0.853337,0.887263,1
6683,74.255556,0.216613,0.853076,0.893053,1
6684,74.266667,0.219218,0.853156,0.898588,1
6685,74.277778,0.221746,0.853587,0.904544,1
6686,74.288889,0.224266,0.854337,0.910491,1
6687,74.300000,0.226816,0.855245,0.916175,1
6688,74.311111,0.229419,0.856449,0.922093,1
6689,74.322222,0.231970,0.857725,0.928179,1
6690,74.333333,0.234565,0.859142,0.934071,1
6691,74.344444,0.237115,0.860517,0.940033,1
6692,74.355556,0.239550,0.861800,0.946006,1
6693,74.366667,0.241521,0.862970,0.951883,1
6694,74.377778,0.243479,0.863889,0.957932,1
6695,74.388889,0.245125,0.864642,0.964088,1
6696,74.400000,0.246691,0.865223,0.970259,1
6697,74.411111,0.248067,0.865778,0.976445,1
6698,74.422222,0.249700,0.866084,0.982773,1
6699,74.433333,0.251515,0.866411,0.989318,1
6700,74.444444,0.253221,0.866660,0.996263,1
6701,74.455556,0.255224,0.867048,1.003084,1
6702,74.466667,0.257111,0.867411,1.009968,1
6703,74.477778,0.259066,0.867832,1.017302,1
6704,74.488889,0.261055,0.868242,1.024644,1
6705,74.500000,0.263035,0.868656,1.031970,1
6706,74.511111,0.264977,0.869128,1.039451,1
6707,74.522222,0.266837,0.869503,1.046994,1
6708,74.533333,0.268625,0.869989,1.054439,1
6709,74.544444,0.270568,0.870575,1.061723,1
6710,74.555556,0.272370,0.871167,1.069168,1
6711,74.566667,0.274166,0.871653,1.076601,1
6712,74.577778,0.276042,0.871976,1.084015,1
6713,74.588889,0.278040,0.872207,1.091388,1
6714,74.600000,0.279843,0.872292,1.099198,1
6715,74.611111,0.281813,0.872304,1.107033,1
6716,74.622222,0.283679,0.872226,1.114708,1
6717,74.633333,0.285492,0.871998,1.122332,1
6718,74.644444,0.287359,0.871660,1.129749,1
6719,74.655556,0.289104,0.871408,1.137163,1
6720,74.666667,0.290687,0.871140,1.144567,1
6721,74.677778,0.292232,0.870753,1.152020,1
6722,74.688889,0.293545,0.870398,1.159348,1
6723,74.700000,0.294695,0.869978,1.166558,1
6724,74.711111,0.295717,0.869482,1.173677,1
6725,74.722222,0.296602,0.868955,1.180583,1
6726,74.733333,0.297317,0.868368,1.187329,1
6727,74.744444,0.297987,0.867696,1.193919,1
6728,74.755556,0.298645,0.866967,1.200230,1
6729,74.766667,0.299279,0.865928,1.206627,1
6730,74.777778,0.299656,0.865202,1.212564,1
6731,74.788889,0.299888,0.864501,1.218170,1
6732,74.800000,0.299307,0.864052,1.221234,1
6733,74.811111,0.299572,0.862872,1.226497,1
6734,74.822222,0.299811,0.861813,1.231048,1
6735,74.833333,0.299967,0.860590,1.236239,1
6736,74.844444,0.300120,0.859434,1.240865,1
6737,74.855556,0.300238,0.858194,1.245278,1
6738,74.866667,0.300428,0.856756,1.249776,1
6739,74.877778,0.300553,0.855362,1.254068,1
6740,74.888889,0.300677,0.853706,1.258990,1
6741,74.900000,0.300412,0.852215,1.264241,1
6742,74.911111,0.299895,0.851829,1.268796,1
6743,74.922222,0.299496,0.851316,1.274287,1
6744,74.933333,0.299150,0.850850,1.279487,1
6745,74.944444,0.298761,0.850461,1.284619,1
6746,74.955556,0.298329,0.849806,1.289928,1
6747,74.966667,0.297879,0.849856,1.295088,1
6748,74.977778,0.297639,0.850287,1.300136,1
6749,74.988889,0.296964,0.851013,1.304874,1
6750,75.000000,0.296247,0.851834,1.309601,1
6751,75.011111,0.295533,0.852828,1.314207,1
6752,75.022222,0.295107,0.853913,1.319015,1
6753,75.033333,0.294545,0.855212,1.323961,1
6754,75.044444,0.294412,0.857517,1.327791,1
6755,75.055556,0.293688,0.857536,1.333235,1
6756,75.066667,0.292843,0.858233,1.338060,1
6757,75.077778,0.292527,0.859213,1.342832,1
6758,75.088889,0.292170,0.860207,1.347523,1
6759,75.100000,0.292848,0.860488,1.354192,1
6760,75.111111,0.293693,0.860984,1.359777,1
6761,75.122222,0.293989,0.861016,1.365878,1
6762,75.133333,0.294845,0.861338,1.371307,1
6763,75.144444,0.295259,0.861543,1.376444,1
6764,75.155556,0.295457,0.861617,1.381447,1
6765,75.166667,0.295362,0.861730,1.386470,1
6766,75.177778,0.295359,0.862025,1.391517,1
6767,75.188889,0.294838,0.862195,1.396833,1
6768,75.200000,0.294234,0.862482,1.402622,1
6769,75.211111,0.293597,0.862809,1.408008,1
6770,75.222222,0.293477,0.863557,1.413923,1
6771,75.233333,0.292666,0.863839,1.419468,1
6772,75.244444,0.292448,0.864206,1.424664,1
6773,75.255556,0.292316,0.864640,1.429273,1
6774,75.266667,0.294360,0.865007,1.434830,1
6775,75.277778,0.296374,0.865703,1.439194,1
6776,75.288889,0.298892,0.866690,1.443989,1
6777,75.300000,0.300817,0.867262,1.448968,1
6778,75.311111,0.302192,0.868033,1.453803,1
6779,75.322222,0.303175,0.869053,1.458578,1
6780,75.333333,0.303690,0.869880,1.463622,1
6781,75.344444,0.301687,0.869875,1.469273,1
6782,75.355556,0.302649,0.869454,1.474722,1
6783,75.366667,0.303336,0.869736,1.479392,1
6784,75.377778,0.304005,0.869924,1.484708,1
6785,75.388889,0.305192,0.870217,1.489396,1
6786,75.400000,0.305948,0.870376,1.494085,1
6787,75.411111,0.306474,0.870187,1.499045,1
6788,75.422222,0.307390,0.870210,1.504229,1
6789,75.433333,0.308381,0.870112,1.508612,1
6790,75.444444,0.310489,0.870151,1.512892,1
6791,75.455556,0.312738,0.870108,1.516958,1
6792,75.466667,0.314374,0.868977,1.520904,1
6793,75.477778,0.316078,0.869010,1.524260,1
6794,75.488889,0.318630,0.867500,1.527255,1
6795,75.500000,0.321898,0.865215,1.529352,1
6796,75.511111,0.323531,0.863963,1.532297,1
6797,75.522222,0.325036,0.862887,1.535178,1
6798,75.533333,0.326509,0.862087,1.538625,1
6799,75.544444,0.327864,0.861136,1.541115,1
6800,75.555556,0.329291,0.860299,1.544072,1
6801,75.566667,0.330640,0.859543,1.546793,1
6802,75.577778,0.332420,0.859361,1.549499,1
6803,75.588889,0.334474,0.859688,1.552306,1
6804,75.600000,0.332894,0.862228,1.561207,1
6805,75.611111,0.335590,0.862088,1.564229,1
6806,75.622222,0.338405,0.861790,1.567380,1
6807,75.633333,0.340999,0.861529,1.570526,1
6808,75.644444,0.343333,0.861347,1.573636,1
6809,75.655556,0.344970,0.860767,1.576915,1
6810,75.666667,0.346917,0.861220,1.579133,1
6811,75.677778,0.348733,0.860882,1.582717,1
6812,75.688889,0.350671,0.860730,1.585951,1
6813,75.700000,0.352495,0.860579,1.589048,1
6814,75.711111,0.354216,0.860365,1.592098,1
6815,75.722222,0.355964,0.860425,1.594799,1
6816,75.733333,0.357473,0.860207,1.597488,1
6817,75.744444,0.359233,0.859861,1.600600,1
6818,75.755556,0.361091,0.859463,1.603486,1
6819,75.766667,0.362630,0.859217,1.606250,1
6820,75.777778,0.365741,0.860580,1.608679,1
6821,75.788889,0.367754,0.861110,1.611042,1
6822,75.800000,0.368100,0.860255,1.612132,1
6823,75.811111,0.368736,0.862306,1.612283,1
6824,75.822222,0.369920,0.863560,1.614848,1
6825,75.833333,0.370645,0.864203,1.617223,1
6826,75.844444,0.371620,0.865491,1.619732,1
6827,75.855556,0.372929,0.866714,1.622209,1
6828,75.866667,0.374273,0.867239,1.625328,1
6829,75.877778,0.375288,0.868057,1.628092,1
6830,75.888889,0.376370,0.868337,1.631423,1
6831,75.900000,0.376567,0.868523,1.635215,1
6832,75.911111,0.376445,0.868993,1.638525,1
6833,75.922222,0.376250,0.869299,1.641798,1
6834,75.933333,0.376405,0.869611,1.645168,1
6835,75.944444,0.376301,0.869659,1.648427,1
6836,75.955556,0.376667,0.869750,1.651259,1
6837,75.966667,0.376761,0.869740,1.654142,1
6838,75.977778,0.377213,0.869511,1.656720,1
6839,75.988889,0.377580,0.869317,1.659128,1
6840,76.000000,0.378159,0.869030,1.661685,1
6841,76.011111,0.378476,0.868591,1.664058,1
6842,76.022222,0.378549,0.868325,1.666292,1
6843,76.033333,0.378455,0.867438,1.668559,1
6844,76.044444,0.378351,0.866565,1.670690,1
6845,76.055556,0.378394,0.865810,1.672876,1
6846,76.066667,0.378277,0.864791,1.675065,1
6847,76.077778,0.377962,0.863822,1.676861,1
6848,76.088889,0.377738,0.863252,1.678646,1
6849,76.100000,0.377400,0.862786,1.680507,1
6850,76.111111,0.377016,0.862039,1.682238,1
6851,76.122222,0.376692,0.861255,1.683926,1
6852,76.133333,0.376443,0.860617,1.685047,1
6853,76.144444,0.375823,0.860107,1.686177,1
6854,76.155556,0.375134,0.859557,1.687297,1
6855,76.166667,0.374197,0.859495,1.688256,1
6856,76.177778,0.373441,0.859182,1.689657,1
6857,76.188889,0.372684,0.859275,1.690830,1
6858,76.200000,0.371817,0.859860,1.691746,1
6859,76.211111,0.370846,0.860513,1.692671,1
6860,76.222222,0.369969,0.861177,1.693482,1
6861,76.233333,0.369059,0.861685,1.694472,1
6862,76.244444,0.367886,0.861895,1.695383,1
6863,76.255556,0.366959,0.862088,1.696212,1
6864,76.266667,0.366026,0.862217,1.697125,1
6865,76.277778,0.365083,0.862279,1.698067,1
6866,76.288889,0.364059,0.861116,1.699266,1
6867,76.300000,0.362964,0.860539,1.700497,1
6868,76.311111,0.361785,0.859825,1.702162,1
6869,76.322222,0.360678,0.860368,1.702846,1
6870,76.333333,0.359910,0.860764,1.703693,1
6871,76.344444,0.358616,0.861261,1.705845,1
6872,76.355556,0.357490,0.861895,1.707099,1
6873,76.366667,0.356383,0.861998,1.708089,1
6874,76.377778,0.354865,0.862092,1.707974,1
6875,76.388889,0.354084,0.862096,1.708979,1
6876,76.400000,0.352774,0.862004,1.708619,1
6877,76.411111,0.351817,0.862020,1.708988,1
6878,76.422222,0.350972,0.861910,1.709720,1
6879,76.433333,0.349685,0.861900,1.709657,1
6880,76.444444,0.348687,0.861896,1.710064,1
6881,76.455556,0.347671,0.861945,1.710281,1
6882,76.466667,0.346743,0.861994,1.710724,1
6883,76.477778,0.345693,0.861990,1.711028,1
6884,76.488889,0.344697,0.861744,1.711115,1
6885,76.500000,0.343595,0.861667,1.711186,1
6886,76.511111,0.342469,0.861643,1.711361,1
6887,76.522222,0.340962,0.861516,1.712350,1
6888,76.533333,0.339616,0.861372,1.713059,1
6889,76.544444,0.337902,0.861086,1.713697,1
6890,76.555556,0.336125,0.860642,1.714077,1
6891,76.566667,0.334189,0.860211,1.714082,1
6892,76.577778,0.331991,0.859476,1.712053,1
6893,76.588889,0.331112,0.859441,1.712218,1
6894,76.600000,0.330340,0.859443,1.712650,1
6895,76.611111,0.329669,0.859469,1.712960,1
6896,76.622222,0.328931,0.859455,1.713363,1
6897,76.633333,0.328241,0.859379,1.713601,1
6898,76.644444,0.327556,0.859460,1.714029,1
6899,76.655556,0.326983,0.859418,1.714305,1
6900,76.666667,0.326286,0.859390,1.714474,1
6901,76.677778,0.325620,0.859288,1.714899,1
6902,76.688889,0.325032,0.859199,1.715294,1
6903,76.700000,0.324384,0.859134,1.715545,1
6904,76.711111,0.323782,0.859117,1.715848,1
6905,76.722222,0.323159,0.859146,1.716264,1
6906,76.733333,0.322701,0.859082,1.716576,1
6907,76.744444,0.322637,0.858881,1.716594,1
6908,76.755556,0.321937,0.858454,1.716881,1
6909,76.766667,0.321243,0.858229,1.717247,1
6910,76.777778,0.320745,0.858269,1.717522,1
6911,76.788889,0.320299,0.858455,1.717772,1
6912,76.800000,0.320439,0.858598,1.717901,1
6913,76.811111,0.320233,0.858468,1.718211,1
6914,76.822222,0.319496,0.858014,1.718576,1
6915,76.833333,0.319010,0.857879,1.718681,1
6916,76.844444,0.318644,0.858013,1.719079,1
6917,76.855556,0.318862,0.858554,1.718928,1
6918,76.866667,0.318591,0.858512,1.719226,1
6919,76.877778,0.318404,0.858440,1.719344,1
6920,76.888889,0.318217,0.858471,1.719557,1
6921,76.900000,0.318006,0.858494,1.719741,1
6922,76.911111,0.317741,0.858516,1.719870,1
6923,76.922222,0.317586,0.858538,1.719966,1
6924,76.933333,0.317365,0.858558,1.720107,1
6925,76.944444,0.317142,0.858462,1.720266,1
6926,76.955556,0.316977,0.858424,1.720381,1
6927,76.966667,0.316965,0.858386,1.720448,1
6928,76.977778,0.316783,0.858418,1.720330,1
6929,76.988889,0.316721,0.858453,1.720367,1
6930,77.000000,0.316659,0.858506,1.720385,1
6931,77.011111,0.316533,0.858415,1.720353,1
6932,77.022222,0.316346,0.858298,1.720300,1
6933,77.033333,0.316262,0.858245,1.720312,1
6934,77.044444,0.316328,0.858284,1.720357,1
6935,77.055556,0.316333,0.858271,1.720269,1
6936,77.066667,0.316359,0.858247,1.720309,1
6937,77.077778,0.316377,0.858294,1.720268,1
6938,77.088889,0.316292,0.858317,1.720271,1
6939,77.100000,0.316290,0.858320,1.720063,1
6940,77.111111,0.316277,0.858336,1.719982,1
6941,77.122222,0.316263,0.858413,1.719962,1
6942,77.133333,0.316149,0.858410,1.719833,1
6943,77.144444,0.316172,0.858435,1.719663,1
6944,77.155556,0.316163,0.858424,1.719563,1
6945,77.166667,0.316156,0.858393,1.719659,1
6946,77.177778,0.316111,0.858377,1.719465,1
6947,77.188889,0.316120,0.858380,1.719333,1
6948,77.200000,0.316122,0.858378,1.719214,1
6949,77.211111,0.316069,0.858338,1.719060,1
6950,77.222222,0.316173,0.858350,1.718943,1
6951,77.233333,0.316215,0.858321,1.718854,1
6952,77.244444,0.316230,0.858290,1.718722,1
6953,77.255556,0.316231,0.858272,1.718725,1
6954,77.266667,0.316176,0.858270,1.718381,1
6955,77.277778,0.316303,0.858230,1.718352,1
6956,77.288889,0.316379,0.858236,1.718251,1
6957,77.300000,0.316313,0.858270,1.717964,1
6958,77.311111,0.316261,0.858357,1.717738,1
6959,77.322222,0.316345,0.858517,1.717658,1
6960,77.333333,0.316351,0.858497,1.717590,1
6961,77.344444,0.316386,0.858502,1.717396,1
6962,77.355556,0.316553,0.858411,1.717304,1
6963,77.366667,0.316645,0.858278,1.717265,1
6964,77.377778,0.316681,0.858229,1.717225,1
6965,77.388889,0.316723,0.858261,1.717093,1
6966,77.400000,0.316838,0.858268,1.716983,1
6967,77.411111,0.316805,0.858214,1.716893,1
6968,77.422222,0.316979,0.858221,1.716949,1
6969,77.433333,0.317169,0.858144,1.716740,1
6970,77.444444,0.317226,0.858087,1.716584,1
6971,77.455556,0.317266,0.858106,1.716407,1
6972,77.466667,0.317257,0.858180,1.716281,1
6973,77.477778,0.317419,0.858345,1.716107,1
6974,77.488889,0.317560,0.858473,1.716186,1
6975,77.500000,0.317756,0.858388,1.716192,1
6976,77.511111,0.317956,0.858268,1.716132,1
6977,77.522222,0.317995,0.858260,1.716040,1
6978,77.533333,0.318091,0.858249,1.715891,1
6979,77.544444,0.318224,0.858317,1.715813,1
6980,77.555556,0.318333,0.858387,1.715678,1
6981,77.566667,0.318417,0.858383,1.715668,1
6982,77.577778,0.318663,0.858388,1.715660,1
6983,77.588889,0.318947,0.858471,1.715586,1
6984,77.600000,0.319224,0.858609,1.715462,1
6985,77.611111,0.319410,0.858679,1.715358,1
6986,77.622222,0.319471,0.858700,1.715391,1
6987,77.633333,0.319636,0.858791,1.715206,1
6988,77.644444,0.319864,0.858923,1.715111,1
6989,77.655556,0.320160,0.859089,1.715036,1
6990,77.666667,0.321114,0.859475,1.714770,1
6991,77.677778,0.321312,0.859152,1.714697,1
6992,77.688889,0.321814,0.859157,1.714006,1
6993,77.700000,0.322291,0.859329,1.713876,1
6994,77.711111,0.322926,0.859599,1.713785,1
6995,77.722222,0.323624,0.859823,1.713805,1
6996,77.733333,0.324272,0.859970,1.713675,1
6997,77.744444,0.324969,0.860097,1.713370,1
6998,77.755556,0.325782,0.860244,1.713096,1
6999,77.766667,0.326546,0.860352,1.712974,1
7000,77.777778,0.327440,0.860356,1.712594,1
7001,77.788889,0.328265,0.860520,1.712072,1
7002,77.800000,0.329510,0.859782,1.712355,1
7003,77.811111,0.330165,0.859977,1.711687,1
7004,77.822222,0.331165,0.860005,1.711537,1
7005,77.833333,0.331960,0.860172,1.711286,1
7006,77.844444,0.332635,0.860604,1.710602,1
7007,77.855556,0.333342,0.861048,1.710006,1
7008,77.866667,0.334177,0.861307,1.709447,1
7009,77.877778,0.334906,0.861490,1.708945,1
7010,77.888889,0.335275,0.861819,1.708559,1
7011,77.900000,0.335764,0.861999,1.707820,1
7012,77.911111,0.336167,0.862295,1.707990,1
7013,77.922222,0.336816,0.862443,1.707740,1
7014,77.933333,0.337145,0.862544,1.707205,1
7015,77.944444,0.337528,0.862828,1.706984,1
7016,77.955556,0.337773,0.863198,1.706605,1
7017,77.966667,0.337938,0.863446,1.706454,1
7018,77.977778,0.337894,0.863755,1.706334,1
7019,77.988889,0.338494,0.864653,1.704429,1
7020,78.000000,0.338151,0.865246,1.703793,1
7021,78.011111,0.337748,0.865680,1.703690,1
7022,78.022222,0.337305,0.866043,1.703185,1
7023,78.033333,0.336783,0.866661,1.702702,1
7024,78.044444,0.335985,0.866784,1.702380,1
7025,78.055556,0.335234,0.866922,1.701841,1
7026,78.066667,0.334141,0.867006,1.701161,1
7027,78.077778,0.333177,0.867138,1.700604,1
7028,78.088889,0.332130,0.867037,1.699678,1
7029,78.100000,0.330981,0.866965,1.699544,1
7030,78.111111,0.329894,0.866696,1.698269,1
7031,78.122222,0.328599,0.866411,1.697913,1
7032,78.133333,0.327254,0.865465,1.697684,1
7033,78.144444,0.325905,0.864508,1.696822,1
7034,78.155556,0.324215,0.863524,1.696624,1
7035,78.166667,0.322530,0.862555,1.696650,1
7036,78.177778,0.320776,0.861663,1.696346,1
7037,78.188889,0.318720,0.860975,1.696742,1
7038,78.200000,0.316645,0.860365,1.697020,1
7039,78.211111,0.314759,0.859324,1.697407,1
7040,78.222222,0.312957,0.858700,1.697757,1
7041,78.233333,0.311053,0.858284,1.698286,1
7042,78.244444,0.309124,0.858107,1.699035,1
7043,78.255556,0.307053,0.858253,1.699503,1
7044,78.266667,0.304860,0.858572,1.699897,1
7045,78.277778,0.302106,0.858719,1.699640,1
7046,78.288889,0.299192,0.858910,1.699532,1
7047,78.300000,0.296412,0.858947,1.699227,1
7048,78.311111,0.293574,0.858990,1.699125,1
7049,78.322222,0.290607,0.859158,1.698925,1
7050,78.333333,0.287598,0.859086,1.698923,1
7051,78.344444,0.283059,0.859566,1.697559,1
7052,78.355556,0.280277,0.859940,1.697637,1
7053,78.366667,0.277165,0.859992,1.697510,1
7054,78.377778,0.274340,0.859298,1.697892,1
7055,78.388889,0.273849,0.858861,1.701984,1
7056,78.400000,0.271572,0.858669,1.699947,1
7057,78.411111,0.267445,0.857795,1.700202,1
7058,78.422222,0.263504,0.856996,1.700484,1
7059,78.433333,0.260086,0.856255,1.700768,1
7060,78.444444,0.256541,0.855696,1.701283,1
7061,78.455556,0.253827,0.855931,1.701835,1
7062,78.466667,0.250676,0.857234,1.702073,1
7063,78.477778,0.247632,0.858859,1.702323,1
7064,78.488889,0.244508,0.860386,1.702577,1
7065,78.500000,0.241996,0.861660,1.703108,1
7066,78.511111,0.238944,0.862608,1.703815,1
7067,78.522222,0.236632,0.863615,1.704434,1
7068,78.533333,0.234570,0.864504,1.705161,1
7069,78.544444,0.232845,0.865425,1.706004,1
7070,78.555556,0.231134,0.866477,1.707206,1
7071,78.566667,0.229291,0.867369,1.708416,1
7072,78.577778,0.227580,0.867861,1.709795,1
7073,78.588889,0.225927,0.868274,1.711057,1
7074,78.600000,0.224619,0.869234,1.712036,1
7075,78.611111,0.223544,0.870568,1.712775,1
7076,78.622222,0.222994,0.872041,1.713481,1
7077,78.633333,0.222829,0.873299,1.714055,1
7078,78.644444,0.223254,0.873914,1.714966,1
7079,78.655556,0.224025,0.874528,1.715783,1
7080,78.666667,0.225288,0.875093,1.716393,1
7081,78.677778,0.226203,0.875721,1.716815,1
7082,78.688889,0.224586,0.875995,1.718544,1
7083,78.700000,0.224304,0.876420,1.720810,1
7084,78.711111,0.224251,0.876665,1.722942,1
7085,78.722222,0.223692,0.877156,1.725259,1
7086,78.733333,0.222842,0.877407,1.727543,1
7087,78.744444,0.220813,0.877445,1.729062,1
7088,78.755556,0.218316,0.877762,1.731026,1
7089,78.766667,0.215484,0.877670,1.732352,1
7090,78.777778,0.212335,0.877963,1.734089,1
7091,78.788889,0.209372,0.878184,1.735191,1
7092,78.800000,0.206453,0.878414,1.736360,1
7093,78.811111,0.204699,0.878731,1.737269,1
7094,78.822222,0.202849,0.878800,1.737978,1
7095,78.833333,0.201697,0.878363,1.738003,1
7096,78.844444,0.200484,0.878126,1.738639,1
7097,78.855556,0.200537,0.876885,1.739621,1
7098,78.866667,0.199123,0.876829,1.740756,1
7099,78.877778,0.199024,0.875905,1.741282,1
7100,78.888889,0.194863,0.873310,1.744166,1
7101,78.900000,0.182433,0.874059,1.748257,1
7102,78.911111,0.180855,0.875047,1.747892,1
7103,78.922222,0.179441,0.875116,1.749075,1
7104,78.933333,0.179124,0.875663,1.750041,1
7105,78.944444,0.178633,0.876177,1.750493,1
7106,78.955556,0.178496,0.875455,1.748076,1
7107,78.966667,0.177887,0.875176,1.749212,1
7108,78.977778,0.176754,0.874822,1.750107,1
7109,78.988889,0.175046,0.874578,1.752417,1
7110,79.000000,0.173594,0.874304,1.753501,1
7111,79.011111,0.174354,0.875747,1.753272,1
7112,79.022222,0.174389,0.879431,1.756340,1
7113,79.033333,0.173301,0.881643,1.759149,1
7114,79.044444,0.172691,0.881368,1.760582,1
7115,79.055556,0.172763,0.877940,1.759951,1
7116,79.066667,0.174753,0.873801,1.757818,1
7117,79.077778,0.176763,0.869640,1.756020,1
7118,79.088889,0.178267,0.866754,1.753989,1
7119,79.100000,0.184033,0.864242,1.748780,1
7120,79.111111,0.180109,0.872360,1.759096,1
7121,79.122222,0.170369,0.890689,1.775120,1
7122,79.133333,0.151049,0.921268,1.786220,1
7123,79.144444,0.134942,0.947418,1.783837,1
7124,79.155556,0.132222,0.953832,1.783791,1
7125,79.166667,0.130027,0.957248,1.784870,1
7126,79.177778,0.128934,0.957616,1.787271,1
7127,79.188889,0.128195,0.957796,1.789522,1
7128,79.200000,0.127403,0.958117,1.792063,1
7129,79.211111,0.126121,0.958268,1.794694,1
7130,79.222222,0.124407,0.958504,1.797127,1
7131,79.233333,0.123090,0.958516,1.798630,1
7132,79.244444,0.122016,0.958153,1.800057,1
7133,79.255556,0.121072,0.957521,1.800511,1
7134,79.266667,0.120201,0.956462,1.801006,1
7135,79.277778,0.119314,0.956061,1.801795,1
7136,79.288889,0.118521,0.955845,1.802666,1
7137,79.300000,0.118023,0.955973,1.803615,1
7138,79.311111,0.117682,0.956108,1.802818,1
7139,79.322222,0.117056,0.955408,1.803974,1
7140,79.333333,0.116301,0.953887,1.804290,1
7141,79.344444,0.116102,0.953723,1.804851,1
7142,79.355556,0.116640,0.954157,1.805797,1
7143,79.366667,0.118478,0.954967,1.806301,1
7144,79.377778,0.118770,0.955837,1.806810,1
7145,79.388889,0.120446,0.957184,1.804384,1
7146,79.400000,0.122023,0.958314,1.804428,1
7147,79.411111,0.123500,0.959441,1.804720,1
7148,79.422222,0.124895,0.961115,1.805104,1
7149,79.433333,0.126156,0.961832,1.805330,1
7150,79.444444,0.127509,0.963456,1.806602,1
7151,79.455556,0.128728,0.963465,1.807236,1
7152,79.466667,0.130085,0.962179,1.808225,1
7153,79.477778,0.131356,0.962560,1.808398,1
7154,79.488889,0.133592,0.962918,1.808669,1
7155,79.500000,0.135145,0.963519,1.808053,1
7156,79.511111,0.136279,0.963184,1.807942,1
7157,79.522222,0.138953,0.964357,1.807440,1
7158,79.533333,0.140642,0.964355,1.806888,1
7159,79.544444,0.142146,0.964831,1.805769,1
7160,79.555556,0.142961,0.964484,1.804690,1
7161,79.566667,0.144499,0.964210,1.803898,1
7162,79.577778,0.146432,0.964351,1.803006,1
7163,79.588889,0.148301,0.964841,1.801821,1
7164,79.600000,0.150014,0.964623,1.800580,1
7165,79.611111,0.151839,0.964522,1.799167,1
7166,79.622222,0.153575,0.963756,1.798320,1
7167,79.633333,0.155713,0.964162,1.796992,1
7168,79.644444,0.157675,0.964087,1.795407,1
7169,79.655556,0.160295,0.963568,1.795716,1
7170,79.666667,0.162171,0.962971,1.794410,1
7171,79.677778,0.163495,0.959716,1.794238,1
7172,79.688889,0.165286,0.958803,1.792435,1
7173,79.700000,0.167418,0.958171,1.791503,1
7174,79.711111,0.169711,0.957806,1.790023,1
7175,79.722222,0.171581,0.956747,1.788667,1
7176,79.733333,0.173516,0.955681,1.787134,1
7177,79.744444,0.175346,0.954810,1.785694,1
7178,79.755556,0.176903,0.954203,1.783963,1
7179,79.766667,0.178530,0.953669,1.782060,1
7180,79.777778,0.179996,0.952487,1.780175,1
7181,79.788889,0.181685,0.952382,1.778064,1
7182,79.800000,0.183583,0.952912,1.775613,1
7183,79.811111,0.185240,0.952955,1.773344,1
7184,79.822222,0.186668,0.952983,1.771000,1
7185,79.833333,0.188191,0.952693,1.768613,1
7186,79.844444,0.189704,0.952407,1.766190,1
7187,79.855556,0.191432,0.951926,1.763877,1
7188,79.866667,0.193071,0.951544,1.761407,1
7189,79.877778,0.194647,0.951139,1.759037,1
7190,79.888889,0.196320,0.950411,1.756727,1
7191,79.900000,0.197684,0.949619,1.754011,1
7192,79.911111,0.199383,0.949144,1.751594,1
7193,79.922222,0.201049,0.948600,1.748710,1
7194,79.933333,0.202507,0.948294,1.745956,1
7195,79.944444,0.203805,0.947593,1.743206,1
7196,79.955556,0.205022,0.947076,1.740561,1
7197,79.966667,0.206264,0.947272,1.737915,1
7198,79.977778,0.207195,0.947363,1.735180,1
7199,79.988889,0.208197,0.947502,1.732637,1
7200,80.000000,0.209118,0.948076,1.729873,1
7201,80.011111,0.210033,0.948805,1.727273,1
7202,80.022222,0.210954,0.949543,1.724702,1
7203,80.033333,0.212301,0.951506,1.722170,1
7204,80.044444,0.212983,0.953448,1.720186,1
7205,80.055556,0.213684,0.954678,1.718194,1
7206,80.066667,0.214177,0.954946,1.716700,1
7207,80.077778,0.214437,0.955433,1.714713,1
7208,80.088889,0.214825,0.956111,1.712718,1
7209,80.100000,0.215133,0.956139,1.710969,1
7210,80.111111,0.215502,0.956313,1.709017,1
7211,80.122222,0.216626,0.956019,1.706583,1
7212,80.133333,0.216595,0.955895,1.705135,1
7213,80.144444,0.216540,0.956141,1.703157,1
7214,80.155556,0.216546,0.956327,1.701419,1
7215,80.166667,0.216387,0.955941,1.699819,1
7216,80.177778,0.216308,0.955779,1.698368,1
7217,80.188889,0.216186,0.955379,1.697142,1
7218,80.200000,0.216164,0.955063,1.695690,1
7219,80.211111,0.215702,0.953922,1.694557,1
7220,80.222222,0.214159,0.953508,1.692461,1
7221,80.233333,0.213886,0.953656,1.691358,1
7222,80.244444,0.213224,0.952788,1.690681,1
7223,80.255556,0.212723,0.952174,1.690475,1
7224,80.266667,0.211627,0.952013,1.690107,1
7225,80.277778,0.210864,0.952480,1.689691,1
7226,80.288889,0.209895,0.953028,1.688941,1
7227,80.300000,0.208911,0.953309,1.688201,1
7228,80.311111,0.207905,0.953856,1.687436,1
7229,80.322222,0.206931,0.954035,1.686931,1
7230,80.333333,0.206188,0.954799,1.686902,1
7231,80.344444,0.204993,0.954942,1.686741,1
7232,80.355556,0.203753,0.954679,1.687127,1
7233,80.366667,0.202523,0.954560,1.686940,1
7234,80.377778,0.201350,0.954433,1.686983,1
7235,80.388889,0.200117,0.954576,1.686672,1
7236,80.400000,0.198743,0.954072,1.686749,1
7237,80.411111,0.197601,0.953818,1.686605,1
7238,80.422222,0.196368,0.953451,1.686324,1
7239,80.433333,0.195246,0.953295,1.686196,1
7240,80.444444,0.194417,0.953518,1.686225,1
7241,80.455556,0.193423,0.953559,1.685974,1
7242,80.466667,0.192503,0.953555,1.685958,1
7243,80.477778,0.191542,0.953678,1.685768,1
7244,80.488889,0.190458,0.953383,1.685658,1
7245,80.500000,0.189577,0.953290,1.685671,1
7246,80.511111,0.188873,0.953466,1.685880,1
7247,80.522222,0.188069,0.953562,1.685899,1
7248,80.533333,0.187254,0.953540,1.685930,1
7249,80.544444,0.186630,0.953602,1.686142,1
7250,80.555556,0.185862,0.953753,1.686126,1
7251,80.566667,0.184968,0.953221,1.685978,1
7252,80.577778,0.184287,0.953424,1.685865,1
7253,80.588889,0.183164,0.952918,1.685496,1
7254,80.600000,0.182229,0.952364,1.685207,1
7255,80.611111,0.181563,0.952538,1.684832,1
7256,80.622222,0.180696,0.952071,1.684774,1
7257,80.633333,0.179977,0.951876,1.684743,1
7258,80.644444,0.179561,0.952322,1.684711,1
7259,80.655556,0.179089,0.952314,1.684761,1
7260,80.666667,0.178580,0.952329,1.684750,1
7261,80.677778,0.177965,0.951876,1.684751,1
7262,80.688889,0.177668,0.952317,1.684751,1
7263,80.700000,0.177328,0.953121,1.684675,1
7264,80.711111,0.176947,0.952976,1.684754,1
7265,80.722222,0.176691,0.953179,1.684773,1
7266,80.733333,0.176299,0.953193,1.684776,1
7267,80.744444,0.175927,0.953309,1.684618,1
7268,80.755556,0.175575,0.953294,1.684494,1
7269,80.766667,0.175211,0.953247,1.684494,1
7270,80.777778,0.174824,0.953103,1.684432,1
7271,80.788889,0.174523,0.953057,1.684442,1
7272,80.800000,0.174287,0.953307,1.684130,1
7273,80.811111,0.173815,0.952914,1.684200,1
7274,80.822222,0.173526,0.952963,1.684006,1
7275,80.833333,0.173158,0.953086,1.683872,1
7276,80.844444,0.173069,0.952702,1.684316,1
7277,80.855556,0.173032,0.953042,1.684349,1
7278,80.866667,0.172980,0.953387,1.684516,1
7279,80.877778,0.172807,0.953574,1.684495,1
7280,80.888889,0.172647,0.953882,1.684395,1
7281,80.900000,0.172386,0.953732,1.684377,1
7282,80.911111,0.172134,0.953703,1.684174,1
7283,80.922222,0.171910,0.954062,1.684007,1
7284,80.933333,0.171474,0.953645,1.683784,1
7285,80.944444,0.171247,0.953784,1.683558,1
7286,80.955556,0.171032,0.954071,1.683238,1
7287,80.966667,0.170682,0.954073,1.682986,1
7288,80.977778,0.170302,0.953585,1.682946,1
7289,80.988889,0.169914,0.953405,1.682863,1
7290,81.000000,0.169629,0.953635,1.682582,1
7291,81.011111,0.169239,0.953254,1.682452,1
7292,81.022222,0.168980,0.953418,1.682140,1
7293,81.033333,0.168641,0.953184,1.681924,1
7294,81.044444,0.168329,0.953328,1.681807,1
7295,81.055556,0.168032,0.953399,1.681621,1
7296,81.066667,0.167674,0.953241,1.681417,1
7297,81.077778,0.167265,0.952943,1.681279,1
7298,81.088889,0.167133,0.952936,1.680997,1
7299,81.100000,0.166721,0.952623,1.680893,1
7300,81.111111,0.166355,0.952424,1.680724,1
7301,81.122222,0.166189,0.952456,1.680441,1
7302,81.133333,0.165792,0.951911,1.680338,1
7303,81.144444,0.165558,0.951942,1.680195,1
7304,81.155556,0.165349,0.951778,1.680034,1
7305,81.166667,0.165193,0.951667,1.679873,1
7306,81.177778,0.164995,0.951696,1.679605,1
7307,81.188889,0.164841,0.951858,1.679384,1
7308,81.200000,0.164556,0.951772,1.678986,1
7309,81.211111,0.164258,0.951380,1.678513,1
7310,81.222222,0.163948,0.951175,1.678146,1
7311,81.233333,0.163746,0.950929,1.677855,1
7312,81.244444,0.163573,0.950836,1.677552,1
7313,81.255556,0.163475,0.950826,1.677324,1
7314,81.266667,0.163452,0.951060,1.677108,1
7315,81.277778,0.163282,0.950952,1.676961,1
7316,81.288889,0.163315,0.951089,1.676861,1
7317,81.300000,0.163295,0.951027,1.676746,1
7318,81.311111,0.163281,0.951128,1.676439,1
7319,81.322222,0.163240,0.950992,1.676439,1
7320,81.333333,0.163266,0.950893,1.676195,1
7321,81.344444,0.163238,0.951090,1.675999,1
7322,81.355556,0.163233,0.950894,1.675892,1
7323,81.366667,0.163222,0.950720,1.675683,1
7324,81.377778,0.163212,0.950962,1.675554,1
7325,81.388889,0.163114,0.950733,1.675406,1
7326,81.400000,0.163137,0.950733,1.675246,1
7327,81.411111,0.163314,0.951153,1.675058,1
7328,81.422222,0.163134,0.950775,1.674888,1
7329,81.433333,0.163203,0.951034,1.674728,1
7330,81.444444,0.163106,0.950666,1.674556,1
7331,81.455556,0.163069,0.950403,1.674418,1
7332,81.466667,0.163023,0.950450,1.674207,1
7333,81.477778,0.162961,0.950458,1.674003,1
7334,81.488889,0.162924,0.950463,1.673801,1
7335,81.500000,0.162918,0.950453,1.673664,1
7336,81.511111,0.162872,0.950384,1.673499,1
7337,81.522222,0.162831,0.950444,1.673320,1
7338,81.533333,0.162841,0.950450,1.673075,1
7339,81.544444,0.162845,0.950507,1.672977,1
7340,81.555556,0.162781,0.950475,1.672781,1
7341,81.566667,0.162785,0.950446,1.672562,1
7342,81.577778,0.162746,0.950646,1.672400,1
7343,81.588889,0.162707,0.950830,1.672141,1
7344,81.600000,0.162650,0.950809,1.671999,1
7345,81.611111,0.162571,0.950822,1.671833,1
7346,81.622222,0.162443,0.950663,1.671693,1
7347,81.633333,0.162339,0.950729,1.671483,1
7348,81.644444,0.162189,0.950560,1.671312,1
7349,81.655556,0.162071,0.950367,1.671291,1
7350,81.666667,0.162001,0.950414,1.671188,1
7351,81.677778,0.161926,0.950410,1.671065,1
7352,81.688889,0.161746,0.950355,1.670689,1
7353,81.700000,0.161669,0.950411,1.670604,1
7354,81.711111,0.161516,0.950315,1.670450,1
7355,81.722222,0.161336,0.950223,1.670230,1
7356,81.733333,0.161279,0.950483,1.670043,1
7357,81.744444,0.161027,0.950280,1.669841,1
7358,81.755556,0.160766,0.950160,1.669721,1
7359,81.766667,0.160561,0.950076,1.669586,1
7360,81.777778,0.160293,0.949858,1.669398,1
7361,81.788889,0.160029,0.949739,1.669287,1
7362,81.800000,0.159677,0.949621,1.669128,1
7363,81.811111,0.159325,0.949482,1.668937,1
7364,81.822222,0.159092,0.949655,1.668745,1
7365,81.833333,0.158655,0.949590,1.668671,1
7366,81.844444,0.158427,0.949889,1.668436,1
7367,81.855556,0.157854,0.949611,1.668341,1
7368,81.866667,0.157440,0.949739,1.668092,1
7369,81.877778,0.156927,0.949558,1.667873,1
7370,81.888889,0.156523,0.949960,1.667730,1
7371,81.900000,0.155962,0.949973,1.667650,1
7372,81.911111,0.155303,0.949912,1.667492,1
7373,81.922222,0.154723,0.949741,1.667421,1
7374,81.933333,0.154057,0.949789,1.667182,1
7375,81.944444,0.153316,0.949828,1.667241,1
7376,81.955556,0.152610,0.949839,1.667040,1
7377,81.966667,0.151898,0.950313,1.666750,1
7378,81.977778,0.150967,0.950053,1.666641,1
7379,81.988889,0.150149,0.950205,1.666417,1
7380,82.000000,0.149320,0.950531,1.666346,1
7381,82.011111,0.148421,0.950452,1.666083,1
7382,82.022222,0.147292,0.950213,1.665961,1
7383,82.033333,0.146202,0.950119,1.665795,1
7384,82.044444,0.145188,0.950589,1.665456,1
7385,82.055556,0.143996,0.950647,1.665169,1
7386,82.066667,0.142676,0.950694,1.664946,1
7387,82.077778,0.141629,0.950941,1.664600,1
7388,82.088889,0.140082,0.950578,1.664261,1
7389,82.100000,0.138857,0.951109,1.663959,1
7390,82.111111,0.137425,0.951156,1.663347,1
7391,82.122222,0.135947,0.951211,1.662904,1
7392,82.133333,0.134412,0.951607,1.662474,1
7393,82.144444,0.132942,0.951785,1.661728,1
7394,82.155556,0.131298,0.951710,1.661136,1
7395,82.166667,0.129704,0.951829,1.660654,1
7396,82.177778,0.127805,0.951273,1.660029,1
7397,82.188889,0.126088,0.951253,1.659224,1
7398,82.200000,0.124654,0.952226,1.658291,1
7399,82.211111,0.122924,0.952330,1.657672,1
7400,82.222222,0.121125,0.951975,1.656631,1
7401,82.233333,0.119313,0.952297,1.655705,1
7402,82.244444,0.117617,0.952303,1.654697,1
7403,82.255556,0.115915,0.952630,1.653779,1
7404,82.266667,0.114382,0.952887,1.652661,1
7405,82.277778,0.112942,0.953925,1.651177,1
7406,82.288889,0.111324,0.954116,1.649718,1
7407,82.300000,0.109792,0.954316,1.648277,1
7408,82.311111,0.108430,0.954738,1.646524,1
7409,82.322222,0.107179,0.955310,1.644870,1
7410,82.333333,0.106010,0.955761,1.643129,1
7411,82.344444,0.104765,0.956540,1.641216,1
7412,82.355556,0.103640,0.957353,1.639244,1
7413,82.366667,0.102468,0.957897,1.637203,1
7414,82.377778,0.101342,0.958586,1.635098,1
7415,82.388889,0.100415,0.959702,1.632748,1
7416,82.400000,0.099176,0.960055,1.630448,1
7417,82.411111,0.098137,0.960582,1.627970,1
7418,82.422222,0.096897,0.960616,1.625423,1
7419,82.433333,0.095930,0.961286,1.622646,1
7420,82.444444,0.095117,0.962322,1.619672,1
7421,82.455556,0.094082,0.962647,1.616628,1
7422,82.466667,0.093341,0.963560,1.613299,1
7423,82.477778,0.092559,0.963956,1.610250,1
7424,82.488889,0.091741,0.963991,1.606879,1
7425,82.500000,0.091265,0.964293,1.603830,1
7426,82.511111,0.090728,0.965015,1.599743,1
7427,82.522222,0.090182,0.965769,1.595994,1
7428,82.533333,0.089630,0.965439,1.592146,1
7429,82.544444,0.088961,0.964747,1.588207,1
7430,82.555556,0.088749,0.964823,1.584103,1
7431,82.566667,0.088351,0.963994,1.580482,1
7432,82.577778,0.088499,0.964575,1.576440,1
7433,82.588889,0.088364,0.964184,1.572344,1
7434,82.600000,0.088337,0.964115,1.567987,1
7435,82.611111,0.088227,0.963603,1.563807,1
7436,82.622222,0.088291,0.963142,1.559688,1
7437,82.633333,0.088333,0.961541,1.555631,1
7438,82.644444,0.088492,0.961207,1.551283,1
7439,82.655556,0.088403,0.960025,1.547363,1
7440,82.666667,0.088275,0.958580,1.543193,1
7441,82.677778,0.089097,0.958386,1.538458,1
7442,82.688889,0.089901,0.958344,1.534241,1
7443,82.700000,0.090228,0.957334,1.529838,1
7444,82.711111,0.090384,0.955939,1.525450,1
7445,82.722222,0.090577,0.954932,1.520652,1
7446,82.733333,0.090870,0.953228,1.515985,1
7447,82.744444,0.091296,0.951781,1.511636,1
7448,82.755556,0.091968,0.950465,1.507000,1
7449,82.766667,0.092866,0.949113,1.502521,1
7450,82.777778,0.094003,0.948094,1.497718,1
7451,82.788889,0.095209,0.946962,1.492728,1
7452,82.800000,0.096440,0.946159,1.487745,1
7453,82.811111,0.098056,0.946568,1.482659,1
7454,82.822222,0.100010,0.948797,1.477061,1
7455,82.833333,0.101888,0.951008,1.471536,1
7456,82.844444,0.103469,0.952031,1.466406,1
7457,82.855556,0.105156,0.952859,1.461548,1
7458,82.866667,0.106613,0.953224,1.456773,1
7459,82.877778,0.108042,0.953363,1.452025,1
7460,82.888889,0.108289,0.952400,1.446623,1
7461,82.900000,0.109272,0.952425,1.442092,1
7462,82.911111,0.110189,0.952723,1.437314,1
7463,82.922222,0.110999,0.953251,1.432651,1
7464,82.933333,0.111852,0.954007,1.427996,1
7465,82.944444,0.112296,0.954528,1.423141,1
7466,82.955556,0.112920,0.955155,1.418460,1
7467,82.966667,0.113403,0.955425,1.413518,1
7468,82.977778,0.113919,0.955971,1.408631,1
7469,82.988889,0.114206,0.956043,1.403785,1
7470,83.000000,0.114676,0.956805,1.398372,1
7471,83.011111,0.115204,0.957240,1.392836,1
7472,83.022222,0.115620,0.957728,1.387327,1
7473,83.033333,0.115726,0.958156,1.381687,1
7474,83.044444,0.116017,0.958977,1.376035,1
7475,83.055556,0.115956,0.959236,1.370271,1
7476,83.066667,0.115809,0.959742,1.364122,1
7477,83.077778,0.115779,0.960471,1.358234,1
7478,83.088889,0.115704,0.960789,1.351886,1
7479,83.100000,0.115685,0.961623,1.346256,1
7480,83.111111,0.115821,0.963010,1.340369,1
7481,83.122222,0.115737,0.963868,1.334243,1
7482,83.133333,0.115315,0.964110,1.328015,1
7483,83.144444,0.115011,0.964472,1.321853,1
7484,83.155556,0.114193,0.963531,1.315374,1
7485,83.166667,0.113723,0.963460,1.309132,1
7486,83.177778,0.113259,0.963467,1.302725,1
7487,83.188889,0.112382,0.962499,1.296370,1
7488,83.200000,0.111854,0.962517,1.289796,1
7489,83.211111,0.111056,0.962180,1.283164,1
7490,83.222222,0.110207,0.961828,1.276367,1
7491,83.233333,0.109464,0.961587,1.270060,1
7492,83.244444,0.108295,0.960649,1.263543,1
7493,83.255556,0.107251,0.960261,1.256827,1
7494,83.266667,0.106160,0.960056,1.250035,1
7495,83.277778,0.104698,0.959501,1.243068,1
7496,83.288889,0.103251,0.958988,1.235988,1
7497,83.300000,0.101744,0.958376,1.229080,1
7498,83.311111,0.100057,0.957834,1.222250,1
7499,83.322222,0.098254,0.957477,1.215319,1
7500,83.333333,0.096423,0.956636,1.208562,1
7501,83.344444,0.094508,0.955913,1.201692,1
7502,83.355556,0.092684,0.955236,1.195004,1
7503,83.366667,0.090934,0.954739,1.188611,1
7504,83.377778,0.088810,0.953944,1.181905,1
7505,83.388889,0.089528,0.952654,1.176669,1
7506,83.400000,0.087726,0.953621,1.169829,1
7507,83.411111,0.086038,0.953551,1.164053,1
7508,83.422222,0.084199,0.953703,1.158018,1
7509,83.433333,0.082195,0.953366,1.151939,1
7510,83.444444,0.079698,0.952779,1.145994,1
7511,83.455556,0.077490,0.951707,1.140010,1
7512,83.466667,0.075088,0.949926,1.134152,1
7513,83.477778,0.072357,0.947819,1.128165,1
7514,83.488889,0.069419,0.946686,1.121964,1
7515,83.500000,0.066756,0.947662,1.115375,1
7516,83.511111,0.063660,0.949091,1.108847,1
7517,83.522222,0.061099,0.952462,1.101837,1
7518,83.533333,0.058126,0.953951,1.095319,1
7519,83.544444,0.054843,0.954417,1.089218,1
7520,83.555556,0.051872,0.956050,1.082862,1
7521,83.566667,0.048945,0.957974,1.076542,1
7522,83.577778,0.046106,0.960488,1.070087,1
7523,83.588889,0.043265,0.963066,1.063426,1
7524,83.600000,0.040224,0.964647,1.057520,1
7525,83.611111,0.037557,0.967426,1.051080,1
7526,83.622222,0.034660,0.969544,1.044672,1
7527,83.633333,0.031843,0.971667,1.038106,1
7528,83.644444,0.028839,0.973208,1.031558,1
7529,83.655556,0.026161,0.975357,1.024834,1
7530,83.666667,0.023735,0.977838,1.017661,1
7531,83.677778,0.021245,0.979360,1.010798,1
7532,83.688889,0.020498,0.982393,1.003061,1
7533,83.700000,0.018716,0.984052,0.995731,1
7534,83.711111,0.017282,0.986237,0.987850,1
7535,83.722222,0.016318,0.988694,0.979227,1
7536,83.733333,0.013301,0.989193,0.971417,1
7537,83.744444,-0.003585,0.938507,0.982416,1
7538,83.755556,-0.005237,0.932370,0.972356,1
7539,83.766667,-0.005360,0.928444,0.966952,1
7540,83.777778,-0.005425,0.924723,0.960685,1
7541,83.788889,-0.005817,0.921738,0.953929,1
7542,83.800000,-0.006985,0.919820,0.946509,1
7543,83.811111,-0.007511,0.917661,0.939169,1
7544,83.822222,-0.005659,0.915989,0.927131,1
7545,83.833333,-0.005010,0.913914,0.918946,1
7546,83.844444,-0.004963,0.912405,0.911265,1
7547,83.855556,-0.005843,0.911662,0.903775,1
7548,83.866667,-0.007524,0.911561,0.896257,1
7549,83.877778,-0.009935,0.911807,0.888508,1
7550,83.888889,-0.012510,0.912123,0.880888,1
7551,83.900000,-0.015121,0.912431,0.873190,1
7552,83.911111,-0.017845,0.912658,0.865610,1
7553,83.922222,-0.020503,0.912711,0.857988,1
7554,83.933333,-0.022878,0.912781,0.850550,1
7555,83.944444,-0.025096,0.912778,0.843120,1
7556,83.955556,-0.026778,0.912881,0.836218,1
7557,83.966667,-0.028672,0.912779,0.828869,1
7558,83.977778,-0.030552,0.912760,0.821487,1
7559,83.988889,-0.031973,0.911419,0.814614,1
7560,84.000000,-0.033594,0.911090,0.807409,1
7561,84.011111,-0.035235,0.910849,0.800193,1
7562,84.022222,-0.036831,0.910617,0.793001,1
7563,84.033333,-0.038345,0.910373,0.785835,1
7564,84.044444,-0.039814,0.910069,0.778798,1
7565,84.055556,-0.041232,0.909737,0.771697,1
7566,84.066667,-0.042572,0.909379,0.764689,1
7567,84.077778,-0.043805,0.909104,0.757693,1
7568,84.088889,-0.044964,0.908717,0.750717,1
7569,84.100000,-0.046066,0.908300,0.743807,1
7570,84.111111,-0.047050,0.907702,0.736974,1
7571,84.122222,-0.048020,0.907017,0.730204,1
7572,84.133333,-0.048968,0.906131,0.723433,1
7573,84.144444,-0.049840,0.905397,0.716711,1
7574,84.155556,-0.050543,0.904354,0.710113,1
7575,84.166667,-0.051284,0.903256,0.703414,1
7576,84.177778,-0.051997,0.901996,0.696856,1
7577,84.188889,-0.052616,0.900656,0.690338,1
7578,84.200000,-0.053216,0.899240,0.683816,1
7579,84.211111,-0.053456,0.897879,0.677564,1
7580,84.222222,-0.054436,0.896105,0.670486,1
7581,84.233333,-0.055090,0.894525,0.664093,1
7582,84.244444,-0.055726,0.892903,0.657724,1
7583,84.255556,-0.056439,0.892066,0.651811,1
7584,84.266667,-0.056797,0.890395,0.644950,1
7585,84.277778,-0.057235,0.888681,0.638002,1
7586,84.288889,-0.057598,0.887235,0.630792,1
7587,84.300000,-0.057767,0.886244,0.623239,1
7588,84.311111,-0.057803,0.885774,0.615429,1
7589,84.322222,-0.057847,0.885540,0.607779,1
7590,84.333333,-0.057965,0.885612,0.600383,1
7591,84.344444,-0.058216,0.885953,0.592896,1
7592,84.355556,-0.058744,0.886437,0.585280,1
7593,84.366667,-0.059076,0.887013,0.577833,1
7594,84.377778,-0.059358,0.887661,0.570274,1
7595,84.388889,-0.059699,0.888410,0.562575,1
7596,84.400000,-0.059971,0.889153,0.554821,1
7597,84.411111,-0.060271,0.889851,0.547057,1
7598,84.422222,-0.060522,0.890579,0.539313,1
7599,84.433333,-0.060795,0.891268,0.531700,1
7600,84.444444,-0.061108,0.892155,0.524039,1
7601,84.455556,-0.061542,0.893089,0.516195,1
7602,84.466667,-0.062061,0.894109,0.508228,1
7603,84.477778,-0.062763,0.895342,0.500194,1
7604,84.488889,-0.063600,0.896513,0.492104,1
7605,84.500000,-0.064552,0.897605,0.483945,1
7606,84.511111,-0.065512,0.898589,0.475660,1
7607,84.522222,-0.066324,0.900029,0.467294,1
7608,84.533333,-0.067329,0.901008,0.458747,1
7609,84.544444,-0.068298,0.901925,0.450219,1
7610,84.555556,-0.068944,0.902712,0.441980,1
7611,84.566667,-0.070058,0.903198,0.433183,1
7612,84.577778,-0.070479,0.903679,0.424674,1
7613,84.588889,-0.071211,0.904248,0.416080,1
7614,84.600000,-0.071983,0.904708,0.407501,1
7615,84.611111,-0.072680,0.905139,0.398782,1
7616,84.622222,-0.073407,0.905350,0.390118,1
7617,84.633333,-0.074135,0.905793,0.381221,1
7618,84.644444,-0.074820,0.905892,0.372429,1
7619,84.655556,-0.075460,0.905955,0.363747,1
7620,84.666667,-0.076101,0.905896,0.355006,1
7621,84.677778,-0.077742,0.905289,0.347299,1
7622,84.688889,-0.076711,0.902322,0.340295,1
7623,84.700000,-0.081815,0.902715,0.335790,1
7624,84.711111,-0.083563,0.901992,0.327651,1
7625,84.722222,-0.084458,0.901425,0.319433,1
7626,84.733333,-0.085446,0.900868,0.310956,1
7627,84.744444,-0.086508,0.900440,0.302377,1
7628,84.755556,-0.087487,0.900091,0.293780,1
7629,84.766667,-0.088540,0.899716,0.285151,1
7630,84.777778,-0.089591,0.899294,0.276600,1
7631,84.788889,-0.090586,0.898844,0.268213,1
7632,84.800000,-0.091755,0.898445,0.259585,1
7633,84.811111,-0.092918,0.898031,0.251338,1
7634,84.822222,-0.094067,0.897534,0.243202,1
7635,84.833333,-0.095314,0.896863,0.235239,1
7636,84.844444,-0.096589,0.896077,0.227456,1
7637,84.855556,-0.097803,0.895242,0.219861,1
7638,84.866667,-0.099171,0.894135,0.212440,1
7639,84.877778,-0.100522,0.892916,0.205190,1
7640,84.888889,-0.101925,0.891606,0.198074,1
7641,84.900000,-0.103313,0.890304,0.191154,1
7642,84.911111,-0.104707,0.889057,0.184208,1
7643,84.922222,-0.106167,0.887759,0.177440,1
7644,84.933333,-0.107649,0.886364,0.170647,1
7645,84.944444,-0.109276,0.885221,0.163533,1
7646,84.955556,-0.111164,0.884794,0.156085,1
7647,84.966667,-0.113062,0.884710,0.148647,1
7648,84.977778,-0.115021,0.884695,0.141431,1
7649,84.988889,-0.116926,0.884933,0.134382,1
7650,85.000000,-0.118783,0.885528,0.127320,1
7651,85.011111,-0.120579,0.886494,0.120169,1
7652,85.022222,-0.122317,0.887672,0.113054,1
7653,85.033333,-0.124135,0.888849,0.105842,1
7654,85.044444,-0.125832,0.890424,0.098611,1
7655,85.055556,-0.127483,0.891989,0.091361,1
7656,85.066667,-0.129133,0.893534,0.083963,1
7657,85.077778,-0.130728,0.894912,0.076554,1
7658,85.088889,-0.132364,0.896149,0.069013,1
7659,85.100000,-0.133955,0.897227,0.061396,1
7660,85.111111,-0.135444,0.898096,0.053870,1
7661,85.122222,-0.136834,0.898785,0.046254,1
7662,85.133333,-0.138257,0.899294,0.038520,1
7663,85.144444,-0.139356,0.899927,0.030867,1
7664,85.155556,-0.140584,0.900545,0.022909,1
7665,85.166667,-0.141690,0.900979,0.014968,1
7666,85.177778,-0.142735,0.901424,0.006776,1
7667,85.188889,-0.143733,0.901899,-0.001483,1
7668,85.200000,-0.144657,0.902400,-0.009816,1
7669,85.211111,-0.145562,0.902899,-0.018348,1
7670,85.222222,-0.146421,0.903385,-0.026773,1
7671,85.233333,-0.147101,0.903989,-0.035373,1
7672,85.244444,-0.147832,0.904530,-0.043957,1
7673,85.255556,-0.148502,0.905127,-0.052518,1
7674,85.266667,-0.149159,0.905657,-0.061233,1
7675,85.277778,-0.149595,0.906027,-0.069928,1
7676,85.288889,-0.150236,0.906365,-0.078679,1
7677,85.300000,-0.151876,0.904829,-0.086549,1
7678,85.311111,-0.152413,0.905032,-0.095898,1
7679,85.322222,-0.152961,0.905072,-0.104778,1
7680,85.333333,-0.153416,0.905009,-0.113775,1
7681,85.344444,-0.153842,0.904715,-0.122895,1
7682,85.355556,-0.154147,0.904385,-0.131756,1
7683,85.366667,-0.154489,0.903884,-0.140587,1
7684,85.377778,-0.154682,0.903358,-0.149563,1
7685,85.388889,-0.154812,0.902716,-0.158495,1
7686,85.400000,-0.154870,0.902103,-0.167621,1
7687,85.411111,-0.154712,0.901495,-0.176490,1
7688,85.422222,-0.154371,0.900707,-0.185385,1
7689,85.433333,-0.153909,0.899905,-0.194253,1
7690,85.444444,-0.153360,0.899092,-0.203093,1
7691,85.455556,-0.152747,0.898411,-0.211934,1
7692,85.466667,-0.152076,0.897674,-0.220546,1
7693,85.477778,-0.151288,0.896911,-0.229199,1
7694,85.488889,-0.150503,0.896082,-0.237697,1
7695,85.500000,-0.149493,0.895224,-0.246215,1
7696,85.511111,-0.148508,0.894309,-0.254672,1
7697,85.522222,-0.147402,0.893283,-0.262895,1
7698,85.533333,-0.146207,0.892080,-0.271048,1
7699,85.544444,-0.144949,0.890704,-0.278850,1
7700,85.555556,-0.143626,0.889278,-0.286742,1
7701,85.566667,-0.142275,0.887711,-0.294528,1
7702,85.577778,-0.140879,0.886172,-0.302251,1
7703,85.588889,-0.139478,0.884666,-0.309887,1
7704,85.600000,-0.138015,0.883064,-0.317424,1
7705,85.611111,-0.136523,0.881555,-0.325005,1
7706,85.622222,-0.134957,0.880027,-0.332649,1
7707,85.633333,-0.133193,0.878954,-0.340627,1
7708,85.644444,-0.131167,0.878472,-0.348845,1
7709,85.655556,-0.129034,0.878518,-0.357235,1
7710,85.666667,-0.126971,0.878824,-0.365334,1
7711,85.677778,-0.125105,0.879377,-0.373194,1
7712,85.688889,-0.123280,0.880357,-0.381172,1
7713,85.700000,-0.121400,0.881590,-0.389132,1
7714,85.711111,-0.119448,0.883043,-0.397046,1
7715,85.722222,-0.117624,0.884549,-0.404995,1
7716,85.733333,-0.115870,0.886209,-0.412956,1
7717,85.744444,-0.114066,0.887868,-0.420846,1
7718,85.755556,-0.112416,0.889366,-0.428505,1
7719,85.766667,-0.110713,0.890825,-0.436518,1
7720,85.777778,-0.108864,0.892225,-0.444480,1
7721,85.788889,-0.107158,0.893435,-0.452537,1
7722,85.800000,-0.105449,0.894620,-0.460659,1
7723,85.811111,-0.103849,0.895534,-0.468784,1
7724,85.822222,-0.102338,0.896414,-0.476946,1
7725,85.833333,-0.100925,0.897312,-0.485260,1
7726,85.844444,-0.099149,0.898287,-0.493522,1
7727,85.855556,-0.097717,0.899036,-0.501938,1
7728,85.866667,-0.096507,0.899658,-0.510594,1
7729,85.877778,-0.095204,0.900258,-0.519309,1
7730,85.888889,-0.093853,0.900808,-0.527957,1
7731,85.900000,-0.092566,0.901406,-0.536803,1
7732,85.911111,-0.091284,0.901934,-0.545538,1
7733,85.922222,-0.090098,0.902435,-0.554316,1
7734,85.933333,-0.088891,0.902981,-0.563121,1
7735,85.944444,-0.087681,0.903474,-0.572017,1
7736,85.955556,-0.086639,0.903900,-0.580882,1
7737,85.966667,-0.085590,0.904249,-0.589641,1
7738,85.977778,-0.084507,0.904630,-0.598433,1
7739,85.988889,-0.083490,0.904891,-0.607201,1
7740,86.000000,-0.082379,0.905109,-0.615955,1
7741,86.011111,-0.081440,0.905254,-0.624701,1
7742,86.022222,-0.080526,0.905270,-0.633432,1
7743,86.033333,-0.079681,0.905188,-0.642096,1
7744,86.044444,-0.078859,0.905115,-0.650802,1
7745,86.055556,-0.078091,0.904973,-0.659519,1
7746,86.066667,-0.077428,0.904785,-0.668034,1
7747,86.077778,-0.076821,0.904639,-0.676756,1
7748,86.088889,-0.076306,0.904490,-0.685300,1
7749,86.100000,-0.075930,0.904107,-0.693930,1
7750,86.111111,-0.075610,0.903784,-0.702476,1
7751,86.122222,-0.075375,0.903374,-0.710954,1
7752,86.133333,-0.075242,0.902934,-0.719300,1
7753,86.144444,-0.075254,0.902534,-0.727608,1
7754,86.155556,-0.075344,0.902047,-0.735811,1
7755,86.166667,-0.075531,0.901539,-0.743892,1
7756,86.177778,-0.075796,0.900982,-0.751846,1
7757,86.188889,-0.076143,0.900369,-0.759681,1
7758,86.200000,-0.076448,0.899664,-0.767353,1
7759,86.211111,-0.076884,0.898951,-0.774974,1
7760,86.222222,-0.077358,0.898070,-0.782481,1
7761,86.233333,-0.077933,0.896978,-0.789840,1
7762,86.244444,-0.078526,0.895819,-0.797050,1
7763,86.255556,-0.079131,0.894511,-0.804099,1
7764,86.266667,-0.079849,0.893032,-0.810995,1
7765,86.277778,-0.080511,0.891517,-0.817784,1
7766,86.288889,-0.081226,0.889894,-0.824442,1
7767,86.300000,-0.081977,0.888271,-0.831071,1
7768,86.311111,-0.082800,0.886591,-0.837746,1
7769,86.322222,-0.083877,0.885313,-0.844832,1
7770,86.333333,-0.085225,0.884729,-0.852320,1
7771,86.344444,-0.086662,0.884459,-0.859670,1
7772,86.355556,-0.088072,0.884135,-0.866898,1
7773,86.366667,-0.089377,0.884103,-0.873941,1
7774,86.377778,-0.090792,0.884416,-0.881095,1
7775,86.388889,-0.091995,0.885196,-0.888356,1
7776,86.400000,-0.093313,0.886074,-0.895554,1
7777,86.411111,-0.094683,0.887121,-0.902788,1
7778,86.422222,-0.095980,0.888398,-0.910182,1
7779,86.433333,-0.097137,0.889657,-0.917552,1
7780,86.444444,-0.098407,0.890730,-0.924947,1
7781,86.455556,-0.099539,0.891708,-0.932450,1
7782,86.466667,-0.100582,0.892549,-0.940002,1
7783,86.477778,-0.101581,0.893309,-0.947664,1
7784,86.488889,-0.102567,0.893882,-0.955365,1
7785,86.500000,-0.103511,0.894365,-0.963178,1
7786,86.511111,-0.104449,0.894796,-0.971112,1
7787,86.522222,-0.105166,0.895145,-0.979073,1
7788,86.533333,-0.105924,0.895388,-0.987098,1
7789,86.544444,-0.106494,0.895823,-0.995284,1
7790,86.555556,-0.107153,0.896250,-1.003571,1
7791,86.566667,-0.107644,0.896678,-1.011924,1
7792,86.577778,-0.108102,0.897156,-1.020457,1
7793,86.588889,-0.108526,0.897670,-1.028975,1
7794,86.600000,-0.108880,0.898305,-1.037624,1
7795,86.611111,-0.109358,0.898990,-1.046157,1
7796,86.622222,-0.109782,0.899695,-1.054637,1
7797,86.633333,-0.110265,0.900303,-1.063264,1
7798,86.644444,-0.110812,0.900778,-1.072235,1
7799,86.655556,-0.111297,0.901384,-1.080709,1
7800,86.666667,-0.111740,0.901890,-1.089357,1
7801,86.677778,-0.112204,0.902327,-1.097995,1
7802,86.688889,-0.112672,0.902561,-1.106586,1
7803,86.700000,-0.113113,0.902746,-1.114969,1
7804,86.711111,-0.113485,0.902831,-1.123446,1
7805,86.722222,-0.113852,0.902699,-1.131825,1
7806,86.733333,-0.114256,0.902451,-1.140356,1
7807,86.744444,-0.114453,0.902285,-1.148796,1
7808,86.755556,-0.114593,0.902226,-1.157115,1
7809,86.766667,-0.114901,0.901748,-1.165631,1
7810,86.777778,-0.114869,0.901358,-1.173861,1
7811,86.788889,-0.114798,0.900889,-1.181989,1
7812,86.800000,-0.114739,0.900252,-1.189874,1
7813,86.811111,-0.114485,0.899728,-1.198013,1
7814,86.822222,-0.114298,0.899042,-1.205811,1
7815,86.833333,-0.114013,0.898337,-1.213481,1
7816,86.844444,-0.113686,0.897626,-1.220914,1
7817,86.855556,-0.113256,0.896730,-1.228255,1
7818,86.866667,-0.112803,0.895796,-1.235421,1
7819,86.877778,-0.112237,0.894811,-1.242478,1
7820,86.888889,-0.111706,0.893713,-1.249387,1
7821,86.900000,-0.111242,0.892474,-1.256103,1
7822,86.911111,-0.110585,0.891180,-1.262532,1
7823,86.922222,-0.109963,0.889818,-1.269039,1
7824,86.933333,-0.109306,0.888342,-1.275424,1
7825,86.944444,-0.108596,0.886893,-1.281835,1
7826,86.955556,-0.107801,0.885481,-1.288248,1
7827,86.966667,-0.106901,0.884047,-1.294663,1
7828,86.977778,-0.105835,0.882933,-1.301497,1
7829,86.988889,-0.104650,0.882225,-1.308497,1
7830,87.000000,-0.103490,0.881597,-1.315438,1
7831,87.011111,-0.102357,0.880996,-1.321915,1
7832,87.022222,-0.101420,0.880642,-1.328190,1
7833,87.033333,-0.100549,0.880999,-1.334410,1
7834,87.044444,-0.099844,0.881686,-1.340493,1
7835,87.055556,-0.098977,0.882663,-1.346657,1
7836,87.066667,-0.097704,0.884413,-1.353151,1
7837,87.077778,-0.096752,0.885966,-1.358990,1
7838,87.088889,-0.096240,0.887805,-1.364339,1
7839,87.100000,-0.095301,0.888568,-1.372307,1
7840,87.111111,-0.094589,0.889937,-1.378668,1
7841,87.122222,-0.093880,0.891500,-1.384616,1
7842,87.133333,-0.093127,0.892762,-1.390636,1
7843,87.144444,-0.092407,0.893858,-1.396753,1
7844,87.155556,-0.091701,0.894771,-1.403426,1
7845,87.166667,-0.091111,0.895436,-1.409930,1
7846,87.177778,-0.091076,0.895919,-1.416143,1
7847,87.188889,-0.090674,0.896436,-1.422641,1
7848,87.200000,-0.090440,0.897034,-1.429201,1
7849,87.211111,-0.090282,0.897424,-1.435897,1
7850,87.222222,-0.090333,0.897650,-1.442763,1
7851,87.233333,-0.090422,0.898043,-1.449630,1
7852,87.244444,-0.090335,0.898579,-1.456359,1
7853,87.255556,-0.090325,0.899108,-1.463109,1
7854,87.266667,-0.090240,0.899591,-1.469789,1
7855,87.277778,-0.090122,0.900155,-1.476600,1
7856,87.288889,-0.090014,0.900750,-1.483287,1
7857,87.300000,-0.089975,0.901350,-1.489990,1
7858,87.311111,-0.089772,0.901808,-1.496732,1
7859,87.322222,-0.089389,0.901826,-1.505317,1
7860,87.333333,-0.089181,0.902174,-1.511934,1
7861,87.344444,-0.088840,0.902638,-1.518498,1
7862,87.355556,-0.088741,0.902795,-1.524939,1
7863,87.366667,-0.088676,0.902682,-1.531382,1
7864,87.377778,-0.089157,0.902345,-1.537993,1
7865,87.388889,-0.088416,0.901261,-1.543560,1
7866,87.400000,-0.088650,0.903445,-1.550220,1
7867,87.411111,-0.088568,0.903441,-1.556221,1
7868,87.422222,-0.089189,0.902774,-1.562111,1
7869,87.433333,-0.089610,0.902529,-1.567992,1
7870,87.444444,-0.090073,0.902378,-1.573816,1
7871,87.455556,-0.090593,0.902175,-1.579524,1
7872,87.466667,-0.091141,0.901884,-1.585057,1
7873,87.477778,-0.091752,0.901556,-1.590576,1
7874,87.488889,-0.092341,0.901191,-1.595933,1
7875,87.500000,-0.093067,0.900653,-1.601133,1
7876,87.511111,-0.093705,0.900193,-1.606233,1
7877,87.522222,-0.094512,0.899630,-1.611175,1
7878,87.533333,-0.095282,0.898999,-1.615956,1
7879,87.544444,-0.096093,0.898280,-1.620591,1
7880,87.555556,-0.096990,0.897440,-1.625148,1
7881,87.566667,-0.098011,0.896530,-1.629672,1
7882,87.577778,-0.099075,0.895535,-1.633865,1
7883,87.588889,-0.100186,0.894507,-1.638147,1
7884,87.600000,-0.101358,0.893505,-1.642450,1
7885,87.611111,-0.102894,0.892707,-1.647080,1
7886,87.622222,-0.104663,0.892288,-1.651826,1
7887,87.633333,-0.106659,0.892063,-1.656448,1
7888,87.644444,-0.108709,0.891668,-1.661019,1
7889,87.655556,-0.110474,0.891394,-1.665566,1
7890,87.666667,-0.112253,0.891286,-1.670207,1
7891,87.677778,-0.114049,0.891242,-1.675050,1
7892,87.688889,-0.115654,0.891225,-1.679265,1
7893,87.700000,-0.117388,0.891312,-1.683725,1
7894,87.711111,-0.119104,0.891390,-1.688021,1
7895,87.722222,-0.120915,0.891695,-1.692203,1
7896,87.733333,-0.122666,0.892196,-1.696220,1
7897,87.744444,-0.124161,0.892966,-1.700121,1
7898,87.755556,-0.124664,0.893763,-1.704621,1
7899,87.766667,-0.126080,0.894418,-1.708623,1
7900,87.777778,-0.127707,0.895291,-1.712894,1
7901,87.788889,-0.129260,0.896262,-1.716969,1
7902,87.800000,-0.130529,0.897085,-1.721855,1
7903,87.811111,-0.131998,0.898029,-1.727180,1
7904,87.822222,-0.133198,0.898880,-1.732195,1
7905,87.833333,-0.134389,0.899648,-1.736902,1
7906,87.844444,-0.135461,0.900388,-1.741350,1
7907,87.855556,-0.136609,0.900912,-1.745706,1
7908,87.866667,-0.137525,0.901426,-1.749905,1
7909,87.877778,-0.138573,0.901804,-1.754216,1
7910,87.888889,-0.139535,0.902085,-1.758492,1
7911,87.900000,-0.140680,0.902204,-1.762716,1
7912,87.911111,-0.141527,0.902551,-1.766894,1
7913,87.922222,-0.142090,0.903201,-1.771540,1
7914,87.933333,-0.142025,0.903857,-1.776507,1
7915,87.944444,-0.141794,0.904522,-1.781363,1
7916,87.955556,-0.141663,0.905079,-1.785838,1
7917,87.966667,-0.141791,0.905732,-1.790095,1
7918,87.977778,-0.142097,0.906328,-1.794168,1
7919,87.988889,-0.142466,0.906916,-1.797979,1
7920,88.000000,-0.142766,0.907440,-1.801851,1
7921,88.011111,-0.143009,0.907916,-1.805606,1
7922,88.022222,-0.143233,0.908442,-1.809265,1
7923,88.033333,-0.143500,0.908474,-1.812739,1
7924,88.044444,-0.143353,0.908731,-1.815927,1
7925,88.055556,-0.143521,0.908776,-1.819248,1
7926,88.066667,-0.143672,0.908677,-1.822436,1
7927,88.077778,-0.143817,0.908385,-1.825465,1
7928,88.088889,-0.143893,0.908011,-1.828311,1
7929,88.100000,-0.143911,0.907595,-1.830915,1
7930,88.111111,-0.143841,0.907084,-1.833311,1
7931,88.122222,-0.143685,0.906476,-1.835524,1
7932,88.133333,-0.143481,0.905787,-1.837465,1
7933,88.144444,-0.143333,0.905076,-1.839254,1
7934,88.155556,-0.143058,0.904269,-1.840793,1
7935,88.166667,-0.142749,0.903512,-1.842069,1
7936,88.177778,-0.142370,0.902738,-1.843126,1
7937,88.188889,-0.141945,0.902104,-1.844145,1
7938,88.200000,-0.141361,0.901626,-1.845170,1
7939,88.211111,-0.140640,0.901451,-1.846108,1
7940,88.222222,-0.139924,0.901478,-1.847055,1
7941,88.233333,-0.139183,0.901817,-1.848019,1
7942,88.244444,-0.138364,0.902335,-1.848774,1
7943,88.255556,-0.137617,0.902652,-1.849595,1
7944,88.266667,-0.136672,0.903045,-1.850218,1
7945,88.277778,-0.135718,0.903443,-1.850858,1
7946,88.288889,-0.134733,0.903708,-1.851681,1
7947,88.300000,-0.133877,0.903841,-1.852532,1
7948,88.311111,-0.133098,0.903757,-1.853406,1
7949,88.322222,-0.132584,0.903388,-1.854429,1
7950,88.333333,-0.131620,0.903131,-1.855226,1
7951,88.344444,-0.130650,0.902865,-1.855971,1
7952,88.355556,-0.129686,0.902611,-1.856674,1
7953,88.366667,-0.128685,0.902414,-1.857329,1
7954,88.377778,-0.127773,0.902180,-1.857895,1
7955,88.388889,-0.126832,0.901986,-1.858473,1
7956,88.400000,-0.125855,0.901807,-1.859059,1
7957,88.411111,-0.124814,0.901813,-1.859555,1
7958,88.422222,-0.123876,0.901757,-1.860059,1
7959,88.433333,-0.123038,0.901783,-1.860591,1
7960,88.444444,-0.122233,0.901818,-1.861006,1
7961,88.455556,-0.121447,0.901822,-1.861461,1
7962,88.466667,-0.120929,0.901680,-1.861858,1
7963,88.477778,-0.120811,0.900754,-1.862521,1
7964,88.488889,-0.120240,0.900740,-1.862991,1
7965,88.500000,-0.119555,0.900698,-1.863263,1
7966,88.511111,-0.118852,0.900646,-1.863558,1
7967,88.522222,-0.118206,0.900583,-1.863833,1
7968,88.533333,-0.117595,0.900503,-1.864036,1
7969,88.544444,-0.117051,0.900424,-1.864263,1
7970,88.555556,-0.116454,0.900334,-1.864415,1
7971,88.566667,-0.115917,0.900229,-1.864527,1
7972,88.577778,-0.115391,0.900176,-1.864658,1
7973,88.588889,-0.114834,0.900078,-1.864724,1
7974,88.600000,-0.115027,0.899913,-1.863421,1
7975,88.611111,-0.114693,0.899873,-1.863287,1
7976,88.622222,-0.114343,0.899860,-1.863178,1
7977,88.633333,-0.113893,0.899814,-1.863113,1
7978,88.644444,-0.113423,0.899656,-1.862977,1
7979,88.655556,-0.112126,0.898256,-1.861603,1
7980,88.666667,-0.111176,0.897042,-1.860615,1
7981,88.677778,-0.110253,0.896198,-1.859415,1
7982,88.688889,-0.109643,0.895744,-1.858460,1
7983,88.700000,-0.109120,0.895558,-1.858074,1
7984,88.711111,-0.108694,0.895444,-1.857897,1
7985,88.722222,-0.108223,0.895364,-1.857992,1
7986,88.733333,-0.107837,0.895232,-1.858198,1
7987,88.744444,-0.107427,0.895238,-1.858259,1
7988,88.755556,-0.106976,0.895199,-1.858521,1
7989,88.766667,-0.106545,0.895172,-1.858734,1
7990,88.777778,-0.106197,0.895124,-1.858946,1
7991,88.788889,-0.105733,0.895112,-1.859198,1
7992,88.800000,-0.105305,0.895081,-1.859430,1
7993,88.811111,-0.104936,0.895067,-1.859656,1
7994,88.822222,-0.104509,0.895029,-1.859923,1
7995,88.833333,-0.104107,0.894973,-1.860149,1
7996,88.844444,-0.105005,0.895744,-1.861004,1
7997,88.855556,-0.106977,0.895499,-1.862397,1
7998,88.866667,-0.107138,0.895534,-1.862658,1
7999,88.877778,-0.107168,0.895468,-1.863022,1
8000,88.888889,-0.107216,0.895346,-1.863379,1
8001,88.900000,-0.107245,0.897041,-1.863896,1
8002,88.911111,-0.107430,0.897531,-1.864592,1
8003,88.922222,-0.107273,0.898396,-1.866004,1
8004,88.933333,-0.106888,0.899289,-1.867416,1
8005,88.944444,-0.106529,0.900074,-1.868583,1
8006,88.955556,-0.106323,0.900757,-1.869270,1
8007,88.966667,-0.106096,0.901135,-1.869855,1
8008,88.977778,-0.105836,0.901364,-1.870356,1
8009,88.988889,-0.105601,0.901561,-1.870774,1
8010,89.000000,-0.105401,0.901728,-1.871108,1
8011,89.011111,-0.105144,0.902023,-1.871569,1
8012,89.022222,-0.104952,0.902042,-1.871811,1
8013,89.033333,-0.104713,0.902041,-1.872017,1
8014,89.044444,-0.104514,0.902087,-1.872223,1
8015,89.055556,-0.104340,0.902126,-1.872419,1
8016,89.066667,-0.104127,0.902128,-1.872613,1
8017,89.077778,-0.103966,0.902150,-1.872834,1
8018,89.088889,-0.103810,0.902126,-1.873001,1
8019,89.100000,-0.103671,0.902138,-1.873162,1
8020,89.111111,-0.103532,0.902163,-1.873349,1
8021,89.122222,-0.103390,0.902177,-1.873492,1
8022,89.133333,-0.103267,0.902180,-1.873622,1
8023,89.144444,-0.103134,0.902166,-1.873752,1
8024,89.155556,-0.102983,0.902146,-1.873888,1
8025,89.166667,-0.102908,0.902130,-1.873965,1
8026,89.177778,-0.102739,0.902231,-1.873830,1
8027,89.188889,-0.102666,0.902226,-1.873915,1
8028,89.200000,-0.102623,0.902206,-1.874008,1
8029,89.211111,-0.102559,0.902159,-1.874077,1
8030,89.222222,-0.102469,0.902130,-1.874130,1
8031,89.233333,-0.102397,0.902069,-1.874198,1
8032,89.244444,-0.102336,0.902070,-1.874197,1
8033,89.255556,-0.102271,0.902043,-1.874225,1
8034,89.266667,-0.102242,0.902018,-1.874242,1
8035,89.277778,-0.102150,0.902027,-1.874215,1
8036,89.288889,-0.102142,0.901947,-1.874233,1
8037,89.300000,-0.102104,0.901908,-1.874225,1
8038,89.311111,-0.102108,0.901857,-1.874235,1
8039,89.322222,-0.102089,0.901820,-1.874181,1
8040,89.333333,-0.102070,0.901795,-1.874150,1
8041,89.344444,-0.102009,0.901828,-1.874076,1
8042,89.355556,-0.102049,0.901725,-1.874039,1
8043,89.366667,-0.102036,0.901672,-1.874034,1
8044,89.377778,-0.102017,0.901635,-1.873998,1
8045,89.388889,-0.102024,0.901499,-1.873919,1
8046,89.400000,-0.101914,0.901286,-1.873922,1
8047,89.411111,-0.101844,0.901318,-1.873851,1
8048,89.422222,-0.101813,0.901287,-1.873761,1
8049,89.433333,-0.101811,0.901237,-1.873728,1
8050,89.444444,-0.101851,0.901217,-1.873652,1
8051,89.455556,-0.101851,0.901230,-1.873594,1
8052,89.466667,-0.101900,0.901198,-1.873538,1
8053,89.477778,-0.101908,0.901182,-1.873517,1
8054,89.488889,-0.101954,0.901145,-1.873468,1
8055,89.500000,-0.101976,0.901143,-1.873472,1
8056,89.511111,-0.102016,0.901131,-1.873433,1
8057,89.522222,-0.102016,0.901125,-1.873426,1
8058,89.533333,-0.102033,0.901108,-1.873405,1
8059,89.544444,-0.102058,0.901085,-1.873417,1
8060,89.555556,-0.102083,0.901072,-1.873413,1
8061,89.566667,-0.102110,0.901061,-1.873439,1
8062,89.577778,-0.102116,0.901064,-1.873440,1
8063,89.588889,-0.102157,0.901056,-1.873433,1
8064,89.600000,-0.102180,0.901069,-1.873457,1
8065,89.611111,-0.102212,0.901064,-1.873478,1
8066,89.622222,-0.102231,0.901062,-1.873505,1
8067,89.633333,-0.102255,0.901040,-1.873550,1
8068,89.644444,-0.102259,0.901057,-1.873575,1
8069,89.655556,-0.102285,0.901042,-1.873644,1
8070,89.666667,-0.102306,0.901051,-1.873689,1
8071,89.677778,-0.102324,0.901044,-1.873742,1
8072,89.688889,-0.102369,0.901047,-1.873809,1
8073,89.700000,-0.102394,0.901020,-1.873908,1
8074,89.711111,-0.102403,0.901024,-1.873934,1
8075,89.722222,-0.102420,0.901009,-1.874025,1
8076,89.733333,-0.102435,0.901040,-1.874091,1
8077,89.744444,-0.102466,0.901036,-1.874179,1
8078,89.755556,-0.102483,0.901025,-1.874275,1
8079,89.766667,-0.102484,0.901015,-1.874359,1
8080,89.777778,-0.102506,0.900998,-1.874444,1
8081,89.788889,-0.102551,0.901000,-1.874519,1
8082,89.800000,-0.102542,0.901006,-1.874617,1
8083,89.811111,-0.102546,0.900981,-1.874697,1
8084,89.822222,-0.102551,0.900967,-1.874804,1
8085,89.833333,-0.102535,0.900985,-1.874914,1
8086,89.844444,-0.102519,0.900929,-1.875032,1
8087,89.855556,-0.102497,0.900926,-1.875137,1
8088,89.866667,-0.102466,0.900903,-1.875220,1
8089,89.877778,-0.102447,0.900893,-1.875291,1
8090,89.888889,-0.102425,0.900893,-1.875384,1
8091,89.900000,-0.102389,0.900883,-1.875486,1
8092,89.911111,-0.102337,0.900888,-1.875575,1
8093,89.922222,-0.102279,0.900861,-1.875679,1
8094,89.933333,-0.102205,0.900910,-1.875763,1
8095,89.944444,-0.102129,0.900935,-1.875881,1
8096,89.955556,-0.102040,0.900929,-1.875966,1
8097,89.966667,-0.101899,0.901014,-1.876019,1
8098,89.977778,-0.101813,0.900958,-1.876148,1
8099,89.988889,-0.101693,0.900968,-1.876267,1
8100,90.000000,-0.101512,0.901014,-1.876378,1
8101,90.011111,-0.101337,0.901011,-1.876487,1
8102,90.022222,-0.101194,0.901016,-1.876606,1
8103,90.033333,-0.101111,0.900937,-1.876656,1
8104,90.044444,-0.101032,0.900920,-1.876686,1
8105,90.055556,-0.100803,0.900924,-1.876825,1
8106,90.066667,-0.100562,0.900878,-1.876999,1
8107,90.077778,-0.100212,0.900942,-1.877094,1
8108,90.088889,-0.099907,0.900947,-1.877211,1
8109,90.100000,-0.099603,0.900923,-1.877342,1
8110,90.111111,-0.099252,0.900904,-1.877480,1
8111,90.122222,-0.098905,0.900882,-1.877660,1
8112,90.133333,-0.098474,0.900901,-1.877795,1
8113,90.144444,-0.098043,0.900921,-1.877940,1
8114,90.155556,-0.097603,0.900914,-1.878058,1
8115,90.166667,-0.097108,0.900914,-1.878183,1
8116,90.177778,-0.096563,0.900928,-1.878299,1
8117,90.188889,-0.096051,0.900878,-1.878395,1
8118,90.200000,-0.095471,0.900930,-1.878497,1
8119,90.211111,-0.094880,0.900943,-1.878596,1
8120,90.222222,-0.094223,0.901019,-1.878678,1
8121,90.233333,-0.093524,0.901054,-1.878753,1
8122,90.244444,-0.092916,0.901100,-1.878869,1
8123,90.255556,-0.092254,0.901078,-1.878891,1
8124,90.266667,-0.091489,0.901151,-1.879048,1
8125,90.277778,-0.091366,0.901179,-1.878017,1
8126,90.288889,-0.090753,0.901307,-1.877978,1
8127,90.300000,-0.090082,0.901476,-1.877981,1
8128,90.311111,-0.089391,0.901759,-1.878137,1
8129,90.322222,-0.088703,0.901997,-1.878252,1
8130,90.333333,-0.087782,0.902319,-1.878475,1
8131,90.344444,-0.087115,0.902486,-1.878671,1
8132,90.355556,-0.086453,0.902664,-1.878934,1
8133,90.366667,-0.085799,0.902733,-1.879077,1
8134,90.377778,-0.085268,0.902876,-1.879449,1
8135,90.388889,-0.084863,0.902977,-1.879905,1
8136,90.400000,-0.084465,0.903060,-1.880371,1
8137,90.411111,-0.084210,0.903212,-1.880843,1
8138,90.422222,-0.084073,0.903405,-1.881395,1
8139,90.433333,-0.084024,0.903702,-1.882064,1
8140,90.444444,-0.084071,0.903939,-1.882646,1
8141,90.455556,-0.084282,0.904203,-1.883290,1
8142,90.466667,-0.084560,0.904654,-1.884039,1
8143,90.477778,-0.084831,0.905204,-1.884851,1
8144,90.488889,-0.085208,0.905340,-1.885596,1
8145,90.500000,-0.085865,0.905595,-1.886282,1
8146,90.511111,-0.086669,0.905899,-1.887025,1
8147,90.522222,-0.087478,0.906207,-1.887825,1
8148,90.533333,-0.088367,0.906354,-1.888894,1
8149,90.544444,-0.089216,0.906462,-1.889671,1
8150,90.555556,-0.090133,0.906580,-1.890652,1
8151,90.566667,-0.091046,0.906490,-1.891582,1
8152,90.577778,-0.091433,0.906847,-1.893924,1
8153,90.588889,-0.092294,0.906679,-1.895050,1
8154,90.600000,-0.093289,0.906582,-1.895414,1
8155,90.611111,-0.095123,0.906370,-1.896340,1
8156,90.622222,-0.096225,0.906633,-1.897025,1
8157,90.633333,-0.096986,0.906676,-1.897479,1
8158,90.644444,-0.098007,0.906328,-1.898055,1
8159,90.655556,-0.099656,0.905935,-1.898820,1
8160,90.666667,-0.101645,0.905592,-1.900072,1
8161,90.677778,-0.103698,0.905232,-1.901199,1
8162,90.688889,-0.105652,0.904882,-1.902391,1
8163,90.700000,-0.107617,0.904258,-1.903387,1
8164,90.711111,-0.109416,0.901629,-1.903898,1
8165,90.722222,-0.111438,0.900476,-1.903914,1
8166,90.733333,-0.113953,0.900126,-1.904065,1
8167,90.744444,-0.116221,0.899477,-1.904389,1
8168,90.755556,-0.118461,0.899061,-1.905134,1
8169,90.766667,-0.120540,0.898831,-1.906025,1
8170,90.777778,-0.122565,0.898832,-1.907023,1
8171,90.788889,-0.125963,0.898491,-1.909032,1
8172,90.800000,-0.129234,0.898058,-1.910492,1
8173,90.811111,-0.131282,0.897894,-1.910861,1
8174,90.822222,-0.132788,0.897800,-1.911542,1
8175,90.833333,-0.133513,0.897926,-1.912312,1
8176,90.844444,-0.134236,0.898145,-1.912807,1
8177,90.855556,-0.134582,0.898371,-1.913145,1
8178,90.866667,-0.133850,0.899046,-1.913442,1
8179,90.877778,-0.133833,0.899416,-1.915627,1
8180,90.888889,-0.134609,0.899599,-1.915950,1
8181,90.900000,-0.135554,0.899703,-1.916254,1
8182,90.911111,-0.136966,0.900513,-1.916437,1
8183,90.922222,-0.138338,0.901211,-1.916636,1
8184,90.933333,-0.139569,0.901602,-1.916959,1
8185,90.944444,-0.140912,0.903133,-1.918292,1
8186,90.955556,-0.141245,0.903661,-1.917866,1
8187,90.966667,-0.141709,0.903836,-1.917462,1
8188,90.977778,-0.141784,0.903398,-1.916468,1
8189,90.988889,-0.142015,0.903459,-1.915651,1
8190,91.000000,-0.142600,0.903848,-1.914711,1
8191,91.011111,-0.143289,0.903210,-1.913224,1
8192,91.022222,-0.143664,0.903897,-1.912107,1
8193,91.033333,-0.144024,0.903701,-1.910534,1
8194,91.044444,-0.143839,0.902849,-1.908741,1
8195,91.055556,-0.144157,0.902735,-1.907108,1
8196,91.066667,-0.144652,0.903102,-1.905486,1
8197,91.077778,-0.145401,0.903671,-1.902865,1
8198,91.088889,-0.145953,0.903234,-1.899682,1
8199,91.100000,-0.145895,0.904434,-1.897610,1
8200,91.111111,-0.146314,0.904916,-1.895660,1
8201,91.122222,-0.146386,0.905588,-1.893897,1
8202,91.133333,-0.146154,0.906175,-1.892156,1
8203,91.144444,-0.145906,0.906213,-1.890408,1
8204,91.155556,-0.145798,0.906099,-1.888592,1
8205,91.166667,-0.145801,0.905992,-1.886734,1
8206,91.177778,-0.145824,0.905732,-1.884822,1
8207,91.188889,-0.145951,0.905330,-1.882970,1
8208,91.200000,-0.146064,0.904931,-1.881185,1
8209,91.211111,-0.145527,0.904502,-1.879264,1
8210,91.222222,-0.145193,0.903706,-1.877274,1
8211,91.233333,-0.144777,0.902885,-1.875408,1
8212,91.244444,-0.145069,0.902042,-1.872631,1
8213,91.255556,-0.144394,0.901072,-1.870699,1
8214,91.266667,-0.143266,0.900488,-1.869203,1
8215,91.277778,-0.142235,0.899766,-1.867463,1
8216,91.288889,-0.141329,0.899167,-1.865613,1
8217,91.300000,-0.137736,0.898861,-1.863195,1
8218,91.311111,-0.135904,0.898649,-1.861467,1
8219,91.322222,-0.133193,0.899086,-1.859049,1
8220,91.333333,-0.131114,0.899342,-1.856939,1
8221,91.344444,-0.129978,0.898632,-1.856870,1
8222,91.355556,-0.127594,0.898772,-1.854950,1
8223,91.366667,-0.125579,0.898803,-1.853158,1
8224,91.377778,-0.123415,0.898995,-1.851368,1
8225,91.388889,-0.121645,0.899126,-1.849599,1
8226,91.400000,-0.119338,0.899373,-1.847851,1
8227,91.411111,-0.116949,0.899829,-1.845980,1
8228,91.422222,-0.114449,0.900373,-1.843950,1
8229,91.433333,-0.111919,0.900878,-1.841982,1
8230,91.444444,-0.109175,0.901388,-1.840443,1
8231,91.455556,-0.106111,0.901976,-1.838456,1
8232,91.466667,-0.109759,0.902881,-1.833732,1
8233,91.477778,-0.107275,0.902509,-1.831718,1
8234,91.488889,-0.104841,0.902831,-1.829772,1
8235,91.500000,-0.102299,0.903207,-1.827930,1
8236,91.511111,-0.099591,0.903623,-1.825738,1
8237,91.522222,-0.096556,0.903695,-1.824055,1
8238,91.533333,-0.093686,0.903978,-1.822035,1
8239,91.544444,-0.090842,0.904330,-1.820241,1
8240,91.555556,-0.087740,0.904885,-1.818352,1
8241,91.566667,-0.084781,0.905264,-1.816606,1
8242,91.577778,-0.081991,0.904367,-1.815107,1
8243,91.588889,-0.079396,0.904181,-1.813672,1
8244,91.600000,-0.076703,0.904262,-1.812144,1
8245,91.611111,-0.073587,0.904618,-1.810363,1
8246,91.622222,-0.070227,0.905212,-1.808448,1
8247,91.633333,-0.066799,0.905993,-1.806162,1
8248,91.644444,-0.062976,0.906668,-1.804063,1
8249,91.655556,-0.059453,0.907164,-1.802094,1
8250,91.666667,-0.056181,0.907518,-1.799885,1
8251,91.677778,-0.052922,0.907757,-1.797668,1
8252,91.688889,-0.049542,0.907942,-1.795278,1
8253,91.700000,-0.046098,0.908282,-1.792849,1
8254,91.711111,-0.042362,0.907713,-1.791821,1
8255,91.722222,-0.039140,0.907660,-1.789414,1
8256,91.733333,-0.035763,0.907695,-1.787097,1
8257,91.744444,-0.032270,0.907728,-1.784992,1
8258,91.755556,-0.028998,0.907684,-1.782962,1
8259,91.766667,-0.025700,0.907694,-1.780801,1
8260,91.777778,-0.022422,0.907687,-1.778778,1
8261,91.788889,-0.019282,0.907713,-1.776742,1
8262,91.800000,-0.016291,0.907455,-1.774972,1
8263,91.811111,-0.013267,0.907230,-1.773249,1
8264,91.822222,-0.010122,0.906331,-1.771947,1
8265,91.833333,-0.007304,0.905861,-1.770515,1
8266,91.844444,-0.004503,0.905346,-1.769193,1
8267,91.855556,-0.001720,0.904737,-1.768031,1
8268,91.866667,0.000984,0.904016,-1.767184,1
8269,91.877778,0.003760,0.903241,-1.766353,1
8270,91.888889,0.006380,0.902492,-1.765733,1
8271,91.900000,0.009157,0.901644,-1.765187,1
8272,91.911111,0.012108,0.900827,-1.764680,1
8273,91.922222,0.015479,0.900114,-1.764275,1
8274,91.933333,0.019234,0.899994,-1.764157,1
8275,91.944444,0.022818,0.899876,-1.763894,1
8276,91.955556,0.026186,0.900034,-1.763486,1
8277,91.966667,0.029689,0.900442,-1.763098,1
8278,91.977778,0.033204,0.900899,-1.762754,1
8279,91.988889,0.036733,0.901348,-1.762380,1
8280,92.000000,0.040345,0.901744,-1.762080,1
8281,92.011111,0.043907,0.902192,-1.761711,1
8282,92.022222,0.047094,0.902171,-1.761710,1
8283,92.033333,0.050636,0.902452,-1.760962,1
8284,92.044444,0.054142,0.902771,-1.760426,1
8285,92.055556,0.057621,0.902984,-1.759905,1
8286,92.066667,0.061004,0.903196,-1.759504,1
8287,92.077778,0.064548,0.903410,-1.758577,1
8288,92.088889,0.067857,0.903537,-1.757989,1
8289,92.100000,0.070916,0.903709,-1.757424,1
8290,92.111111,0.075361,0.904408,-1.756368,1
8291,92.122222,0.079728,0.905846,-1.754138,1
8292,92.133333,0.083043,0.906130,-1.752162,1
8293,92.144444,0.085181,0.906146,-1.749949,1
8294,92.155556,0.087182,0.905942,-1.747895,1
8295,92.166667,0.088843,0.906220,-1.746193,1
8296,92.177778,0.090820,0.906489,-1.744979,1
8297,92.188889,0.092886,0.906877,-1.743916,1
8298,92.200000,0.094997,0.907299,-1.743080,1
8299,92.211111,0.097027,0.907637,-1.742279,1
8300,92.222222,0.099017,0.908004,-1.741421,1
8301,92.233333,0.101024,0.908399,-1.740736,1
8302,92.244444,0.102758,0.908691,-1.739825,1
8303,92.255556,0.104476,0.908853,-1.739065,1
8304,92.266667,0.105914,0.908503,-1.738592,1
8305,92.277778,0.107482,0.908531,-1.737929,1
8306,92.288889,0.108913,0.908409,-1.737300,1
8307,92.300000,0.110275,0.908025,-1.736709,1
8308,92.311111,0.111402,0.907545,-1.736157,1
8309,92.322222,0.112504,0.906919,-1.735671,1
8310,92.333333,0.113380,0.906302,-1.735262,1
8311,92.344444,0.114013,0.905642,-1.735000,1
8312,92.355556,0.114540,0.904774,-1.734821,1
8313,92.366667,0.114878,0.904136,-1.734838,1
8314,92.377778,0.115058,0.903480,-1.734796,1
8315,92.388889,0.115208,0.902890,-1.734811,1
8316,92.400000,0.115270,0.902796,-1.734363,1
8317,92.411111,0.115018,0.902381,-1.734043,1
8318,92.422222,0.114818,0.902254,-1.733726,1
8319,92.433333,0.114452,0.902135,-1.733308,1
8320,92.444444,0.114874,0.902530,-1.733102,1
8321,92.455556,0.114818,0.902788,-1.732293,1
8322,92.466667,0.114853,0.903048,-1.731513,1
8323,92.477778,0.114737,0.903534,-1.730706,1
8324,92.488889,0.114720,0.903815,-1.729862,1
8325,92.500000,0.114511,0.903955,-1.729181,1
8326,92.511111,0.114261,0.904008,-1.728412,1
8327,92.522222,0.114066,0.903983,-1.727696,1
8328,92.533333,0.113877,0.903904,-1.726958,1
8329,92.544444,0.113736,0.903816,-1.726254,1
8330,92.555556,0.113592,0.903639,-1.725575,1
8331,92.566667,0.113428,0.903514,-1.724891,1
8332,92.577778,0.113208,0.903359,-1.724223,1
8333,92.588889,0.113031,0.903122,-1.723570,1
8334,92.600000,0.112863,0.902941,-1.722981,1
8335,92.611111,0.112719,0.902791,-1.722481,1
8336,92.622222,0.112176,0.902425,-1.721869,1
8337,92.633333,0.112381,0.902435,-1.721641,1
8338,92.644444,0.112067,0.902284,-1.721012,1
8339,92.655556,0.111966,0.902209,-1.720728,1
8340,92.666667,0.111800,0.902139,-1.720360,1
8341,92.677778,0.111664,0.902022,-1.720083,1
8342,92.688889,0.111599,0.901958,-1.719810,1
8343,92.700000,0.111517,0.901889,-1.719493,1
8344,92.711111,0.111481,0.901766,-1.719292,1
8345,92.722222,0.111450,0.901691,-1.718999,1
8346,92.733333,0.111470,0.901623,-1.718818,1
8347,92.744444,0.111517,0.901548,-1.718601,1
8348,92.755556,0.111564,0.901487,-1.718436,1
8349,92.766667,0.111636,0.901382,-1.718227,1
8350,92.777778,0.111681,0.901320,-1.718088,1
8351,92.788889,0.111681,0.901197,-1.717941,1
8352,92.800000,0.111772,0.901149,-1.717803,1
8353,92.811111,0.111931,0.901115,-1.717674,1
8354,92.822222,0.112045,0.901041,-1.717535,1
8355,92.833333,0.112115,0.900970,-1.717446,1
8356,92.844444,0.112292,0.900957,-1.717306,1
8357,92.855556,0.112409,0.900893,-1.717196,1
8358,92.866667,0.112568,0.900878,-1.717031,1
8359,92.877778,0.112744,0.900849,-1.716922,1
8360,92.888889,0.112776,0.900806,-1.716745,1
8361,92.900000,0.112961,0.900803,-1.716592,1
8362,92.911111,0.113191,0.900869,-1.716467,1
8363,92.922222,0.113362,0.900927,-1.716277,1
8364,92.933333,0.113436,0.900945,-1.716065,1
8365,92.944444,0.113653,0.900963,-1.715919,1
8366,92.955556,0.113772,0.900992,-1.715749,1
8367,92.966667,0.113947,0.901029,-1.715565,1
8368,92.977778,0.114051,0.901021,-1.715391,1
8369,92.988889,0.114276,0.901068,-1.715208,1
8370,93.000000,0.114407,0.901084,-1.715035,1
8371,93.011111,0.114598,0.901145,-1.714829,1
8372,93.022222,0.114745,0.901160,-1.714720,1
8373,93.033333,0.114888,0.901198,-1.714529,1
8374,93.044444,0.115010,0.901163,-1.714338,1
8375,93.055556,0.115191,0.901236,-1.714101,1
8376,93.066667,0.115332,0.901277,-1.713942,1
8377,93.077778,0.115527,0.901281,-1.713836,1
8378,93.088889,0.115627,0.901237,-1.713702,1
8379,93.100000,0.115827,0.901216,-1.713594,1
8380,93.111111,0.115993,0.901212,-1.713464,1
8381,93.122222,0.116158,0.901231,-1.713358,1
8382,93.133333,0.116312,0.901215,-1.713290,1
8383,93.144444,0.116480,0.901235,-1.713218,1
8384,93.155556,0.116636,0.901192,-1.713163,1
8385,93.166667,0.116819,0.901127,-1.713089,1
8386,93.177778,0.116992,0.901111,-1.713012,1
8387,93.188889,0.117129,0.901063,-1.712976,1
8388,93.200000,0.117337,0.901050,-1.712982,1
8389,93.211111,0.117471,0.900995,-1.712926,1
8390,93.222222,0.117657,0.900993,-1.712953,1
8391,93.233333,0.117776,0.900935,-1.712906,1
8392,93.244444,0.117921,0.900897,-1.712947,1
8393,93.255556,0.118086,0.900899,-1.712963,1
8394,93.266667,0.118247,0.900869,-1.713027,1
8395,93.277778,0.118465,0.900855,-1.713078,1
8396,93.288889,0.118627,0.900801,-1.713166,1
8397,93.300000,0.118779,0.900760,-1.713240,1
8398,93.311111,0.118947,0.900718,-1.713346,1
8399,93.322222,0.119150,0.900640,-1.713431,1
8400,93.333333,0.119336,0.900652,-1.713507,1
8401,93.344444,0.119575,0.900666,-1.713633,1
8402,93.355556,0.119681,0.900577,-1.713754,1
8403,93.366667,0.119828,0.900526,-1.713873,1
8404,93.377778,0.120014,0.900470,-1.713995,1
8405,93.388889,0.120133,0.900434,-1.714129,1
8406,93.400000,0.120282,0.900384,-1.714278,1
8407,93.411111,0.120432,0.900325,-1.714450,1
8408,93.422222,0.120618,0.900324,-1.714668,1
8409,93.433333,0.120824,0.900290,-1.714850,1
8410,93.444444,0.120956,0.900239,-1.715025,1
8411,93.455556,0.121047,0.900192,-1.715165,1
8412,93.466667,0.121227,0.900176,-1.715387,1
8413,93.477778,0.121320,0.900166,-1.715530,1
8414,93.488889,0.121469,0.900177,-1.715713,1
8415,93.500000,0.121561,0.900117,-1.715873,1
8416,93.511111,0.121738,0.900098,-1.716064,1
8417,93.522222,0.121864,0.900083,-1.716223,1
8418,93.533333,0.121965,0.900090,-1.716368,1
8419,93.544444,0.122046,0.900026,-1.716500,1
8420,93.555556,0.122217,0.900056,-1.716658,1
8421,93.566667,0.122342,0.900064,-1.716830,1
8422,93.577778,0.122539,0.900061,-1.717007,1
8423,93.588889,0.122683,0.900037,-1.717180,1
8424,93.600000,0.122822,0.900038,-1.717297,1
8425,93.611111,0.122998,0.900101,-1.717380,1
8426,93.622222,0.123127,0.900051,-1.717497,1
8427,93.633333,0.123340,0.900080,-1.717615,1
8428,93.644444,0.123438,0.900025,-1.717692,1
8429,93.655556,0.123682,0.900031,-1.717863,1
8430,93.666667,0.123897,0.900039,-1.717980,1
8431,93.677778,0.123729,0.899572,-1.718909,1
8432,93.688889,0.124028,0.899589,-1.719012,1
8433,93.700000,0.124308,0.899602,-1.719122,1
8434,93.711111,0.124599,0.899607,-1.719216,1
8435,93.722222,0.124940,0.899581,-1.719310,1
8436,93.733333,0.125249,0.899566,-1.719401,1
8437,93.744444,0.125526,0.899525,-1.719484,1
8438,93.755556,0.125804,0.899295,-1.719753,1
8439,93.766667,0.126162,0.899260,-1.719786,1
8440,93.777778,0.126538,0.899219,-1.719829,1
8441,93.788889,0.126924,0.899131,-1.719860,1
8442,93.800000,0.127318,0.899057,-1.719811,1
8443,93.811111,0.127727,0.899019,-1.719808,1
8444,93.822222,0.128111,0.898993,-1.719786,1
8445,93.833333,0.128574,0.898953,-1.719804,1
8446,93.844444,0.129039,0.898882,-1.719700,1
8447,93.855556,0.129514,0.898832,-1.719620,1
8448,93.866667,0.130020,0.898855,-1.719555,1
8449,93.877778,0.130477,0.898793,-1.719442,1
8450,93.888889,0.131048,0.898857,-1.719356,1
8451,93.900000,0.131555,0.898813,-1.719244,1
8452,93.911111,0.132135,0.898771,-1.719179,1
8453,93.922222,0.132727,0.898857,-1.719025,1
8454,93.933333,0.133348,0.898816,-1.718891,1
8455,93.944444,0.133983,0.898763,-1.718668,1
8456,93.955556,0.134624,0.898769,-1.718479,1
8457,93.966667,0.135280,0.898714,-1.718275,1
8458,93.977778,0.136074,0.898731,-1.718072,1
8459,93.988889,0.136861,0.898735,-1.717807,1
8460,94.000000,0.137497,0.898659,-1.717435,1
8461,94.011111,0.138213,0.898616,-1.717088,1
8462,94.022222,0.138960,0.898562,-1.716721,1
8463,94.033333,0.139705,0.898416,-1.716294,1
8464,94.044444,0.140516,0.898279,-1.715814,1
8465,94.055556,0.141248,0.898159,-1.715267,1
8466,94.066667,0.141982,0.898016,-1.714617,1
8467,94.077778,0.142717,0.897989,-1.713909,1
8468,94.088889,0.143552,0.897870,-1.713121,1
8469,94.100000,0.144287,0.897793,-1.712253,1
8470,94.111111,0.145044,0.897664,-1.711304,1
8471,94.122222,0.145743,0.897533,-1.710256,1
8472,94.133333,0.146442,0.897354,-1.709170,1
8473,94.144444,0.147046,0.897214,-1.707968,1
8474,94.155556,0.147608,0.897057,-1.706665,1
8475,94.166667,0.148128,0.896961,-1.705242,1
8476,94.177778,0.148605,0.897025,-1.703799,1
8477,94.188889,0.149078,0.897105,-1.702209,1
8478,94.200000,0.149444,0.897083,-1.700578,1
8479,94.211111,0.149797,0.897389,-1.698800,1
8480,94.222222,0.150113,0.897723,-1.696951,1
8481,94.233333,0.150248,0.898189,-1.694865,1
8482,94.244444,0.150466,0.898729,-1.692614,1
8483,94.255556,0.150538,0.899278,-1.690092,1
8484,94.266667,0.150631,0.899879,-1.687412,1
8485,94.277778,0.150686,0.900402,-1.684640,1
8486,94.288889,0.150637,0.900988,-1.681580,1
8487,94.300000,0.150506,0.901458,-1.678295,1
8488,94.311111,0.150352,0.901829,-1.674918,1
8489,94.322222,0.150148,0.902148,-1.671392,1
8490,94.333333,0.149307,0.902106,-1.667541,1
8491,94.344444,0.149132,0.902065,-1.663135,1
8492,94.355556,0.148692,0.902118,-1.659260,1
8493,94.366667,0.148240,0.902042,-1.655230,1
8494,94.377778,0.147721,0.901804,-1.651069,1
8495,94.388889,0.147103,0.901538,-1.646878,1
8496,94.400000,0.146514,0.901068,-1.642606,1
8497,94.411111,0.145935,0.900676,-1.638326,1
8498,94.422222,0.145348,0.900117,-1.633912,1
8499,94.433333,0.144596,0.899518,-1.629465,1
8500,94.444444,0.143944,0.898998,-1.624985,1
8501,94.455556,0.143255,0.898481,-1.620998,1
8502,94.466667,0.142467,0.897838,-1.616589,1
8503,94.477778,0.141502,0.897188,-1.612069,1
8504,94.488889,0.140592,0.896513,-1.607650,1
8505,94.500000,0.139579,0.895809,-1.603125,1
8506,94.511111,0.138494,0.895138,-1.598607,1
8507,94.522222,0.137391,0.894319,-1.594100,1
8508,94.533333,0.136193,0.893559,-1.589551,1
8509,94.544444,0.134959,0.892682,-1.584913,1
8510,94.555556,0.133648,0.891786,-1.580218,1
8511,94.566667,0.132349,0.890827,-1.575567,1
8512,94.577778,0.130943,0.889744,-1.570849,1
8513,94.588889,0.129532,0.888619,-1.566124,1
8514,94.600000,0.128025,0.887387,-1.561283,1
8515,94.611111,0.126364,0.886160,-1.556364,1
8516,94.622222,0.124662,0.884907,-1.551228,1
8517,94.633333,0.122745,0.883845,-1.545994,1
8518,94.644444,0.120583,0.883064,-1.540439,1
8519,94.655556,0.118374,0.882593,-1.534946,1
8520,94.666667,0.116082,0.882372,-1.529337,1
8521,94.677778,0.113859,0.882258,-1.523701,1
8522,94.688889,0.111722,0.882390,-1.518018,1
8523,94.700000,0.109563,0.882479,-1.512384,1
8524,94.711111,0.107317,0.882825,-1.506618,1
8525,94.722222,0.105043,0.883136,-1.500849,1
8526,94.733333,0.102850,0.883555,-1.495166,1
8527,94.744444,0.100584,0.884173,-1.489336,1
8528,94.755556,0.098316,0.885051,-1.483472,1
8529,94.766667,0.096067,0.886006,-1.477636,1
8530,94.777778,0.093697,0.887085,-1.471608,1
8531,94.788889,0.091455,0.888268,-1.465574,1
8532,94.800000,0.088987,0.889808,-1.459374,1
8533,94.811111,0.086605,0.890832,-1.453129,1
8534,94.822222,0.084531,0.892146,-1.446837,1
8535,94.833333,0.082412,0.893409,-1.440483,1
8536,94.844444,0.080146,0.894572,-1.434204,1
8537,94.855556,0.077760,0.895590,-1.427704,1
8538,94.866667,0.075782,0.896617,-1.421241,1
8539,94.877778,0.073817,0.897624,-1.414359,1
8540,94.888889,0.071771,0.898538,-1.406931,1
8541,94.900000,0.069788,0.899361,-1.399920,1
8542,94.911111,0.067803,0.899895,-1.393098,1
8543,94.922222,0.065909,0.900611,-1.385612,1
8544,94.933333,0.064077,0.901190,-1.378231,1
8545,94.944444,0.062290,0.901729,-1.370812,1
8546,94.955556,0.060657,0.902260,-1.363260,1
8547,94.966667,0.059034,0.902720,-1.355732,1
8548,94.977778,0.057556,0.903222,-1.348011,1
8549,94.988889,0.056294,0.903583,-1.340316,1
8550,95.000000,0.054837,0.903865,-1.332629,1
8551,95.011111,0.053557,0.904171,-1.324579,1
8552,95.022222,0.052344,0.904385,-1.316967,1
8553,95.033333,0.051242,0.904409,-1.309228,1
8554,95.044444,0.050151,0.904406,-1.301432,1
8555,95.055556,0.049206,0.904209,-1.293545,1
8556,95.066667,0.048207,0.904026,-1.285689,1
8557,95.077778,0.047368,0.903724,-1.278018,1
8558,95.088889,0.046463,0.903477,-1.270070,1
8559,95.100000,0.045695,0.903098,-1.262191,1
8560,95.111111,0.045071,0.902645,-1.254218,1
8561,95.122222,0.044451,0.902316,-1.246266,1
8562,95.133333,0.043951,0.901684,-1.238306,1
8563,95.144444,0.043549,0.901119,-1.230414,1
8564,95.155556,0.043259,0.900695,-1.222464,1
8565,95.166667,0.042955,0.900022,-1.214539,1
8566,95.177778,0.042771,0.899428,-1.206708,1
8567,95.188889,0.042787,0.898804,-1.199044,1
8568,95.200000,0.042167,0.870782,-1.198824,1
8569,95.211111,0.042226,0.870096,-1.191560,1
8570,95.222222,0.042275,0.869070,-1.184644,1
8571,95.233333,0.042512,0.868255,-1.177548,1
8572,95.244444,0.042657,0.867260,-1.170667,1
8573,95.255556,0.042963,0.866290,-1.163848,1
8574,95.266667,0.043217,0.865394,-1.157207,1
8575,95.277778,0.043601,0.864142,-1.150722,1
8576,95.288889,0.043922,0.862944,-1.144315,1
8577,95.300000,0.044284,0.861715,-1.138111,1
8578,95.311111,0.044839,0.860391,-1.131765,1
8579,95.322222,0.045561,0.859380,-1.125058,1
8580,95.333333,0.046578,0.859137,-1.118015,1
8581,95.344444,0.047777,0.859232,-1.110921,1
8582,95.355556,0.049045,0.859480,-1.104007,1
8583,95.366667,0.050286,0.859915,-1.097231,1
8584,95.377778,0.051558,0.860721,-1.090235,1
8585,95.388889,0.052739,0.861810,-1.083121,1
8586,95.400000,0.053774,0.863135,-1.076126,1
8587,95.411111,0.054794,0.864614,-1.069051,1
8588,95.422222,0.055752,0.866246,-1.061840,1
8589,95.433333,0.056715,0.867821,-1.054534,1
8590,95.444444,0.057706,0.869294,-1.047245,1
8591,95.455556,0.058619,0.870653,-1.039718,1
8592,95.466667,0.059559,0.871702,-1.032225,1
8593,95.477778,0.060359,0.872578,-1.024536,1
8594,95.488889,0.061044,0.873161,-1.016975,1
8595,95.500000,0.061773,0.873627,-1.009147,1
8596,95.511111,0.062377,0.874066,-1.001227,1
8597,95.522222,0.062963,0.874543,-0.993054,1
8598,95.533333,0.063383,0.874857,-0.984910,1
8599,95.544444,0.063653,0.875245,-0.976626,1
8600,95.555556,0.063897,0.875486,-0.968363,1
8601,95.566667,0.064014,0.875898,-0.959985,1
8602,95.577778,0.064100,0.876262,-0.951521,1
8603,95.588889,0.064063,0.876663,-0.942920,1
8604,95.600000,0.063931,0.877124,-0.934254,1
8605,95.611111,0.063827,0.877659,-0.925557,1
8606,95.622222,0.063523,0.878095,-0.916880,1
8607,95.633333,0.063265,0.878450,-0.908077,1
8608,95.644444,0.062945,0.878909,-0.899285,1
8609,95.655556,0.062534,0.879373,-0.890547,1
8610,95.666667,0.062081,0.879648,-0.881822,1
8611,95.677778,0.061478,0.879818,-0.873127,1
8612,95.688889,0.060812,0.880048,-0.864350,1
8613,95.700000,0.060124,0.879955,-0.855570,1
8614,95.711111,0.059361,0.879754,-0.846871,1
8615,95.722222,0.058644,0.879538,-0.838201,1
8616,95.733333,0.057667,0.879155,-0.829557,1
8617,95.744444,0.056644,0.878632,-0.821010,1
8618,95.755556,0.055347,0.878030,-0.812746,1
8619,95.766667,0.054175,0.877538,-0.804168,1
8620,95.777778,0.052975,0.877008,-0.795681,1
8621,95.788889,0.051531,0.876244,-0.787228,1
8622,95.800000,0.050013,0.875454,-0.778896,1
8623,95.811111,0.048456,0.874678,-0.770687,1
8624,95.822222,0.046770,0.873939,-0.762602,1
8625,95.833333,0.045094,0.873188,-0.754569,1
8626,95.844444,0.043347,0.872355,-0.746701,1
8627,95.855556,0.041581,0.871640,-0.739011,1
8628,95.866667,0.039800,0.870891,-0.731421,1
8629,95.877778,0.037991,0.870029,-0.724090,1
8630,95.888889,0.036148,0.869016,-0.716899,1
8631,95.900000,0.034139,0.867828,-0.709948,1
8632,95.911111,0.032113,0.866976,-0.703019,1
8633,95.922222,0.030027,0.865434,-0.696629,1
8634,95.933333,0.027973,0.863897,-0.690211,1
8635,95.944444,0.025845,0.862217,-0.683906,1
8636,95.955556,0.023710,0.860583,-0.677716,1
8637,95.966667,0.021628,0.858949,-0.671604,1
8638,95.977778,0.019470,0.857370,-0.665428,1
8639,95.988889,0.017153,0.856020,-0.659091,1
8640,96.000000,0.014528,0.855321,-0.652568,1
8641,96.011111,0.011818,0.855049,-0.645957,1
8642,96.022222,0.009208,0.855066,-0.639443,1
8643,96.033333,0.006608,0.855355,-0.633083,1
8644,96.044444,0.004047,0.855826,-0.626840,1
8645,96.055556,0.001509,0.856495,-0.620690,1
8646,96.066667,-0.000882,0.857370,-0.614546,1
8647,96.077778,-0.003308,0.858586,-0.608291,1
8648,96.088889,-0.004948,0.859877,-0.602606,1
8649,96.100000,-0.006880,0.861418,-0.597043,1
8650,96.111111,-0.008313,0.863069,-0.591487,1
8651,96.122222,-0.009509,0.864508,-0.585429,1
8652,96.133333,-0.011061,0.865676,-0.578846,1
8653,96.144444,-0.012920,0.866764,-0.572283,1
8654,96.155556,-0.015009,0.867716,-0.565731,1
8655,96.166667,-0.017086,0.868668,-0.559164,1
8656,96.177778,-0.019152,0.869539,-0.552384,1
8657,96.188889,-0.021234,0.870317,-0.545497,1
8658,96.200000,-0.023318,0.871036,-0.538477,1
8659,96.211111,-0.025325,0.871808,-0.531393,1
8660,96.222222,-0.027303,0.872514,-0.524131,1
8661,96.233333,-0.029234,0.873176,-0.516689,1
8662,96.244444,-0.031164,0.873840,-0.509109,1
8663,96.255556,-0.033123,0.874467,-0.501459,1
8664,96.266667,-0.035001,0.875100,-0.493798,1
8665,96.277778,-0.036922,0.875661,-0.486035,1
8666,96.288889,-0.038974,0.876129,-0.478138,1
8667,96.300000,-0.040837,0.876750,-0.470228,1
8668,96.311111,-0.042671,0.877269,-0.462276,1
8669,96.322222,-0.044589,0.877537,-0.454191,1
8670,96.333333,-0.046487,0.877778,-0.446206,1
8671,96.344444,-0.048287,0.878004,-0.438172,1
8672,96.355556,-0.050078,0.878089,-0.430084,1
8673,96.366667,-0.051811,0.878093,-0.422001,1
8674,96.377778,-0.053500,0.877995,-0.413712,1
8675,96.388889,-0.055150,0.877606,-0.405547,1
8676,96.400000,-0.056781,0.877215,-0.397317,1
8677,96.411111,-0.058389,0.876780,-0.389190,1
8678,96.422222,-0.059852,0.876254,-0.381091,1
8679,96.433333,-0.061393,0.875657,-0.373002,1
8680,96.444444,-0.063207,0.874996,-0.365253,1
8681,96.455556,-0.066240,0.874284,-0.357158,1
8682,96.466667,-0.067976,0.873629,-0.348245,1
8683,96.477778,-0.069239,0.872942,-0.339544,1
8684,96.488889,-0.070253,0.872161,-0.331132,1
8685,96.500000,-0.071007,0.871461,-0.322882,1
8686,96.511111,-0.071712,0.870703,-0.314715,1
8687,96.522222,-0.072225,0.869845,-0.306677,1
8688,96.533333,-0.072735,0.868831,-0.298814,1
8689,96.544444,-0.073166,0.867814,-0.291262,1
8690,96.555556,-0.073353,0.866631,-0.283757,1
8691,96.566667,-0.073663,0.865383,-0.276550,1
8692,96.577778,-0.073810,0.863983,-0.269429,1
8693,96.588889,-0.073908,0.862509,-0.262438,1
8694,96.600000,-0.073995,0.861009,-0.255646,1
8695,96.611111,-0.073942,0.859379,-0.248945,1
8696,96.622222,-0.073917,0.857811,-0.242341,1
8697,96.633333,-0.073678,0.856357,-0.235463,1
8698,96.644444,-0.073213,0.855547,-0.228070,1
8699,96.655556,-0.072466,0.855328,-0.220514,1
8700,96.666667,-0.071709,0.855136,-0.213170,1
8701,96.677778,-0.070878,0.855024,-0.206209,1
8702,96.688889,-0.069987,0.855519,-0.199133,1
8703,96.700000,-0.069144,0.856308,-0.191895,1
8704,96.711111,-0.068441,0.857461,-0.184765,1
8705,96.722222,-0.067660,0.858757,-0.177552,1
8706,96.733333,-0.066834,0.860366,-0.170402,1
8707,96.744444,-0.066071,0.862022,-0.163213,1
8708,96.755556,-0.065196,0.863764,-0.155991,1
8709,96.766667,-0.064329,0.865526,-0.148777,1
8710,96.777778,-0.063674,0.867181,-0.141582,1
8711,96.788889,-0.063057,0.868592,-0.134315,1
8712,96.800000,-0.062585,0.869690,-0.126760,1
8713,96.811111,-0.062229,0.870711,-0.119266,1
8714,96.822222,-0.062040,0.871370,-0.111663,1
8715,96.833333,-0.061857,0.871858,-0.103983,1
8716,96.844444,-0.061763,0.872265,-0.096078,1
8717,96.855556,-0.061691,0.872609,-0.088098,1
8718,96.866667,-0.061664,0.872873,-0.079887,1
8719,96.877778,-0.061693,0.873301,-0.071619,1
8720,96.888889,-0.060396,0.872067,-0.060873,1
8721,96.900000,-0.060506,0.872542,-0.052605,1
8722,96.911111,-0.060561,0.872872,-0.044215,1
8723,96.922222,-0.060767,0.873505,-0.035840,1
8724,96.933333,-0.060947,0.874209,-0.027557,1
8725,96.944444,-0.061179,0.874686,-0.019186,1
8726,96.955556,-0.061506,0.875250,-0.010845,1
8727,96.966667,-0.061902,0.875787,-0.002435,1
8728,96.977778,-0.062282,0.876296,0.006076,1
8729,96.988889,-0.062675,0.876721,0.014461,1
8730,97.000000,-0.063134,0.877066,0.022856,1
8731,97.011111,-0.063524,0.877292,0.031234,1
8732,97.022222,-0.063978,0.877466,0.039510,1
8733,97.033333,-0.064414,0.877477,0.047697,1
8734,97.044444,-0.064846,0.877402,0.055937,1
8735,97.055556,-0.065580,0.877180,0.064054,1
8736,97.066667,-0.066296,0.876825,0.072086,1
8737,97.077778,-0.067031,0.876372,0.080139,1
8738,97.088889,-0.067833,0.875825,0.088292,1
8739,97.100000,-0.068704,0.875309,0.096329,1
8740,97.111111,-0.069729,0.874829,0.104182,1
8741,97.122222,-0.070913,0.874256,0.111968,1
8742,97.133333,-0.072308,0.873563,0.119677,1
8743,97.144444,-0.073683,0.872872,0.127220,1
8744,97.155556,-0.075053,0.872302,0.134707,1
8745,97.166667,-0.076552,0.871760,0.142034,1
8746,97.177778,-0.077982,0.871178,0.149292,1
8747,97.188889,-0.079598,0.870587,0.156437,1
8748,97.200000,-0.081142,0.869958,0.163370,1
8749,97.211111,-0.082821,0.869323,0.170277,1
8750,97.222222,-0.084469,0.868415,0.176915,1
8751,97.233333,-0.086284,0.867426,0.183430,1
8752,97.244444,-0.088127,0.866384,0.189767,1
8753,97.255556,-0.090038,0.865117,0.196016,1
8754,97.266667,-0.091909,0.863764,0.202016,1
8755,97.277778,-0.093884,0.862357,0.208107,1
8756,97.288889,-0.095856,0.860876,0.213995,1
8757,97.300000,-0.097823,0.859385,0.219859,1
8758,97.311111,-0.099920,0.857759,0.225606,1
8759,97.322222,-0.101982,0.856172,0.231367,1
8760,97.333333,-0.104168,0.854632,0.237272,1
8761,97.344444,-0.106468,0.853462,0.243460,1
8762,97.355556,-0.109054,0.852699,0.249895,1
8763,97.366667,-0.111791,0.852358,0.256215,1
8764,97.377778,-0.114396,0.852319,0.262569,1
8765,97.388889,-0.116971,0.852519,0.268837,1
8766,97.400000,-0.119528,0.852967,0.275082,1
8767,97.411111,-0.121982,0.853624,0.281193,1
8768,97.422222,-0.124610,0.854538,0.287366,1
8769,97.433333,-0.127212,0.855604,0.293398,1
8770,97.444444,-0.129119,0.856972,0.299183,1
8771,97.455556,-0.131367,0.859040,0.305060,1
8772,97.466667,-0.132805,0.860728,0.310637,1
8773,97.477778,-0.134230,0.862209,0.316899,1
8774,97.488889,-0.136048,0.863476,0.323561,1
8775,97.500000,-0.138215,0.864677,0.330210,1
8776,97.511111,-0.140725,0.865849,0.336929,1
8777,97.522222,-0.143039,0.866886,0.343725,1
8778,97.533333,-0.145433,0.867930,0.350606,1
8779,97.544444,-0.147970,0.868792,0.357741,1
8780,97.555556,-0.150523,0.869523,0.364982,1
8781,97.566667,-0.152919,0.870279,0.372337,1
8782,97.577778,-0.155207,0.871010,0.379884,1
8783,97.588889,-0.157585,0.871731,0.387514,1
8784,97.600000,-0.159912,0.872443,0.395305,1
8785,97.611111,-0.162293,0.873368,0.403564,1
8786,97.622222,-0.164630,0.874032,0.411537,1
8787,97.633333,-0.166928,0.874764,0.419445,1
8788,97.644444,-0.169267,0.875299,0.427456,1
8789,97.655556,-0.171682,0.875968,0.435563,1
8790,97.666667,-0.174032,0.876477,0.443480,1
8791,97.677778,-0.176480,0.876766,0.451510,1
8792,97.688889,-0.178942,0.877043,0.459464,1
8793,97.700000,-0.181328,0.877251,0.467455,1
8794,97.711111,-0.183729,0.877317,0.475509,1
8795,97.722222,-0.186059,0.877305,0.483631,1
8796,97.733333,-0.188433,0.877235,0.491601,1
8797,97.744444,-0.190656,0.876985,0.499629,1
8798,97.755556,-0.193043,0.876612,0.507624,1
8799,97.766667,-0.195145,0.876339,0.515508,1
8800,97.777778,-0.197341,0.875964,0.523302,1
8801,97.788889,-0.199487,0.875540,0.530944,1
8802,97.800000,-0.201742,0.875028,0.538473,1
8803,97.811111,-0.205152,0.874471,0.545963,1
8804,97.822222,-0.207976,0.873820,0.554485,1
8805,97.833333,-0.209915,0.873114,0.562848,1
8806,97.844444,-0.211469,0.872402,0.570883,1
8807,97.855556,-0.212925,0.871680,0.578658,1
8808,97.866667,-0.214270,0.870987,0.586383,1
8809,97.877778,-0.215418,0.870320,0.593970,1
8810,97.888889,-0.216496,0.869636,0.601306,1
8811,97.900000,-0.217605,0.868885,0.608483,1
8812,97.911111,-0.218589,0.868022,0.615593,1
8813,97.922222,-0.219539,0.867038,0.622592,1
8814,97.933333,-0.220437,0.865927,0.629419,1
8815,97.944444,-0.221382,0.864603,0.636093,1
8816,97.955556,-0.222236,0.863230,0.642537,1
8817,97.966667,-0.223099,0.861734,0.648888,1
8818,97.977778,-0.223821,0.860245,0.655122,1
8819,97.988889,-0.224418,0.859185,0.661388,1
8820,98.000000,-0.225053,0.857636,0.667617,1
8821,98.011111,-0.225488,0.856372,0.674199,1
8822,98.022222,-0.225627,0.855800,0.681171,1
8823,98.033333,-0.225595,0.855519,0.688061,1
8824,98.044444,-0.225574,0.855245,0.694828,1
8825,98.055556,-0.225312,0.855139,0.701410,1
8826,98.066667,-0.225255,0.855308,0.707917,1
8827,98.077778,-0.225194,0.855983,0.714547,1
8828,98.088889,-0.225188,0.856837,0.721080,1
8829,98.100000,-0.225058,0.858083,0.727681,1
8830,98.111111,-0.224972,0.859466,0.734322,1
8831,98.122222,-0.224870,0.861070,0.740978,1
8832,98.133333,-0.224895,0.862636,0.747657,1
8833,98.144444,-0.225094,0.864069,0.754309,1
8834,98.155556,-0.225506,0.865285,0.761032,1
8835,98.166667,-0.225919,0.866393,0.767932,1
8836,98.177778,-0.226632,0.867103,0.774987,1
8837,98.188889,-0.227390,0.867577,0.782077,1
8838,98.200000,-0.228017,0.867977,0.789359,1
8839,98.211111,-0.228706,0.868219,0.796880,1
8840,98.222222,-0.229476,0.868544,0.804559,1
8841,98.233333,-0.230263,0.868850,0.812234,1
8842,98.244444,-0.231138,0.869224,0.819987,1
8843,98.255556,-0.232212,0.869691,0.827805,1
8844,98.266667,-0.233267,0.870231,0.835767,1
8845,98.277778,-0.234462,0.870849,0.843574,1
8846,98.288889,-0.235581,0.871565,0.851413,1
8847,98.300000,-0.236900,0.872287,0.859483,1
8848,98.311111,-0.238145,0.873083,0.867908,1
8849,98.322222,-0.239879,0.873973,0.875413,1
8850,98.333333,-0.241519,0.874255,0.882847,1
8851,98.344444,-0.243156,0.874539,0.890460,1
8852,98.355556,-0.244514,0.874756,0.898323,1
8853,98.366667,-0.243872,0.876212,0.905961,1
8854,98.377778,-0.245330,0.876467,0.913989,1
8855,98.388889,-0.246770,0.876514,0.921942,1
8856,98.400000,-0.248296,0.876381,0.929896,1
8857,98.411111,-0.249778,0.876217,0.937869,1
8858,98.422222,-0.251417,0.875765,0.946070,1
8859,98.433333,-0.253130,0.875199,0.954332,1
8860,98.444444,-0.255008,0.874616,0.962446,1
8861,98.455556,-0.257139,0.874341,0.970370,1
8862,98.466667,-0.259468,0.873554,0.978040,1
8863,98.477778,-0.261749,0.872958,0.985614,1
8864,98.488889,-0.264126,0.872190,0.993067,1
8865,98.500000,-0.266448,0.871460,1.000117,1
8866,98.511111,-0.268742,0.870655,1.007062,1
8867,98.522222,-0.271160,0.869774,1.013749,1
8868,98.533333,-0.273599,0.868976,1.020120,1
8869,98.544444,-0.275990,0.867968,1.026359,1
8870,98.555556,-0.278324,0.867001,1.032317,1
8871,98.566667,-0.280713,0.865917,1.038016,1
8872,98.577778,-0.283040,0.865104,1.041019,1
8873,98.588889,-0.285437,0.863849,1.046349,1
8874,98.600000,-0.287775,0.862464,1.051485,1
8875,98.611111,-0.290123,0.861178,1.056498,1
8876,98.622222,-0.292454,0.859764,1.061486,1
8877,98.633333,-0.294811,0.858491,1.066326,1
8878,98.644444,-0.297405,0.857268,1.071590,1
8879,98.655556,-0.300404,0.856554,1.077242,1
8880,98.666667,-0.303640,0.856100,1.082786,1
8881,98.677778,-0.306829,0.855578,1.088205,1
8882,98.688889,-0.310006,0.854909,1.093643,1
8883,98.700000,-0.312900,0.854531,1.098981,1
8884,98.711111,-0.315691,0.854339,1.104259,1
8885,98.722222,-0.318410,0.854613,1.109384,1
8886,98.733333,-0.321142,0.855007,1.114300,1
8887,98.744444,-0.323747,0.855723,1.119140,1
8888,98.755556,-0.326237,0.856773,1.123597,1
8889,98.766667,-0.328208,0.858182,1.127605,1
8890,98.777778,-0.329529,0.859565,1.132073,1
8891,98.788889,-0.331109,0.860633,1.137145,1
8892,98.800000,-0.332944,0.861599,1.142090,1
8893,98.811111,-0.335165,0.862601,1.146889,1
8894,98.822222,-0.337225,0.863382,1.151914,1
8895,98.833333,-0.339419,0.864219,1.156954,1
8896,98.844444,-0.341546,0.864899,1.162027,1
8897,98.855556,-0.343742,0.865447,1.167190,1
8898,98.866667,-0.345937,0.866041,1.172471,1
8899,98.877778,-0.348145,0.866589,1.178137,1
8900,98.888889,-0.350307,0.867073,1.183929,1
8901,98.900000,-0.352500,0.867481,1.189832,1
8902,98.911111,-0.354599,0.867824,1.195926,1
8903,98.922222,-0.356768,0.868331,1.201889,1
8904,98.933333,-0.358743,0.868739,1.207888,1
8905,98.944444,-0.360558,0.869139,1.213851,1
8906,98.955556,-0.362636,0.869714,1.219727,1
8907,98.966667,-0.364246,0.870654,1.226265,1
8908,98.977778,-0.365906,0.871022,1.232263,1
8909,98.988889,-0.368789,0.870960,1.238976,1
8910,99.000000,-0.372247,0.870599,1.245608,1
8911,99.011111,-0.375424,0.870271,1.251977,1
8912,99.022222,-0.377886,0.870220,1.257956,1
8913,99.033333,-0.380080,0.870070,1.264098,1
8914,99.044444,-0.381870,0.869772,1.270277,1
8915,99.055556,-0.383567,0.869731,1.276295,1
8916,99.066667,-0.384839,0.869632,1.282391,1
8917,99.077778,-0.386007,0.869510,1.288516,1
8918,99.088889,-0.387205,0.869306,1.294096,1
8919,99.100000,-0.388285,0.869233,1.300133,1
8920,99.111111,-0.389275,0.868723,1.305310,1
8921,99.122222,-0.390073,0.868988,1.311864,1
8922,99.133333,-0.390844,0.868817,1.317770,1
8923,99.144444,-0.391471,0.868496,1.323767,1
8924,99.155556,-0.392077,0.868047,1.329737,1
8925,99.166667,-0.392499,0.867314,1.335505,1
8926,99.177778,-0.392765,0.866786,1.341283,1
8927,99.188889,-0.393260,0.866033,1.347022,1
8928,99.200000,-0.393403,0.865205,1.352672,1
8929,99.211111,-0.393503,0.864414,1.358269,1
8930,99.222222,-0.393515,0.863475,1.363654,1
8931,99.233333,-0.393518,0.862456,1.368814,1
8932,99.244444,-0.393389,0.861526,1.374086,1
8933,99.255556,-0.393403,0.860312,1.379025,1
8934,99.266667,-0.393290,0.858991,1.383725,1
8935,99.277778,-0.392943,0.857545,1.389036,1
8936,99.288889,-0.392746,0.856346,1.394138,1
8937,99.300000,-0.391946,0.855335,1.399703,1
8938,99.311111,-0.390853,0.855012,1.405952,1
8939,99.322222,-0.389246,0.854182,1.410485,1
8940,99.333333,-0.388250,0.853692,1.416048,1
8941,99.344444,-0.387248,0.853410,1.421624,1
8942,99.355556,-0.386385,0.853157,1.426957,1
8943,99.366667,-0.385465,0.853108,1.432400,1
8944,99.377778,-0.384477,0.853313,1.437600,1
8945,99.388889,-0.383318,0.853922,1.442918,1
8946,99.400000,-0.382254,0.854568,1.448292,1
8947,99.411111,-0.381186,0.855530,1.454248,1
8948,99.422222,-0.380488,0.856124,1.460307,1
8949,99.433333,-0.379513,0.857212,1.465501,1
8950,99.444444,-0.378414,0.858170,1.470332,1
8951,99.455556,-0.377472,0.858972,1.475158,1
8952,99.466667,-0.376444,0.859472,1.480131,1
8953,99.477778,-0.375270,0.859954,1.485389,1
8954,99.488889,-0.374280,0.860360,1.490640,1
8955,99.500000,-0.372585,0.861651,1.499816,1
8956,99.511111,-0.372556,0.861676,1.502464,1
8957,99.522222,-0.371969,0.862283,1.507937,1
8958,99.533333,-0.371626,0.862629,1.513226,1
8959,99.544444,-0.371216,0.862928,1.518441,1
8960,99.555556,-0.370736,0.863303,1.523487,1
8961,99.566667,-0.370350,0.863647,1.528869,1
8962,99.577778,-0.370028,0.863952,1.534552,1
8963,99.588889,-0.369556,0.864481,1.540316,1
8964,99.600000,-0.369535,0.864660,1.546209,1
8965,99.611111,-0.370016,0.864644,1.552513,1
8966,99.622222,-0.370331,0.864831,1.558490,1
8967,99.633333,-0.370408,0.864959,1.564307,1
8968,99.644444,-0.370414,0.865155,1.569957,1
8969,99.655556,-0.370334,0.865637,1.575349,1
8970,99.666667,-0.370464,0.865995,1.580846,1
8971,99.677778,-0.370378,0.866290,1.586380,1
8972,99.688889,-0.370491,0.866678,1.591739,1
8973,99.700000,-0.370688,0.867149,1.596707,1
8974,99.711111,-0.370800,0.867557,1.601517,1
8975,99.722222,-0.371028,0.867819,1.606756,1
8976,99.733333,-0.371059,0.868142,1.611756,1
8977,99.744444,-0.371103,0.868367,1.616740,1
8978,99.755556,-0.371324,0.868513,1.621515,1
8979,99.766667,-0.371514,0.868735,1.626166,1
8980,99.777778,-0.371669,0.868728,1.630783,1
8981,99.788889,-0.371897,0.868675,1.635376,1
8982,99.800000,-0.372227,0.868763,1.639752,1
8983,99.811111,-0.372577,0.868673,1.643920,1
8984,99.822222,-0.372973,0.868548,1.647878,1
8985,99.833333,-0.373455,0.868428,1.651799,1
8986,99.844444,-0.374112,0.868281,1.655553,1
8987,99.855556,-0.374874,0.868072,1.659118,1
8988,99.866667,-0.375662,0.867361,1.662780,1
8989,99.877778,-0.376476,0.866785,1.666156,1
8990,99.888889,-0.377266,0.866166,1.669352,1
8991,99.900000,-0.378043,0.865531,1.672262,1
8992,99.911111,-0.379021,0.865049,1.674942,1
8993,99.922222,-0.380239,0.864452,1.677266,1
8994,99.933333,-0.381442,0.863749,1.679621,1
8995,99.944444,-0.382642,0.863157,1.681736,1
8996,99.955556,-0.383935,0.862685,1.683462,1
8997,99.966667,-0.385040,0.862227,1.685684,1
8998,99.977778,-0.386267,0.861683,1.687636,1
8999,99.988889,-0.387450,0.860937,1.689218,1
9000,100.000000,-0.388784,0.860105,1.690942,1
9001,100.011111,-0.390380,0.859975,1.693365,1
9002,100.022222,-0.391363,0.859558,1.694206,1
9003,100.033333,-0.388349,0.860716,1.694161,1
9004,100.044444,-0.391823,0.859696,1.695390,1
9005,100.055556,-0.394167,0.858810,1.697529,1
9006,100.066667,-0.396164,0.858248,1.699020,1
9007,100.077778,-0.398203,0.857810,1.700601,1
9008,100.088889,-0.399465,0.857724,1.702366,1
9009,100.100000,-0.400720,0.857513,1.703898,1
9010,100.111111,-0.402226,0.857427,1.705857,1
9011,100.122222,-0.403459,0.857633,1.707743,1
9012,100.133333,-0.404614,0.858073,1.709774,1
9013,100.144444,-0.405517,0.858714,1.711787,1
9014,100.155556,-0.406571,0.859439,1.713878,1
9015,100.166667,-0.407798,0.860335,1.715569,1
9016,100.177778,-0.409525,0.861139,1.718480,1
9017,100.188889,-0.411547,0.861032,1.720579,1
9018,100.200000,-0.414039,0.861350,1.722464,1
9019,100.211111,-0.416372,0.861391,1.724649,1
9020,100.222222,-0.417987,0.862138,1.726616,1
9021,100.233333,-0.419391,0.862904,1.729071,1
9022,100.244444,-0.421203,0.863518,1.730800,1
9023,100.255556,-0.422917,0.863838,1.733128,1
9024,100.266667,-0.424722,0.864258,1.735567,1
9025,100.277778,-0.426727,0.864298,1.737321,1
9026,100.288889,-0.428393,0.864916,1.739751,1
9027,100.300000,-0.429889,0.866114,1.741941,1
9028,100.311111,-0.431441,0.867145,1.743978,1
9029,100.322222,-0.432991,0.867802,1.746447,1
9030,100.333333,-0.434608,0.868199,1.748700,1
9031,100.344444,-0.435949,0.868991,1.751064,1
9032,100.355556,-0.437248,0.869455,1.753255,1
9033,100.366667,-0.438660,0.869631,1.754514,1
9034,100.377778,-0.439589,0.870042,1.755696,1
9035,100.388889,-0.440384,0.870317,1.757519,1
9036,100.400000,-0.441513,0.870465,1.759255,1
9037,100.411111,-0.442575,0.870479,1.760937,1
9038,100.422222,-0.443628,0.870487,1.762863,1
9039,100.433333,-0.444377,0.870167,1.764596,1
9040,100.444444,-0.445787,0.869739,1.767121,1
9041,100.455556,-0.446937,0.869262,1.769359,1
9042,100.466667,-0.447722,0.868627,1.771230,1
9043,100.477778,-0.448993,0.868556,1.772857,1
9044,100.488889,-0.450025,0.868624,1.775053,1
9045,100.500000,-0.451505,0.868065,1.777158,1
9046,100.511111,-0.452439,0.868440,1.779200,1
9047,100.522222,-0.453459,0.868574,1.781237,1
9048,100.533333,-0.454254,0.868674,1.783350,1
9049,100.544444,-0.455085,0.868230,1.785562,1
9050,100.555556,-0.455083,0.867556,1.787528,1
9051,100.566667,-0.455141,0.867190,1.790002,1
9052,100.577778,-0.454462,0.869184,1.792119,1
9053,100.588889,-0.454398,0.868824,1.793070,1
9054,100.600000,-0.454727,0.868345,1.795354,1
9055,100.611111,-0.454386,0.868248,1.796122,1
9056,100.622222,-0.453649,0.867094,1.796340,1
9057,100.633333,-0.452782,0.866971,1.798514,1
9058,100.644444,-0.451337,0.867251,1.799422,1
9059,100.655556,-0.450090,0.867641,1.800438,1
9060,100.666667,-0.449074,0.868312,1.801360,1
9061,100.677778,-0.447932,0.868739,1.802164,1
9062,100.688889,-0.446946,0.869209,1.803026,1
9063,100.700000,-0.445850,0.869090,1.803998,1
9064,100.711111,-0.444995,0.869037,1.804651,1
9065,100.722222,-0.444196,0.868786,1.805423,1
9066,100.733333,-0.443538,0.868179,1.805161,1
9067,100.744444,-0.442898,0.868039,1.805526,1
9068,100.755556,-0.442435,0.867733,1.806645,1
9069,100.766667,-0.441857,0.867881,1.807144,1
9070,100.777778,-0.441202,0.867699,1.807685,1
9071,100.788889,-0.440594,0.867531,1.808370,1
9072,100.800000,-0.440154,0.867399,1.808861,1
9073,100.811111,-0.439695,0.867106,1.809541,1
9074,100.822222,-0.439351,0.867039,1.809869,1
9075,100.833333,-0.438620,0.866973,1.810552,1
9076,100.844444,-0.438260,0.866968,1.811030,1
9077,100.855556,-0.437760,0.866805,1.811557,1
9078,100.866667,-0.437529,0.866947,1.812221,1
9079,100.877778,-0.437047,0.866922,1.812727,1
9080,100.888889,-0.436682,0.866964,1.813430,1
9081,100.900000,-0.436089,0.867101,1.813844,1
9082,100.911111,-0.435795,0.866998,1.814525,1
9083,100.922222,-0.435391,0.867077,1.814911,1
9084,100.933333,-0.435026,0.867052,1.815271,1
9085,100.944444,-0.434506,0.867046,1.815826,1
9086,100.955556,-0.434160,0.866935,1.816217,1
9087,100.966667,-0.433785,0.866864,1.816911,1
9088,100.977778,-0.433587,0.866680,1.817709,1
9089,100.988889,-0.433374,0.866535,1.818417,1
9090,101.000000,-0.433046,0.866587,1.818966,1
9091,101.011111,-0.433224,0.866390,1.817700,1
9092,101.022222,-0.433069,0.866457,1.817966,1
9093,101.033333,-0.432882,0.866674,1.817979,1
9094,101.044444,-0.432974,0.866693,1.818123,1
9095,101.055556,-0.432734,0.866638,1.818410,1
9096,101.066667,-0.432849,0.866625,1.818655,1
9097,101.077778,-0.432744,0.866600,1.818710,1
9098,101.088889,-0.432720,0.866329,1.818976,1
9099,101.100000,-0.432878,0.866099,1.820305,1
9100,101.111111,-0.433443,0.865652,1.822084,1
9101,101.122222,-0.433959,0.865735,1.823781,1
9102,101.133333,-0.434285,0.865823,1.824807,1
9103,101.144444,-0.434353,0.865847,1.825303,1
9104,101.155556,-0.434686,0.865648,1.825466,1
9105,101.166667,-0.434739,0.865663,1.825837,1
9106,101.177778,-0.435390,0.865418,1.824101,1
9107,101.188889,-0.434872,0.865526,1.825732,1
9108,101.200000,-0.434973,0.865577,1.826110,1
9109,101.211111,-0.434812,0.865834,1.826398,1
9110,101.222222,-0.434919,0.865691,1.826761,1
9111,101.233333,-0.435431,0.865544,1.824949,1
9112,101.244444,-0.435048,0.865714,1.826741,1
9113,101.255556,-0.435126,0.865664,1.827006,1
9114,101.266667,-0.435103,0.865634,1.827324,1
9115,101.277778,-0.435233,0.865671,1.827602,1
9116,101.288889,-0.435167,0.866060,1.827589,1
9117,101.300000,-0.435072,0.866139,1.827739,1
9118,101.311111,-0.435136,0.866239,1.827846,1
9119,101.322222,-0.435073,0.866395,1.827953,1
9120,101.333333,-0.435279,0.866272,1.828078,1
9121,101.344444,-0.435349,0.866289,1.828299,1
9122,101.355556,-0.435442,0.866383,1.828416,1
9123,101.366667,-0.435576,0.866223,1.828573,1
9124,101.377778,-0.435461,0.866417,1.828719,1
9125,101.388889,-0.435393,0.866793,1.828683,1
9126,101.400000,-0.435344,0.866895,1.828822,1
9127,101.411111,-0.435334,0.866427,1.829184,1
9128,101.422222,-0.435777,0.866062,1.829380,1
9129,101.433333,-0.436427,0.865684,1.827492,1
9130,101.444444,-0.435833,0.865854,1.829144,1
9131,101.455556,-0.436527,0.865529,1.827684,1
9132,101.466667,-0.436387,0.865689,1.827708,1
9133,101.477778,-0.436118,0.866041,1.827782,1
9134,101.488889,-0.436086,0.866074,1.827810,1
9135,101.500000,-0.436491,0.866061,1.828239,1
9136,101.511111,-0.436632,0.865944,1.828308,1
9137,101.522222,-0.436316,0.866015,1.828401,1
9138,101.533333,-0.436612,0.865863,1.828294,1
9139,101.544444,-0.436691,0.865750,1.828342,1
9140,101.555556,-0.436594,0.865702,1.828418,1
9141,101.566667,-0.436524,0.865705,1.828589,1
9142,101.577778,-0.436550,0.865646,1.828545,1
9143,101.588889,-0.436586,0.865584,1.828583,1
9144,101.600000,-0.436299,0.865683,1.828516,1
9145,101.611111,-0.436202,0.865556,1.828578,1
9146,101.622222,-0.436143,0.865558,1.828637,1
9147,101.633333,-0.436092,0.865537,1.828608,1
9148,101.644444,-0.436002,0.865612,1.828603,1
9149,101.655556,-0.435923,0.865814,1.828889,1
9150,101.666667,-0.436285,0.865599,1.828552,1
9151,101.677778,-0.435428,0.865511,1.830326,1
9152,101.688889,-0.435901,0.865472,1.828602,1
9153,101.700000,-0.435785,0.865379,1.828583,1
9154,101.711111,-0.435644,0.865454,1.828560,1
9155,101.722222,-0.435608,0.865525,1.828587,1
9156,101.733333,-0.435378,0.865665,1.829652,1
9157,101.744444,-0.435371,0.865673,1.829983,1
9158,101.755556,-0.435116,0.865625,1.830413,1
9159,101.766667,-0.434955,0.865647,1.830564,1
9160,101.777778,-0.434887,0.865680,1.830572,1
9161,101.788889,-0.434975,0.865708,1.830754,1
9162,101.800000,-0.434905,0.865704,1.830915,1
9163,101.811111,-0.434655,0.865789,1.830887,1
9164,101.822222,-0.434587,0.865787,1.830890,1
9165,101.833333,-0.435157,0.865707,1.828676,1
9166,101.844444,-0.435102,0.865672,1.828733,1
9167,101.855556,-0.435131,0.865670,1.828847,1
9168,101.866667,-0.434438,0.865802,1.830212,1
9169,101.877778,-0.434347,0.865776,1.830519,1
9170,101.888889,-0.434949,0.865574,1.828956,1
9171,101.900000,-0.434971,0.865654,1.829191,1
9172,101.911111,-0.434964,0.865655,1.829284,1
9173,101.922222,-0.434891,0.865812,1.829319,1
9174,101.933333,-0.435079,0.865739,1.829421,1
9175,101.944444,-0.435084,0.865677,1.829563,1
9176,101.955556,-0.435106,0.865685,1.829621,1
9177,101.966667,-0.435117,0.865767,1.829768,1
9178,101.977778,-0.435463,0.865739,1.830016,1
9179,101.988889,-0.435530,0.865840,1.830099,1
9180,102.000000,-0.435701,0.865957,1.830201,1
9181,102.011111,-0.435892,0.865961,1.830451,1
9182,102.022222,-0.435970,0.865949,1.830567,1
9183,102.033333,-0.436383,0.865958,1.830650,1
9184,102.044444,-0.436341,0.866065,1.831352,1
9185,102.055556,-0.436639,0.865991,1.832251,1
9186,102.066667,-0.436955,0.865915,1.832988,1
9187,102.077778,-0.437802,0.865850,1.831995,1
9188,102.088889,-0.437664,0.866340,1.833672,1
9189,102.100000,-0.438025,0.866633,1.833900,1
9190,102.111111,-0.438248,0.866907,1.834328,1
9191,102.122222,-0.438923,0.866998,1.834760,1
9192,102.133333,-0.439483,0.867210,1.835067,1
9193,102.144444,-0.439680,0.867808,1.835366,1
9194,102.155556,-0.439992,0.868139,1.835925,1
9195,102.166667,-0.440441,0.868381,1.836335,1
9196,102.177778,-0.440894,0.868588,1.837228,1
9197,102.188889,-0.441413,0.868803,1.837690,1
9198,102.200000,-0.441833,0.869069,1.838043,1
9199,102.211111,-0.441971,0.868733,1.838986,1
9200,102.222222,-0.442086,0.868805,1.839640,1
9201,102.233333,-0.442002,0.868904,1.839909,1
9202,102.244444,-0.441908,0.868987,1.840973,1
9203,102.255556,-0.441654,0.869129,1.841766,1
9204,102.266667,-0.441265,0.868959,1.842772,1
9205,102.277778,-0.441471,0.868846,1.843151,1
9206,102.288889,-0.441153,0.868798,1.843824,1
9207,102.300000,-0.441604,0.869501,1.844661,1
9208,102.311111,-0.440977,0.869850,1.845685,1
9209,102.322222,-0.440792,0.871393,1.847475,1
9210,102.333333,-0.439994,0.870800,1.848407,1
9211,102.344444,-0.443793,0.872530,1.849735,1
9212,102.355556,-0.443978,0.871340,1.850563,1
9213,102.366667,-0.447713,0.870880,1.851070,1
9214,102.377778,-0.447744,0.871332,1.852124,1
9215,102.388889,-0.446772,0.871705,1.852638,1
9216,102.400000,-0.447241,0.871279,1.853110,1
9217,102.411111,-0.446085,0.871096,1.853482,1
9218,102.422222,-0.444467,0.871267,1.853322,1
9219,102.433333,-0.441510,0.871323,1.853875,1
9220,102.444444,-0.439327,0.871665,1.854708,1
9221,102.455556,-0.437549,0.871792,1.855395,1
9222,102.466667,-0.434860,0.871727,1.856339,1
9223,102.477778,-0.431379,0.871385,1.857852,1
9224,102.488889,-0.428281,0.871052,1.859702,1
9225,102.500000,-0.425322,0.871319,1.861686,1
9226,102.511111,-0.422259,0.871218,1.862885,1
9227,102.522222,-0.419733,0.871124,1.863896,1
9228,102.533333,-0.416536,0.870775,1.865170,1
9229,102.544444,-0.413019,0.870044,1.866198,1
9230,102.555556,-0.409154,0.870587,1.866251,1
9231,102.566667,-0.405539,0.870692,1.867619,1
9232,102.577778,-0.401991,0.871033,1.868192,1
9233,102.588889,-0.398195,0.871602,1.869869,1
9234,102.600000,-0.394549,0.872166,1.871324,1
9235,102.611111,-0.390901,0.872089,1.872499,1
9236,102.622222,-0.387908,0.871908,1.874205,1
9237,102.633333,-0.385713,0.871812,1.875901,1
9238,102.644444,-0.383208,0.871858,1.876781,1
9239,102.655556,-0.380254,0.872475,1.876598,1
9240,102.666667,-0.377881,0.872299,1.877103,1
9241,102.677778,-0.375848,0.872071,1.877391,1
9242,102.688889,-0.374184,0.871742,1.878144,1
9243,102.700000,-0.371802,0.871338,1.879085,1
9244,102.711111,,,,0
9245,102.722222,,,,0
9246,102.733333,,,,0
9247,102.744444,,,,0
9248,102.755556,,,,0
9249,102.766667,,,,0
9250,102.777778,,,,0
9251,102.788889,,,,0
9252,102.800000,,,,0
9253,102.811111,,,,0
9254,102.822222,,,,0
9255,102.833333,,,,0
9256,102.844444,,,,0
9257,102.855556,,,,0
9258,102.866667,,,,0
9259,102.877778,,,,0
9260,102.888889,,,,0
9261,102.900000,,,,0
9262,102.911111,,,,0
9263,102.922222,,,,0
9264,102.933333,,,,0
9265,102.944444,,,,0
9266,102.955556,,,,0
9267,102.966667,,,,0
9268,102.977778,,,,0
9269,102.988889,,,,0
9270,103.000000,,,,0
9271,103.011111,,,,0
9272,103.022222,,,,0
9273,103.033333,,,,0
9274,103.044444,,,,0
9275,103.055556,,,,0
9276,103.066667,,,,0
9277,103.077778,,,,0
9278,103.088889,,,,0
9279,103.100000,,,,0
9280,103.111111,,,,0
9281,103.122222,,,,0
9282,103.133333,,,,0
9283,103.144444,,,,0
9284,103.155556,,,,0
9285,103.166667,,,,0
9286,103.177778,,,,0
9287,103.188889,,,,0
9288,103.200000,,,,0
9289,103.211111,,,,0
9290,103.222222,,,,0
9291,103.233333,,,,0
9292,103.244444,,,,0
9293,103.255556,,,,0
9294,103.266667,,,,0
9295,103.277778,,,,0
9296,103.288889,,,,0
9297,103.300000,,,,0
9298,103.311111,,,,0
9299,103.322222,,,,0
9300,103.333333,,,,0
9301,103.344444,,,,0
9302,103.355556,,,,0
9303,103.366667,,,,0
9304,103.377778,,,,0
9305,103.388889,,,,0
9306,103.400000,,,,0
9307,103.411111,,,,0
9308,103.422222,,,,0
9309,103.433333,,,,0
9310,103.444444,,,,0
9311,103.455556,,,,0
9312,103.466667,,,,0
9313,103.477778,,,,0
9314,103.488889,,,,0
9315,103.500000,,,,0
9316,103.511111,,,,0
9317,103.522222,,,,0
9318,103.533333,,,,0
9319,103.544444,,,,0
9320,103.555556,,,,0
9321,103.566667,,,,0
9322,103.577778,,,,0
9323,103.588889,,,,0
9324,103.600000,,,,0
9325,103.611111,,,,0
9326,103.622222,,,,0
9327,103.633333,,,,0
9328,103.644444,,,,0
9329,103.655556,,,,0
9330,103.666667,,,,0
9331,103.677778,,,,0
9332,103.688889,,,,0
9333,103.700000,,,,0
9334,103.711111,,,,0
9335,103.722222,,,,0
9336,103.733333,,,,0
9337,103.744444,,,,0
9338,103.755556,,,,0
9339,103.766667,,,,0
9340,103.777778,,,,0
9341,103.788889,,,,0
9342,103.800000,,,,0
9343,103.811111,,,,0
9344,103.822222,,,,0
9345,103.833333,,,,0
9346,103.844444,,,,0
9347,103.855556,,,,0
9348,103.866667,,,,0
9349,103.877778,,,,0
9350,103.888889,,,,0
9351,103.900000,,,,0
9352,103.911111,,,,0
9353,103.922222,,,,0
9354,103.933333,,,,0
9355,103.944444,,,,0
9356,103.955556,,,,0
9357,103.966667,,,,0
9358,103.977778,,,,0
9359,103.988889,,,,0
9360,104.000000,,,,0
9361,104.011111,,,,0
9362,104.022222,,,,0
9363,104.033333,,,,0
9364,104.044444,,,,0
9365,104.055556,,,,0
9366,104.066667,,,,0
9367,104.077778,,,,0
9368,104.088889,,,,0
9369,104.100000,,,,0
9370,104.111111,,,,0
9371,104.122222,,,,0
9372,104.133333,,,,0
9373,104.144444,,,,0
9374,104.155556,,,,0
9375,104.166667,,,,0
9376,104.177778,,,,0
9377,104.188889,,,,0
9378,104.200000,,,,0
9379,104.211111,,,,0
9380,104.222222,,,,0
9381,104.233333,,,,0
9382,104.244444,,,,0
9383,104.255556,,,,0
9384,104.266667,,,,0
9385,104.277778,,,,0
9386,104.288889,,,,0
9387,104.300000,,,,0
9388,104.311111,,,,0
9389,104.322222,,,,0
9390,104.333333,,,,0
9391,104.344444,,,,0
9392,104.355556,,,,0
9393,104.366667,,,,0
9394,104.377778,,,,0
9395,104.388889,,,,0
9396,104.400000,,,,0
9397,104.411111,,,,0
9398,104.422222,,,,0
9399,104.433333,,,,0
9400,104.444444,,,,0
9401,104.455556,,,,0
9402,104.466667,,,,0
9403,104.477778,,,,0
9404,104.488889,,,,0
9405,104.500000,,,,0
9406,104.511111,,,,0
9407,104.522222,,,,0
9408,104.533333,,,,0
9409,104.544444,,,,0
9410,104.555556,,,,0
9411,104.566667,,,,0
9412,104.577778,,,,0
9413,104.588889,,,,0
9414,104.600000,,,,0
9415,104.611111,,,,0
9416,104.622222,,,,0
9417,104.633333,,,,0
9418,104.644444,,,,0
9419,104.655556,,,,0
9420,104.666667,,,,0
9421,104.677778,,,,0
9422,104.688889,,,,0
9423,104.700000,,,,0
9424,104.711111,,,,0
9425,104.722222,,,,0
9426,104.733333,,,,0
9427,104.744444,,,,0
9428,104.755556,,,,0
9429,104.766667,,,,0
9430,104.777778,,,,0
9431,104.788889,,,,0
9432,104.800000,,,,0
9433,104.811111,,,,0
9434,104.822222,,,,0
9435,104.833333,,,,0
9436,104.844444,,,,0
9437,104.855556,,,,0
9438,104.866667,,,,0
9439,104.877778,,,,0
9440,104.888889,,,,0
9441,104.900000,,,,0
9442,104.911111,,,,0
9443,104.922222,,,,0
9444,104.933333,,,,0
9445,104.944444,,,,0
9446,104.955556,,,,0
9447,104.966667,,,,0
9448,104.977778,,,,0
9449,104.988889,,,,0
9450,105.000000,,,,0
9451,105.011111,,,,0
9452,105.022222,,,,0
9453,105.033333,,,,0
9454,105.044444,,,,0
9455,105.055556,,,,0
9456,105.066667,,,,0
9457,105.077778,,,,0
9458,105.088889,,,,0
9459,105.100000,,,,0
9460,105.111111,,,,0
9461,105.122222,,,,0
9462,105.133333,,,,0
9463,105.144444,,,,0
9464,105.155556,,,,0
9465,105.166667,,,,0
9466,105.177778,,,,0
9467,105.188889,,,,0
9468,105.200000,,,,0
9469,105.211111,,,,0
9470,105.222222,,,,0
9471,105.233333,,,,0
9472,105.244444,,,,0
9473,105.255556,,,,0
9474,105.266667,,,,0
9475,105.277778,,,,0
9476,105.288889,,,,0
9477,105.300000,,,,0
9478,105.311111,,,,0
9479,105.322222,,,,0
9480,105.333333,,,,0
9481,105.344444,,,,0
9482,105.355556,,,,0
9483,105.366667,,,,0
9484,105.377778,,,,0
9485,105.388889,,,,0
9486,105.400000,,,,0
9487,105.411111,,,,0
9488,105.422222,,,,0
9489,105.433333,,,,0
9490,105.444444,,,,0
9491,105.455556,,,,0
9492,105.466667,,,,0
9493,105.477778,,,,0
9494,105.488889,,,,0
9495,105.500000,,,,0
9496,105.511111,,,,0
9497,105.522222,,,,0
9498,105.533333,,,,0
9499,105.544444,,,,0
9500,105.555556,,,,0
9501,105.566667,,,,0
9502,105.577778,,,,0
9503,105.588889,,,,0
9504,105.600000,,,,0
9505,105.611111,,,,0
9506,105.622222,,,,0
9507,105.633333,,,,0
9508,105.644444,,,,0
9509,105.655556,,,,0
9510,105.666667,,,,0
9511,105.677778,,,,0
9512,105.688889,,,,0
9513,105.700000,,,,0
9514,105.711111,,,,0
9515,105.722222,,,,0
9516,105.733333,,,,0
9517,105.744444,,,,0
9518,105.755556,,,,0
9519,105.766667,,,,0
9520,105.777778,,,,0
9521,105.788889,,,,0
9522,105.800000,,,,0
9523,105.811111,,,,0
9524,105.822222,,,,0
9525,105.833333,,,,0
9526,105.844444,,,,0
9527,105.855556,,,,0
9528,105.866667,,,,0
9529,105.877778,,,,0
9530,105.888889,,,,0
9531,105.900000,,,,0
9532,105.911111,,,,0
9533,105.922222,,,,0
9534,105.933333,,,,0
9535,105.944444,,,,0
9536,105.955556,,,,0
9537,105.966667,,,,0
9538,105.977778,,,,0
9539,105.988889,,,,0
9540,106.000000,,,,0
9541,106.011111,,,,0
9542,106.022222,,,,0
9543,106.033333,,,,0
9544,106.044444,,,,0
9545,106.055556,,,,0
9546,106.066667,,,,0
9547,106.077778,,,,0
9548,106.088889,,,,0
9549,106.100000,,,,0
9550,106.111111,,,,0
9551,106.122222,,,,0
9552,106.133333,,,,0
9553,106.144444,,,,0
9554,106.155556,,,,0
9555,106.166667,,,,0
9556,106.177778,,,,0
9557,106.188889,,,,0
9558,106.200000,,,,0
9559,106.211111,,,,0
9560,106.222222,,,,0
9561,106.233333,,,,0
9562,106.244444,,,,0
9563,106.255556,,,,0
9564,106.266667,,,,0
9565,106.277778,,,,0
9566,106.288889,,,,0
9567,106.300000,,,,0
9568,106.311111,,,,0
9569,106.322222,,,,0
9570,106.333333,,,,0
9571,106.344444,,,,0
9572,106.355556,,,,0
9573,106.366667,,,,0
9574,106.377778,,,,0
9575,106.388889,,,,0
9576,106.400000,,,,0
9577,106.411111,,,,0
9578,106.422222,,,,0
9579,106.433333,,,,0
9580,106.444444,,,,0
9581,106.455556,,,,0
9582,106.466667,,,,0
9583,106.477778,,,,0
9584,106.488889,,,,0
9585,106.500000,,,,0
9586,106.511111,,,,0
9587,106.522222,,,,0
9588,106.533333,,,,0
9589,106.544444,,,,0
9590,106.555556,,,,0
9591,106.566667,,,,0
9592,106.577778,,,,0
9593,106.588889,,,,0
9594,106.600000,,,,0
9595,106.611111,,,,0
9596,106.622222,,,,0
9597,106.633333,,,,0
9598,106.644444,,,,0
9599,106.655556,,,,0
9600,106.666667,,,,0
9601,106.677778,,,,0
9602,106.688889,,,,0
9603,106.700000,,,,0
9604,106.711111,,,,0
9605,106.722222,,,,0
9606,106.733333,,,,0
9607,106.744444,,,,0
9608,106.755556,,,,0
9609,106.766667,,,,0
9610,106.777778,,,,0
9611,106.788889,,,,0
9612,106.800000,,,,0
9613,106.811111,,,,0
9614,106.822222,,,,0
9615,106.833333,,,,0
9616,106.844444,,,,0
9617,106.855556,,,,0
9618,106.866667,,,,0
9619,106.877778,,,,0
9620,106.888889,,,,0
9621,106.900000,,,,0
9622,106.911111,,,,0
9623,106.922222,,,,0
9624,106.933333,,,,0
9625,106.944444,,,,0
9626,106.955556,,,,0
9627,106.966667,,,,0
9628,106.977778,,,,0
9629,106.988889,,,,0
9630,107.000000,,,,0
9631,107.011111,,,,0
9632,107.022222,,,,0
9633,107.033333,,,,0
9634,107.044444,,,,0
9635,107.055556,,,,0
9636,107.066667,,,,0
9637,107.077778,,,,0
9638,107.088889,,,,0
9639,107.100000,,,,0
9640,107.111111,,,,0
9641,107.122222,,,,0
9642,107.133333,,,,0
9643,107.144444,,,,0
9644,107.155556,,,,0
9645,107.166667,,,,0
9646,107.177778,,,,0
9647,107.188889,,,,0
9648,107.200000,,,,0
9649,107.211111,,,,0
9650,107.222222,,,,0
9651,107.233333,,,,0
9652,107.244444,,,,0
9653,107.255556,,,,0
9654,107.266667,,,,0
9655,107.277778,,,,0
9656,107.288889,,,,0
9657,107.300000,,,,0
9658,107.311111,,,,0
9659,107.322222,,,,0
9660,107.333333,,,,0
9661,107.344444,,,,0
9662,107.355556,,,,0
9663,107.366667,,,,0
9664,107.377778,,,,0
9665,107.388889,,,,0
9666,107.400000,,,,0
9667,107.411111,,,,0
9668,107.422222,,,,0
9669,107.433333,,,,0
9670,107.444444,,,,0
9671,107.455556,,,,0
9672,107.466667,,,,0
9673,107.477778,,,,0
9674,107.488889,,,,0
9675,107.500000,,,,0
9676,107.511111,,,,0
9677,107.522222,,,,0
9678,107.533333,,,,0
9679,107.544444,,,,0
9680,107.555556,,,,0
9681,107.566667,,,,0
9682,107.577778,,,,0
9683,107.588889,,,,0
9684,107.600000,,,,0
9685,107.611111,,,,0
9686,107.622222,,,,0
9687,107.633333,,,,0
9688,107.644444,,,,0
9689,107.655556,,,,0
9690,107.666667,,,,0
9691,107.677778,,,,0
9692,107.688889,,,,0
9693,107.700000,,,,0
9694,107.711111,,,,0
9695,107.722222,,,,0
9696,107.733333,,,,0
9697,107.744444,,,,0
9698,107.755556,,,,0
9699,107.766667,,,,0
9700,107.777778,,,,0
9701,107.788889,,,,0
9702,107.800000,,,,0
9703,107.811111,,,,0
9704,107.822222,,,,0
9705,107.833333,,,,0
9706,107.844444,,,,0
9707,107.855556,,,,0
9708,107.866667,,,,0
9709,107.877778,,,,0
9710,107.888889,,,,0
9711,107.900000,,,,0
9712,107.911111,,,,0
9713,107.922222,,,,0
9714,107.933333,,,,0
9715,107.944444,,,,0
9716,107.955556,,,,0
9717,107.966667,,,,0
9718,107.977778,,,,0
9719,107.988889,,,,0
9720,108.000000,,,,0
9721,108.011111,,,,0
9722,108.022222,,,,0
9723,108.033333,,,,0
9724,108.044444,,,,0
9725,108.055556,,,,0
9726,108.066667,,,,0
9727,108.077778,,,,0
9728,108.088889,,,,0
9729,108.100000,,,,0
9730,108.111111,,,,0
9731,108.122222,,,,0
9732,108.133333,,,,0
9733,108.144444,,,,0
9734,108.155556,,,,0
9735,108.166667,,,,0
9736,108.177778,,,,0
9737,108.188889,,,,0
9738,108.200000,,,,0
9739,108.211111,,,,0
9740,108.222222,,,,0
9741,108.233333,,,,0
9742,108.244444,,,,0
9743,108.255556,,,,0
9744,108.266667,,,,0
9745,108.277778,,,,0
9746,108.288889,,,,0
9747,108.300000,,,,0
9748,108.311111,,,,0
9749,108.322222,,,,0
9750,108.333333,,,,0
9751,108.344444,,,,0
9752,108.355556,,,,0
9753,108.366667,,,,0
9754,108.377778,,,,0
9755,108.388889,,,,0
9756,108.400000,,,,0
9757,108.411111,,,,0
9758,108.422222,,,,0
9759,108.433333,,,,0
9760,108.444444,,,,0
9761,108.455556,,,,0
9762,108.466667,,,,0
9763,108.477778,,,,0
9764,108.488889,,,,0
9765,108.500000,,,,0
9766,108.511111,,,,0
9767,108.522222,,,,0
9768,108.533333,,,,0
9769,108.544444,,,,0
9770,108.555556,,,,0
9771,108.566667,,,,0
9772,108.577778,,,,0
9773,108.588889,,,,0
9774,108.600000,,,,0
9775,108.611111,,,,0
9776,108.622222,,,,0
9777,108.633333,,,,0
9778,108.644444,,,,0
9779,108.655556,,,,0
9780,108.666667,,,,0
9781,108.677778,,,,0
9782,108.688889,,,,0
9783,108.700000,,,,0
9784,108.711111,,,,0
9785,108.722222,,,,0
9786,108.733333,,,,0
9787,108.744444,,,,0
9788,108.755556,,,,0
9789,108.766667,,,,0
9790,108.777778,,,,0
9791,108.788889,,,,0
9792,108.800000,,,,0
9793,108.811111,,,,0
9794,108.822222,,,,0
9795,108.833333,,,,0
9796,108.844444,,,,0
9797,108.855556,,,,0
9798,108.866667,,,,0
9799,108.877778,,,,0
9800,108.888889,,,,0
9801,108.900000,,,,0
9802,108.911111,,,,0
9803,108.922222,,,,0
9804,108.933333,,,,0
9805,108.944444,,,,0
9806,108.955556,,,,0
9807,108.966667,,,,0
9808,108.977778,,,,0
9809,108.988889,,,,0
9810,109.000000,,,,0
9811,109.011111,,,,0
9812,109.022222,,,,0
9813,109.033333,,,,0
9814,109.044444,,,,0
9815,109.055556,,,,0
9816,109.066667,,,,0
9817,109.077778,,,,0
9818,109.088889,,,,0
9819,109.100000,,,,0
9820,109.111111,,,,0
9821,109.122222,,,,0
9822,109.133333,,,,0
9823,109.144444,,,,0
9824,109.155556,,,,0
9825,109.166667,,,,0
9826,109.177778,,,,0
9827,109.188889,,,,0
9828,109.200000,,,,0
9829,109.211111,,,,0
9830,109.222222,,,,0
9831,109.233333,,,,0
9832,109.244444,,,,0
9833,109.255556,,,,0
9834,109.266667,,,,0
9835,109.277778,,,,0
9836,109.288889,,,,0
9837,109.300000,,,,0
9838,109.311111,,,,0
9839,109.322222,,,,0
9840,109.333333,,,,0
9841,109.344444,,,,0
9842,109.355556,,,,0
9843,109.366667,,,,0
9844,109.377778,,,,0
9845,109.388889,,,,0
9846,109.400000,,,,0
9847,109.411111,,,,0
9848,109.422222,,,,0
9849,109.433333,,,,0
9850,109.444444,,,,0
9851,109.455556,,,,0
9852,109.466667,,,,0
9853,109.477778,,,,0
9854,109.488889,,,,0
9855,109.500000,,,,0
9856,109.511111,,,,0
9857,109.522222,,,,0
9858,109.533333,,,,0
9859,109.544444,,,,0
9860,109.555556,,,,0
9861,109.566667,,,,0
9862,109.577778,,,,0
9863,109.588889,,,,0
9864,109.600000,,,,0
9865,109.611111,,,,0
9866,109.622222,,,,0
9867,109.633333,,,,0
9868,109.644444,,,,0
9869,109.655556,,,,0
9870,109.666667,,,,0
9871,109.677778,,,,0
9872,109.688889,,,,0
9873,109.700000,,,,0
9874,109.711111,,,,0
9875,109.722222,,,,0
9876,109.733333,,,,0
9877,109.744444,,,,0
9878,109.755556,,,,0
9879,109.766667,,,,0
9880,109.777778,,,,0
9881,109.788889,,,,0
9882,109.800000,,,,0
9883,109.811111,,,,0
9884,109.822222,,,,0
9885,109.833333,,,,0
9886,109.844444,,,,0
9887,109.855556,,,,0
9888,109.866667,,,,0
9889,109.877778,,,,0
9890,109.888889,,,,0
9891,109.900000,,,,0
9892,109.911111,,,,0
9893,109.922222,,,,0
9894,109.933333,,,,0
9895,109.944444,,,,0
9896,109.955556,,,,0
9897,109.966667,,,,0
9898,109.977778,,,,0
9899,109.988889,,,,0
9900,110.000000,,,,0
9901,110.011111,,,,0
9902,110.022222,,,,0
9903,110.033333,,,,0
9904,110.044444,,,,0
9905,110.055556,,,,0
9906,110.066667,,,,0
9907,110.077778,,,,0
9908,110.088889,,,,0
9909,110.100000,,,,0
9910,110.111111,,,,0
9911,110.122222,,,,0
9912,110.133333,,,,0
9913,110.144444,,,,0
9914,110.155556,,,,0
9915,110.166667,,,,0
9916,110.177778,,,,0
9917,110.188889,,,,0
9918,110.200000,,,,0
9919,110.211111,,,,0
9920,110.222222,,,,0
9921,110.233333,,,,0
9922,110.244444,,,,0
9923,110.255556,,,,0
9924,110.266667,,,,0
9925,110.277778,,,,0
9926,110.288889,,,,0
9927,110.300000,,,,0
9928,110.311111,,,,0
9929,110.322222,,,,0
9930,110.333333,,,,0
9931,110.344444,,,,0
9932,110.355556,,,,0
9933,110.366667,,,,0
9934,110.377778,,,,0
9935,110.388889,,,,0
9936,110.400000,,,,0
9937,110.411111,,,,0
9938,110.422222,,,,0
9939,110.433333,,,,0
9940,110.444444,,,,0
9941,110.455556,,,,0
9942,110.466667,,,,0
9943,110.477778,,,,0
9944,110.488889,,,,0
9945,110.500000,,,,0
9946,110.511111,,,,0
9947,110.522222,,,,0
9948,110.533333,,,,0
9949,110.544444,,,,0
9950,110.555556,,,,0
9951,110.566667,,,,0
9952,110.577778,,,,0
9953,110.588889,,,,0
9954,110.600000,,,,0
9955,110.611111,,,,0
9956,110.622222,,,,0
9957,110.633333,,,,0
9958,110.644444,,,,0
9959,110.655556,,,,0
9960,110.666667,,,,0
9961,110.677778,,,,0
9962,110.688889,,,,0
9963,110.700000,,,,0
9964,110.711111,,,,0
9965,110.722222,,,,0
9966,110.733333,,,,0
9967,110.744444,,,,0
9968,110.755556,,,,0
9969,110.766667,,,,0
9970,110.777778,,,,0
9971,110.788889,,,,0
9972,110.800000,,,,0
9973,110.811111,,,,0
9974,110.822222,,,,0
9975,110.833333,,,,0
9976,110.844444,,,,0
9977,110.855556,,,,0
9978,110.866667,,,,0
9979,110.877778,,,,0
9980,110.888889,,,,0
9981,110.900000,,,,0
9982,110.911111,,,,0
9983,110.922222,,,,0
9984,110.933333,,,,0
9985,110.944444,,,,0
9986,110.955556,,,,0
9987,110.966667,,,,0
9988,110.977778,,,,0
9989,110.988889,,,,0
9990,111.000000,,,,0
9991,111.011111,,,,0
9992,111.022222,,,,0
9993,111.033333,,,,0
9994,111.044444,,,,0
9995,111.055556,,,,0
9996,111.066667,,,,0
9997,111.077778,,,,0
9998,111.088889,-0.464230,0.877434,-0.804806,1
9999,111.100000,-0.464753,0.876903,-0.812607,1
10000,111.111111,-0.465383,0.876381,-0.820323,1
10001,111.122222,-0.466116,0.875808,-0.827866,1
10002,111.133333,-0.466910,0.875187,-0.835295,1
10003,111.144444,-0.467741,0.874457,-0.842528,1
10004,111.155556,-0.468581,0.873618,-0.849633,1
10005,111.166667,-0.469480,0.872643,-0.856575,1
10006,111.177778,-0.470340,0.871608,-0.863449,1
10007,111.188889,-0.471183,0.870425,-0.870155,1
10008,111.200000,-0.472078,0.869207,-0.876700,1
10009,111.211111,-0.473014,0.867795,-0.883054,1
10010,111.222222,-0.473976,0.866404,-0.889331,1
10011,111.233333,-0.475043,0.864916,-0.895473,1
10012,111.244444,-0.476256,0.863406,-0.901650,1
10013,111.255556,-0.477835,0.862273,-0.908166,1
10014,111.266667,-0.479787,0.861805,-0.914843,1
10015,111.277778,-0.481870,0.861611,-0.921468,1
10016,111.288889,-0.483916,0.861440,-0.927810,1
10017,111.300000,-0.485951,0.861545,-0.934171,1
10018,111.311111,-0.487988,0.862160,-0.940644,1
10019,111.322222,-0.489900,0.863052,-0.947073,1
10020,111.333333,-0.491796,0.864182,-0.953475,1
10021,111.344444,-0.493702,0.865595,-0.959874,1
10022,111.355556,-0.495653,0.867118,-0.966421,1
10023,111.366667,-0.497563,0.868567,-0.972939,1
10024,111.377778,-0.499433,0.870008,-0.979502,1
10025,111.388889,-0.501242,0.871279,-0.986177,1
10026,111.400000,-0.503051,0.872393,-0.992915,1
10027,111.411111,-0.504704,0.873319,-0.999688,1
10028,111.422222,-0.506501,0.873989,-1.006563,1
10029,111.433333,-0.508248,0.874519,-1.013465,1
10030,111.444444,-0.509831,0.875021,-1.020460,1
10031,111.455556,-0.511488,0.875243,-1.027594,1
10032,111.466667,-0.513065,0.875444,-1.034889,1
10033,111.477778,-0.514543,0.875744,-1.042247,1
10034,111.488889,-0.515961,0.876064,-1.049687,1
10035,111.500000,-0.517315,0.876478,-1.057174,1
10036,111.511111,-0.518596,0.877000,-1.064740,1
10037,111.522222,-0.519790,0.877503,-1.072312,1
10038,111.533333,-0.520944,0.878035,-1.079992,1
10039,111.544444,-0.522021,0.878794,-1.087607,1
10040,111.555556,-0.523104,0.879413,-1.095229,1
10041,111.566667,-0.524079,0.880112,-1.102805,1
10042,111.577778,-0.525121,0.880676,-1.110277,1
10043,111.588889,-0.526058,0.881302,-1.117747,1
10044,111.600000,-0.526955,0.881807,-1.125215,1
10045,111.611111,-0.528020,0.882193,-1.132630,1
10046,111.622222,-0.528798,0.882641,-1.139946,1
10047,111.633333,-0.529570,0.882954,-1.147265,1
10048,111.644444,-0.530037,0.883430,-1.154569,1
10049,111.655556,-0.530420,0.883874,-1.161678,1
10050,111.666667,-0.530824,0.884040,-1.168837,1
10051,111.677778,-0.531213,0.884075,-1.175959,1
10052,111.688889,-0.531620,0.883879,-1.183023,1
10053,111.700000,-0.531854,0.883781,-1.190139,1
10054,111.711111,-0.532276,0.883829,-1.197822,1
10055,111.722222,-0.532025,0.884106,-1.205387,1
10056,111.733333,-0.531761,0.884150,-1.212409,1
10057,111.744444,-0.531530,0.883945,-1.219204,1
10058,111.755556,-0.531268,0.883539,-1.225781,1
10059,111.766667,-0.530920,0.883243,-1.232332,1
10060,111.777778,-0.530438,0.883076,-1.238737,1
10061,111.788889,-0.529837,0.882843,-1.245045,1
10062,111.800000,-0.529069,0.882792,-1.251325,1
10063,111.811111,-0.528402,0.883360,-1.257551,1
10064,111.822222,-0.527452,0.883244,-1.263770,1
10065,111.833333,-0.526491,0.883075,-1.269771,1
10066,111.844444,-0.525444,0.882856,-1.275742,1
10067,111.855556,-0.524305,0.882515,-1.281623,1
10068,111.866667,-0.523040,0.882152,-1.287432,1
10069,111.877778,-0.521712,0.881722,-1.293114,1
10070,111.888889,-0.520409,0.881022,-1.298966,1
10071,111.900000,-0.520069,0.879266,-1.304623,1
10072,111.911111,-0.518348,0.877623,-1.307775,1
10073,111.922222,-0.516712,0.876752,-1.313106,1
10074,111.933333,-0.515006,0.875818,-1.318429,1
10075,111.944444,-0.513354,0.875465,-1.324782,1
10076,111.955556,-0.511750,0.874415,-1.330307,1
10077,111.966667,-0.509887,0.873359,-1.335891,1
10078,111.977778,-0.508099,0.872038,-1.341341,1
10079,111.988889,-0.506211,0.870648,-1.346678,1
10080,112.000000,-0.504338,0.869128,-1.351842,1
10081,112.011111,-0.502527,0.867546,-1.356990,1
10082,112.022222,-0.500672,0.865954,-1.362122,1
10083,112.033333,-0.498701,0.864370,-1.367335,1
10084,112.044444,-0.496697,0.862769,-1.372520,1
10085,112.055556,-0.494568,0.861208,-1.377881,1
10086,112.066667,-0.492290,0.860108,-1.383539,1
10087,112.077778,-0.490028,0.859473,-1.389175,1
10088,112.088889,-0.487716,0.859222,-1.394738,1
10089,112.100000,-0.485687,0.859198,-1.400059,1
10090,112.111111,-0.483284,0.859423,-1.405705,1
10091,112.122222,-0.480847,0.860167,-1.411335,1
10092,112.133333,-0.478416,0.861292,-1.416874,1
10093,112.144444,-0.475596,0.862672,-1.422968,1
10094,112.155556,-0.473171,0.864367,-1.428481,1
10095,112.166667,-0.470535,0.865986,-1.434133,1
10096,112.177778,-0.467958,0.867667,-1.439722,1
10097,112.188889,-0.465470,0.869259,-1.445372,1
10098,112.200000,-0.462926,0.870833,-1.450981,1
10099,112.211111,-0.460519,0.872284,-1.456291,1
10100,112.222222,-0.458457,0.873842,-1.461774,1
10101,112.233333,-0.456611,0.875527,-1.468253,1
10102,112.244444,-0.454999,0.876187,-1.474260,1
10103,112.255556,-0.452994,0.876823,-1.480592,1
10104,112.266667,-0.451741,0.876150,-1.486970,1
10105,112.277778,-0.449273,0.876909,-1.493426,1
10106,112.288889,-0.447150,0.877571,-1.499739,1
10107,112.300000,-0.445172,0.878045,-1.506269,1
10108,112.311111,-0.443160,0.878592,-1.512864,1
10109,112.322222,-0.440361,0.878770,-1.519058,1
10110,112.333333,-0.437673,0.878989,-1.525334,1
10111,112.344444,-0.435166,0.879193,-1.531756,1
10112,112.355556,-0.432516,0.880459,-1.539517,1
10113,112.366667,-0.430323,0.881018,-1.545947,1
10114,112.377778,-0.428255,0.881528,-1.552391,1
10115,112.388889,-0.426267,0.881948,-1.558856,1
10116,112.400000,-0.424480,0.882222,-1.565259,1
10117,112.411111,-0.422703,0.882338,-1.571308,1
10118,112.422222,-0.420882,0.882533,-1.577406,1
10119,112.433333,-0.419069,0.882741,-1.585092,1
10120,112.444444,-0.417250,0.882769,-1.591260,1
10121,112.455556,-0.415437,0.882713,-1.597327,1
10122,112.466667,-0.413803,0.882678,-1.603366,1
10123,112.477778,-0.412170,0.882535,-1.609208,1
10124,112.488889,-0.410554,0.882446,-1.615111,1
10125,112.500000,-0.409179,0.882446,-1.620982,1
10126,112.511111,-0.407648,0.882316,-1.626636,1
10127,112.522222,-0.406218,0.882203,-1.632207,1
10128,112.533333,-0.405004,0.882314,-1.637349,1
10129,112.544444,-0.403730,0.882503,-1.642439,1
10130,112.555556,-0.402660,0.882632,-1.647688,1
10131,112.566667,-0.401429,0.882634,-1.652962,1
10132,112.577778,-0.400537,0.882522,-1.657573,1
10133,112.588889,-0.399512,0.882263,-1.662655,1
10134,112.600000,-0.398747,0.882299,-1.667261,1
10135,112.611111,-0.398050,0.882344,-1.671813,1
10136,112.622222,-0.397438,0.882385,-1.676246,1
10137,112.633333,-0.396744,0.882338,-1.680694,1
10138,112.644444,-0.396156,0.882251,-1.684960,1
10139,112.655556,-0.395588,0.882037,-1.689120,1
10140,112.666667,-0.395060,0.881672,-1.693227,1
10141,112.677778,-0.394825,0.881165,-1.697263,1
10142,112.688889,-0.394408,0.880651,-1.701095,1
10143,112.700000,-0.394164,0.880044,-1.704896,1
10144,112.711111,-0.393928,0.879307,-1.708604,1
10145,112.722222,-0.393805,0.878433,-1.712263,1
10146,112.733333,-0.393653,0.877492,-1.715819,1
10147,112.744444,-0.393520,0.876496,-1.719317,1
10148,112.755556,-0.393436,0.875450,-1.722689,1
10149,112.766667,-0.393657,0.874119,-1.726251,1
10150,112.777778,-0.393280,0.873048,-1.729136,1
10151,112.788889,-0.393306,0.872046,-1.732515,1
10152,112.800000,-0.394702,0.871196,-1.736196,1
10153,112.811111,-0.396903,0.870712,-1.740427,1
10154,112.822222,-0.398244,0.870263,-1.744235,1
10155,112.833333,-0.399149,0.869732,-1.748023,1
10156,112.844444,-0.400077,0.869352,-1.751665,1
10157,112.855556,-0.400847,0.869180,-1.755205,1
10158,112.866667,-0.401253,0.869163,-1.758958,1
10159,112.877778,-0.402212,0.868968,-1.762803,1
10160,112.888889,-0.403117,0.868980,-1.767390,1
10161,112.900000,-0.403741,0.868962,-1.772153,1
10162,112.911111,-0.404521,0.869229,-1.776926,1
10163,112.922222,-0.404022,0.869676,-1.780930,1
10164,112.933333,-0.403819,0.870169,-1.784118,1
10165,112.944444,-0.403391,0.870832,-1.787234,1
10166,112.955556,-0.402964,0.871646,-1.790475,1
10167,112.966667,-0.402401,0.872512,-1.793626,1
10168,112.977778,-0.401695,0.873589,-1.796530,1
10169,112.988889,-0.401948,0.875341,-1.798337,1
10170,113.000000,-0.401196,0.876730,-1.802285,1
10171,113.011111,-0.400954,0.877030,-1.807114,1
10172,113.022222,-0.400100,0.877890,-1.810760,1
10173,113.033333,-0.399394,0.878445,-1.814361,1
10174,113.044444,-0.398506,0.879068,-1.818086,1
10175,113.055556,-0.397759,0.879579,-1.821872,1
10176,113.066667,-0.396751,0.880061,-1.825657,1
10177,113.077778,-0.395598,0.880420,-1.829403,1
10178,113.088889,-0.394376,0.880577,-1.832963,1
10179,113.100000,-0.392849,0.880970,-1.836188,1
10180,113.111111,-0.391464,0.881340,-1.839663,1
10181,113.122222,-0.390283,0.881389,-1.843179,1
10182,113.133333,-0.389182,0.881856,-1.846128,1
10183,113.144444,-0.387610,0.882524,-1.849193,1
10184,113.155556,-0.387909,0.882676,-1.855499,1
10185,113.166667,-0.385785,0.883013,-1.858036,1
10186,113.177778,-0.384644,0.883782,-1.860864,1
10187,113.188889,-0.383791,0.884523,-1.863739,1
10188,113.200000,-0.382989,0.885185,-1.866796,1
10189,113.211111,-0.382287,0.885649,-1.870000,1
10190,113.222222,-0.381460,0.886100,-1.873150,1
10191,113.233333,-0.380476,0.886519,-1.876057,1
10192,113.244444,-0.379419,0.887017,-1.878870,1
10193,113.255556,-0.378654,0.887240,-1.881376,1
10194,113.266667,-0.377312,0.887459,-1.883288,1
10195,113.277778,-0.375947,0.887910,-1.885488,1
10196,113.288889,-0.374453,0.887801,-1.887039,1
10197,113.300000,-0.372873,0.888123,-1.889262,1
10198,113.311111,-0.370803,0.887779,-1.890362,1
10199,113.322222,-0.370572,0.887288,-1.889642,1
10200,113.333333,-0.369668,0.886710,-1.889892,1
10201,113.344444,-0.367704,0.886114,-1.890878,1
10202,113.355556,-0.366085,0.885697,-1.891911,1
10203,113.366667,-0.364534,0.885315,-1.892985,1
10204,113.377778,-0.363067,0.885016,-1.894067,1
10205,113.388889,-0.361442,0.884788,-1.894970,1
10206,113.400000,-0.359750,0.884416,-1.895909,1
10207,113.411111,-0.358566,0.884390,-1.896695,1
10208,113.422222,-0.357534,0.884607,-1.897225,1
10209,113.433333,-0.356493,0.884790,-1.898055,1
10210,113.444444,-0.355181,0.884790,-1.898852,1
10211,113.455556,-0.353754,0.884362,-1.899910,1
10212,113.466667,-0.351977,0.884043,-1.900624,1
10213,113.477778,-0.350038,0.883680,-1.901314,1
10214,113.488889,-0.348005,0.883358,-1.902003,1
10215,113.500000,-0.345383,0.882698,-1.902726,1
10216,113.511111,-0.342321,0.882009,-1.903181,1
10217,113.522222,-0.338854,0.880946,-1.903536,1
10218,113.533333,-0.335819,0.880187,-1.903836,1
10219,113.544444,-0.332448,0.879963,-1.904479,1
10220,113.555556,-0.329217,0.879417,-1.904854,1
10221,113.566667,-0.326201,0.878796,-1.905149,1
10222,113.577778,-0.322030,0.877582,-1.905100,1
10223,113.588889,-0.318963,0.877153,-1.905384,1
10224,113.600000,-0.316405,0.876779,-1.905551,1
10225,113.611111,-0.313377,0.876528,-1.905659,1
10226,113.622222,-0.309897,0.876348,-1.905727,1
10227,113.633333,-0.306797,0.876241,-1.905867,1
10228,113.644444,-0.303683,0.876286,-1.906054,1
10229,113.655556,-0.299931,0.876535,-1.906114,1
10230,113.666667,-0.296555,0.876755,-1.906377,1
10231,113.677778,-0.293464,0.877067,-1.906585,1
10232,113.688889,-0.289809,0.877191,-1.906644,1
10233,113.700000,-0.286407,0.877370,-1.906812,1
10234,113.711111,-0.283258,0.877551,-1.907088,1
10235,113.722222,-0.279537,0.877594,-1.907212,1
10236,113.733333,-0.276180,0.877641,-1.907385,1
10237,113.744444,-0.272972,0.877802,-1.907744,1
10238,113.755556,-0.269368,0.877706,-1.907930,1
10239,113.766667,-0.266061,0.877764,-1.908166,1
10240,113.777778,-0.262881,0.877897,-1.908569,1
10241,113.788889,-0.259419,0.877845,-1.908686,1
10242,113.800000,-0.256468,0.877533,-1.906778,1
10243,113.811111,-0.253701,0.877689,-1.906981,1
10244,113.822222,-0.250250,0.877880,-1.907077,1
10245,113.833333,-0.247327,0.878130,-1.907385,1
10246,113.844444,-0.244672,0.878372,-1.907637,1
10247,113.855556,-0.241411,0.878503,-1.907805,1
10248,113.866667,-0.238704,0.878658,-1.908567,1
10249,113.877778,-0.236095,0.878758,-1.909013,1
10250,113.888889,-0.233507,0.878848,-1.909619,1
10251,113.900000,-0.229714,0.878801,-1.911366,1
10252,113.911111,-0.227275,0.878890,-1.911817,1
10253,113.922222,-0.225049,0.878893,-1.912322,1
10254,113.933333,-0.222467,0.878721,-1.912829,1
10255,113.944444,-0.219804,0.878879,-1.912934,1
10256,113.955556,-0.216993,0.878997,-1.912953,1
10257,113.966667,-0.214063,0.879009,-1.913098,1
10258,113.977778,-0.211048,0.879259,-1.913260,1
10259,113.988889,-0.208036,0.879315,-1.913533,1
10260,114.000000,-0.205352,0.879427,-1.913921,1
10261,114.011111,-0.202894,0.879457,-1.914479,1
10262,114.022222,-0.200241,0.879412,-1.915187,1
10263,114.033333,-0.198461,0.879422,-1.915470,1
10264,114.044444,-0.196642,0.879222,-1.915818,1
10265,114.055556,-0.195081,0.879017,-1.916160,1
10266,114.066667,-0.193701,0.878734,-1.916510,1
10267,114.077778,-0.192481,0.878176,-1.916968,1
10268,114.088889,-0.190745,0.876695,-1.917071,1
10269,114.100000,-0.189753,0.876117,-1.917317,1
10270,114.111111,-0.188794,0.875622,-1.917650,1
10271,114.122222,-0.187983,0.875115,-1.918011,1
10272,114.133333,-0.187321,0.874569,-1.918242,1
10273,114.144444,-0.186989,0.874032,-1.918379,1
10274,114.155556,-0.187177,0.873655,-1.918509,1
10275,114.166667,-0.187566,0.873255,-1.919370,1
10276,114.177778,-0.191571,0.874454,-1.920488,1
10277,114.188889,-0.192490,0.875003,-1.921220,1
10278,114.200000,-0.192863,0.875537,-1.921646,1
10279,114.211111,-0.193382,0.875932,-1.922014,1
10280,114.222222,-0.193782,0.876314,-1.922467,1
10281,114.233333,-0.193716,0.876851,-1.922687,1
10282,114.244444,-0.193968,0.877052,-1.922733,1
10283,114.255556,-0.194292,0.877211,-1.922855,1
10284,114.266667,-0.194702,0.877367,-1.923068,1
10285,114.277778,-0.195162,0.877403,-1.923434,1
10286,114.288889,-0.195490,0.877348,-1.923760,1
10287,114.300000,-0.196078,0.877339,-1.924174,1
10288,114.311111,-0.196525,0.877246,-1.924596,1
10289,114.322222,-0.196728,0.877127,-1.925058,1
10290,114.333333,-0.197311,0.877258,-1.925503,1
10291,114.344444,-0.197704,0.877288,-1.925859,1
10292,114.355556,-0.197924,0.877285,-1.926273,1
10293,114.366667,-0.198402,0.877446,-1.926634,1
10294,114.377778,-0.198760,0.877582,-1.926988,1
10295,114.388889,-0.198986,0.877559,-1.927419,1
10296,114.400000,-0.199485,0.877801,-1.927749,1
10297,114.411111,-0.200086,0.877649,-1.927836,1
10298,114.422222,-0.200349,0.877740,-1.928638,1
10299,114.433333,-0.200802,0.877903,-1.928918,1
10300,114.444444,-0.201209,0.877961,-1.929250,1
10301,114.455556,-0.201377,0.877915,-1.929615,1
10302,114.466667,-0.201904,0.878039,-1.929848,1
10303,114.477778,-0.202232,0.878095,-1.930141,1
10304,114.488889,-0.202505,0.877902,-1.930631,1
10305,114.500000,-0.203098,0.877960,-1.930873,1
10306,114.511111,-0.203560,0.877945,-1.931229,1
10307,114.522222,-0.203665,0.877815,-1.931733,1
10308,114.533333,-0.203630,0.877874,-1.932603,1
10309,114.544444,-0.203214,0.877875,-1.933506,1
10310,114.555556,-0.202768,0.878025,-1.934252,1
10311,114.566667,-0.202881,0.878137,-1.934822,1
10312,114.577778,-0.203205,0.878199,-1.935307,1
10313,114.588889,-0.203506,0.878297,-1.935825,1
10314,114.600000,-0.203749,0.878457,-1.936285,1
10315,114.611111,-0.203923,0.878394,-1.936823,1
10316,114.622222,-0.204048,0.878963,-1.937439,1
10317,114.633333,-0.204087,0.878835,-1.937915,1
10318,114.644444,-0.204003,0.878618,-1.938312,1
10319,114.655556,-0.203962,0.878277,-1.938701,1
10320,114.666667,-0.203522,0.877810,-1.939156,1
10321,114.677778,-0.203244,0.877497,-1.939563,1
10322,114.688889,-0.202736,0.877164,-1.939873,1
10323,114.700000,-0.202096,0.876806,-1.940052,1
10324,114.711111,-0.201593,0.876452,-1.940161,1
10325,114.722222,-0.200022,0.876178,-1.939963,1
10326,114.733333,-0.198611,0.876121,-1.939620,1
10327,114.744444,-0.196821,0.876271,-1.939189,1
10328,114.755556,-0.196196,0.876572,-1.938713,1
10329,114.766667,-0.195471,0.876453,-1.938513,1
10330,114.777778,-0.194000,0.876155,-1.937415,1
10331,114.788889,-0.190833,0.877053,-1.936756,1
10332,114.800000,-0.189719,0.877243,-1.935923,1
10333,114.811111,-0.189647,0.875489,-1.934648,1
10334,114.822222,-0.186743,0.876221,-1.934269,1
10335,114.833333,-0.183925,0.875804,-1.934741,1
10336,114.844444,-0.181394,0.875180,-1.934382,1
10337,114.855556,-0.178484,0.874557,-1.933825,1
10338,114.866667,-0.176247,0.873747,-1.933167,1
10339,114.877778,-0.173986,0.872812,-1.932857,1
10340,114.888889,-0.170481,0.871688,-1.932257,1
10341,114.900000,-0.167199,0.870925,-1.931604,1
10342,114.911111,-0.164379,0.870381,-1.931944,1
10343,114.922222,-0.159859,0.870795,-1.931944,1
10344,114.933333,-0.158320,0.871193,-1.931476,1
10345,114.944444,-0.155961,0.871565,-1.931804,1
10346,114.955556,-0.153745,0.871691,-1.931500,1
10347,114.966667,-0.151335,0.871912,-1.931432,1
10348,114.977778,-0.150304,0.872690,-1.931246,1
10349,114.988889,-0.148151,0.873167,-1.931312,1
10350,115.000000,-0.146196,0.873310,-1.931385,1
10351,115.011111,-0.144024,0.873244,-1.931598,1
10352,115.022222,-0.141737,0.872720,-1.931731,1
10353,115.033333,-0.138762,0.872727,-1.932000,1
10354,115.044444,-0.135707,0.872694,-1.932138,1
10355,115.055556,-0.132490,0.873572,-1.932420,1
10356,115.066667,-0.127998,0.873520,-1.931919,1
10357,115.077778,-0.124578,0.873487,-1.932091,1
10358,115.088889,-0.121504,0.872295,-1.933379,1
10359,115.100000,-0.117907,0.872614,-1.933843,1
10360,115.111111,-0.114538,0.872972,-1.934296,1
10361,115.122222,-0.111290,0.873610,-1.934841,1
10362,115.133333,-0.107888,0.874446,-1.935418,1
10363,115.144444,-0.104536,0.875391,-1.936046,1
10364,115.155556,-0.100913,0.876426,-1.936638,1
10365,115.166667,-0.098387,0.876656,-1.936915,1
10366,115.177778,-0.096662,0.876950,-1.940228,1
10367,115.188889,-0.093757,0.877458,-1.941565,1
10368,115.200000,-0.090347,0.876916,-1.942666,1
10369,115.211111,-0.085115,0.877193,-1.944788,1
10370,115.222222,-0.083075,0.877202,-1.945672,1
10371,115.233333,-0.082186,0.877576,-1.946927,1
10372,115.244444,-0.080054,0.877856,-1.948486,1
10373,115.255556,-0.077858,0.877806,-1.949976,1
10374,115.266667,-0.074936,0.877708,-1.951587,1
10375,115.277778,-0.071477,0.876489,-1.951687,1
10376,115.288889,-0.068560,0.876189,-1.952883,1
10377,115.300000,-0.065667,0.875837,-1.954106,1
10378,115.311111,-0.062863,0.875275,-1.955184,1
10379,115.322222,-0.060545,0.874312,-1.955876,1
10380,115.333333,-0.058054,0.873929,-1.956787,1
10381,115.344444,-0.054890,0.873575,-1.958106,1
10382,115.355556,-0.051893,0.873491,-1.959114,1
10383,115.366667,-0.049017,0.873227,-1.960043,1
10384,115.377778,-0.045840,0.873483,-1.960933,1
10385,115.388889,-0.042876,0.873501,-1.961712,1
10386,115.400000,-0.039995,0.873362,-1.962690,1
10387,115.411111,-0.037279,0.873187,-1.963666,1
10388,115.422222,-0.034762,0.872892,-1.964670,1
10389,115.433333,-0.032168,0.872523,-1.965671,1
10390,115.444444,-0.029882,0.872214,-1.966967,1
10391,115.455556,-0.027944,0.872432,-1.967134,1
10392,115.466667,-0.027652,0.872525,-1.964315,1
10393,115.477778,-0.027801,0.871955,-1.964865,1
10394,115.488889,-0.027252,0.871137,-1.967113,1
10395,115.500000,-0.024569,0.871472,-1.968813,1
10396,115.511111,-0.022490,0.871707,-1.970623,1
10397,115.522222,-0.020085,0.871535,-1.972768,1
10398,115.533333,-0.018074,0.871786,-1.974885,1
10399,115.544444,-0.016171,0.872045,-1.977366,1
10400,115.555556,-0.014288,0.872402,-1.979907,1
10401,115.566667,-0.011030,0.872109,-1.981684,1
10402,115.577778,-0.007760,0.872413,-1.983307,1
10403,115.588889,-0.004602,0.873132,-1.985499,1
10404,115.600000,-0.001555,0.873903,-1.987761,1
10405,115.611111,0.001151,0.874452,-1.989757,1
10406,115.622222,0.003323,0.874888,-1.991595,1
10407,115.633333,0.005920,0.875360,-1.993306,1
10408,115.644444,0.007798,0.875512,-1.995526,1
10409,115.655556,0.009049,0.875112,-1.996383,1
10410,115.666667,0.010657,0.875475,-1.997948,1
10411,115.677778,0.011863,0.876133,-1.999567,1
10412,115.688889,0.012880,0.876840,-2.001386,1
10413,115.700000,0.014232,0.877582,-2.003201,1
10414,115.711111,0.015681,0.878302,-2.004904,1
10415,115.722222,0.017141,0.879046,-2.006506,1
10416,115.733333,0.018244,0.879729,-2.008050,1
10417,115.744444,0.019684,0.880172,-2.009660,1
10418,115.755556,0.020773,0.880682,-2.011030,1
10419,115.766667,0.021958,0.881105,-2.011791,1
10420,115.777778,0.022799,0.881556,-2.012824,1
10421,115.788889,0.023631,0.882008,-2.013781,1
10422,115.800000,0.024129,0.882313,-2.014851,1
10423,115.811111,0.024423,0.882239,-2.016012,1
10424,115.822222,0.024185,0.882285,-2.017760,1
10425,115.833333,0.024327,0.882293,-2.018758,1
10426,115.844444,0.024153,0.882126,-2.019906,1
10427,115.855556,0.023989,0.882003,-2.020884,1
10428,115.866667,0.024019,0.881851,-2.021752,1
10429,115.877778,0.023694,0.881323,-2.023057,1
10430,115.888889,0.024746,0.881101,-2.025952,1
10431,115.900000,0.024769,0.880696,-2.027032,1
10432,115.911111,0.024438,0.879945,-2.028146,1
10433,115.922222,0.024757,0.879415,-2.028625,1
10434,115.933333,0.024523,0.878828,-2.029341,1
10435,115.944444,0.024448,0.878068,-2.030217,1
10436,115.955556,0.024096,0.877354,-2.030521,1
10437,115.966667,0.023842,0.876662,-2.030442,1
10438,115.977778,0.023595,0.876065,-2.030287,1
10439,115.988889,0.023981,0.876035,-2.028850,1
10440,116.000000,0.023517,0.875853,-2.030298,1
10441,116.011111,0.022873,0.875518,-2.030140,1
10442,116.022222,0.022168,0.875308,-2.029983,1
10443,116.033333,0.021569,0.875335,-2.029670,1
10444,116.044444,0.021025,0.875480,-2.029212,1
10445,116.055556,0.020612,0.875663,-2.028661,1
10446,116.066667,0.020166,0.875833,-2.028120,1
10447,116.077778,0.019638,0.875977,-2.027503,1
10448,116.088889,0.018861,0.875905,-2.027071,1
10449,116.100000,0.018385,0.875905,-2.026403,1
10450,116.111111,0.017840,0.875753,-2.025629,1
10451,116.122222,0.017202,0.875450,-2.024854,1
10452,116.133333,0.016453,0.875112,-2.024022,1
10453,116.144444,0.015636,0.874705,-2.023219,1
10454,116.155556,0.014820,0.874320,-2.022285,1
10455,116.166667,0.013903,0.873982,-2.021323,1
10456,116.177778,0.012917,0.873603,-2.020536,1
10457,116.188889,0.011983,0.873421,-2.019511,1
10458,116.200000,0.010941,0.873280,-2.018437,1
10459,116.211111,0.010020,0.873154,-2.017453,1
10460,116.222222,0.008939,0.873026,-2.016465,1
10461,116.233333,0.007891,0.872958,-2.015445,1
10462,116.244444,0.006950,0.873002,-2.014240,1
10463,116.255556,0.005914,0.872939,-2.013244,1
10464,116.266667,0.005094,0.873069,-2.012065,1
10465,116.277778,0.004283,0.873619,-2.010189,1
10466,116.288889,0.003257,0.873939,-2.008769,1
10467,116.300000,0.002167,0.874125,-2.007242,1
10468,116.311111,0.001210,0.874240,-2.005515,1
10469,116.322222,0.000453,0.874292,-2.003937,1
10470,116.333333,-0.000364,0.874031,-2.002524,1
10471,116.344444,-0.001067,0.873829,-2.001037,1
10472,116.355556,-0.001591,0.873621,-1.999639,1
10473,116.366667,-0.002060,0.873369,-1.998070,1
10474,116.377778,-0.002486,0.873012,-1.996668,1
10475,116.388889,-0.002814,0.872789,-1.995157,1
10476,116.400000,-0.003118,0.872592,-1.993850,1
10477,116.411111,-0.003318,0.872558,-1.992554,1
10478,116.422222,-0.003575,0.872694,-1.991289,1
10479,116.433333,-0.003914,0.872850,-1.990119,1
10480,116.444444,-0.004266,0.872713,-1.989306,1
10481,116.455556,-0.004353,0.873028,-1.988197,1
10482,116.466667,-0.004843,0.874535,-1.986752,1
10483,116.477778,-0.004752,0.875070,-1.985600,1
10484,116.488889,-0.004552,0.875664,-1.984461,1
10485,116.500000,-0.004362,0.876233,-1.983150,1
10486,116.511111,-0.004032,0.876613,-1.981948,1
10487,116.522222,-0.003606,0.876953,-1.980798,1
10488,116.533333,-0.003156,0.877137,-1.979695,1
10489,116.544444,-0.002446,0.877187,-1.978641,1
10490,116.555556,-0.001763,0.877329,-1.977490,1
10491,116.566667,-0.000971,0.877323,-1.976378,1
10492,116.577778,-0.000088,0.877287,-1.975260,1
10493,116.588889,0.000665,0.877060,-1.974249,1
10494,116.600000,0.001448,0.876699,-1.973257,1
10495,116.611111,0.002263,0.876135,-1.972419,1
10496,116.622222,0.002919,0.875642,-1.971343,1
10497,116.633333,0.003429,0.875083,-1.970654,1
10498,116.644444,0.003995,0.874891,-1.970512,1
10499,116.655556,0.005233,0.874594,-1.970676,1
10500,116.666667,0.006607,0.874655,-1.970583,1
10501,116.677778,0.007786,0.874689,-1.970524,1
10502,116.688889,0.009030,0.874868,-1.970360,1
10503,116.700000,0.010573,0.875217,-1.970389,1
10504,116.711111,0.012145,0.875679,-1.970287,1
10505,116.722222,0.013743,0.876130,-1.970281,1
10506,116.733333,0.015304,0.876604,-1.970347,1
10507,116.744444,0.016898,0.876978,-1.970283,1
10508,116.755556,0.018563,0.877219,-1.970329,1
10509,116.766667,0.020101,0.877517,-1.970272,1
10510,116.777778,0.021659,0.877727,-1.970171,1
10511,116.788889,0.023708,0.877625,-1.970083,1
10512,116.800000,0.025170,0.877704,-1.969991,1
10513,116.811111,0.026244,0.877765,-1.970045,1
10514,116.822222,0.027647,0.877744,-1.969924,1
10515,116.833333,0.028931,0.877758,-1.969805,1
10516,116.844444,0.030239,0.877845,-1.969670,1
10517,116.855556,0.031430,0.877776,-1.969608,1
10518,116.866667,0.032575,0.877893,-1.969464,1
10519,116.877778,0.033717,0.877982,-1.969351,1
10520,116.888889,0.034709,0.877987,-1.969283,1
10521,116.900000,0.035598,0.877891,-1.969309,1
10522,116.911111,0.036620,0.877974,-1.969137,1
10523,116.922222,0.037569,0.877891,-1.969176,1
10524,116.933333,0.038375,0.877860,-1.969076,1
10525,116.944444,0.039236,0.877813,-1.969140,1
10526,116.955556,0.042696,0.877833,-1.970931,1
10527,116.966667,0.043475,0.877678,-1.970940,1
10528,116.977778,0.044097,0.877414,-1.971024,1
10529,116.988889,0.044825,0.877266,-1.970785,1
10530,117.000000,0.045393,0.876965,-1.970855,1
10531,117.011111,0.045881,0.876673,-1.970918,1
10532,117.022222,0.046379,0.876365,-1.970911,1
10533,117.033333,0.046812,0.876001,-1.970932,1
10534,117.044444,0.047563,0.876110,-1.970988,1
10535,117.055556,0.047872,0.875933,-1.970985,1
10536,117.066667,0.048192,0.875774,-1.970975,1
10537,117.077778,0.048471,0.875693,-1.970896,1
10538,117.088889,0.048749,0.875681,-1.970856,1
10539,117.100000,0.049001,0.875786,-1.970690,1
10540,117.111111,0.049222,0.875938,-1.970615,1
10541,117.122222,0.049403,0.876071,-1.970473,1
10542,117.133333,0.049539,0.876190,-1.970473,1
10543,117.144444,0.049752,0.876315,-1.970455,1
10544,117.155556,0.049862,0.876343,-1.970355,1
10545,117.166667,0.049998,0.876354,-1.970293,1
10546,117.177778,0.050095,0.876299,-1.970160,1
10547,117.188889,0.050092,0.876147,-1.970009,1
10548,117.200000,0.050074,0.875993,-1.969943,1
10549,117.211111,0.050094,0.875860,-1.969846,1
10550,117.222222,0.050048,0.875740,-1.969730,1
10551,117.233333,0.049988,0.875637,-1.969670,1
10552,117.244444,0.049896,0.875518,-1.969602,1
10553,117.255556,0.049814,0.875429,-1.969581,1
10554,117.266667,0.049671,0.875389,-1.969545,1
10555,117.277778,0.049511,0.875343,-1.969502,1
10556,117.288889,0.049379,0.875294,-1.969531,1
10557,117.300000,0.049234,0.875286,-1.969532,1
10558,117.311111,0.049051,0.875324,-1.969479,1
10559,117.322222,0.048891,0.875312,-1.969456,1
10560,117.333333,0.048737,0.875287,-1.969388,1
10561,117.344444,0.048528,0.875343,-1.969358,1
10562,117.355556,0.048419,0.875349,-1.969337,1
10563,117.366667,0.048248,0.875390,-1.969281,1
10564,117.377778,0.048488,0.875161,-1.969081,1
10565,117.388889,0.048027,0.875187,-1.969199,1
10566,117.400000,0.047858,0.875163,-1.969175,1
10567,117.411111,0.047744,0.875106,-1.969196,1
10568,117.422222,0.047600,0.875109,-1.969168,1
10569,117.433333,0.047523,0.875070,-1.969162,1
10570,117.444444,0.047399,0.874996,-1.969199,1
10571,117.455556,0.047281,0.874983,-1.969193,1
10572,117.466667,0.047201,0.875016,-1.969174,1
10573,117.477778,0.047108,0.875000,-1.969127,1
10574,117.488889,0.047056,0.874969,-1.969121,1
10575,117.500000,0.046970,0.874979,-1.969084,1
10576,117.511111,0.046845,0.874928,-1.969116,1
10577,117.522222,0.046761,0.874913,-1.969130,1
10578,117.533333,0.046720,0.874891,-1.969139,1
10579,117.544444,0.046679,0.874877,-1.969109,1
10580,117.555556,0.046639,0.874926,-1.969061,1
10581,117.566667,0.046609,0.874870,-1.969067,1
10582,117.577778,0.046581,0.874860,-1.969035,1
10583,117.588889,0.046548,0.874869,-1.968974,1
10584,117.600000,0.046538,0.874873,-1.968956,1
10585,117.611111,0.046508,0.874851,-1.968966,1
10586,117.622222,0.046455,0.874869,-1.968953,1
10587,117.633333,0.046463,0.874850,-1.968931,1
10588,117.644444,0.046429,0.874806,-1.968902,1
10589,117.655556,0.046411,0.874793,-1.968909,1
10590,117.666667,0.046397,0.874734,-1.968940,1
10591,117.677778,0.046384,0.874745,-1.968873,1
10592,117.688889,0.046356,0.874755,-1.968828,1
10593,117.700000,0.046325,0.874694,-1.968849,1
10594,117.711111,0.046309,0.874688,-1.968885,1
10595,117.722222,0.046283,0.874686,-1.968853,1
10596,117.733333,0.046242,0.874684,-1.968884,1
10597,117.744444,0.046224,0.874664,-1.968896,1
10598,117.755556,0.046203,0.874650,-1.968927,1
10599,117.766667,0.046107,0.874614,-1.968994,1
10600,117.777778,0.046077,0.874640,-1.968997,1
10601,117.788889,0.045978,0.874620,-1.969037,1
10602,117.800000,0.045933,0.874612,-1.969094,1
10603,117.811111,0.045865,0.874585,-1.969106,1
10604,117.822222,0.045768,0.874565,-1.969140,1
10605,117.833333,0.045689,0.874549,-1.969186,1
10606,117.844444,0.045605,0.874561,-1.969239,1
10607,117.855556,0.045521,0.874563,-1.969276,1
10608,117.866667,0.045391,0.874508,-1.969357,1
10609,117.877778,0.045284,0.874507,-1.969441,1
10610,117.888889,0.045184,0.874458,-1.969507,1
10611,117.900000,0.045094,0.874435,-1.969601,1
10612,117.911111,0.044985,0.874435,-1.969694,1
10613,117.922222,0.044876,0.874480,-1.969728,1
10614,117.933333,0.044753,0.874430,-1.969807,1
10615,117.944444,0.044642,0.874418,-1.969896,1
10616,117.955556,0.044541,0.874432,-1.969985,1
10617,117.966667,0.044422,0.874426,-1.970094,1
10618,117.977778,0.044400,0.874404,-1.970182,1
10619,117.988889,0.044280,0.874422,-1.970303,1
10620,118.000000,0.044221,0.874373,-1.970469,1
10621,118.011111,0.044104,0.874328,-1.970556,1
10622,118.022222,0.044009,0.874384,-1.970642,1
10623,118.033333,0.043948,0.874335,-1.970773,1
10624,118.044444,0.043885,0.874298,-1.970884,1
10625,118.055556,0.043804,0.874253,-1.970986,1
10626,118.066667,0.043740,0.874235,-1.971075,1
10627,118.077778,0.043668,0.874209,-1.971167,1
10628,118.088889,0.043601,0.874210,-1.971283,1
10629,118.100000,0.043570,0.874196,-1.971393,1
10630,118.111111,0.043518,0.874176,-1.971466,1
10631,118.122222,0.043478,0.874188,-1.971546,1
10632,118.133333,0.043484,0.874210,-1.971682,1
10633,118.144444,0.043463,0.874171,-1.971765,1
10634,118.155556,0.043424,0.874143,-1.971873,1
10635,118.166667,0.043423,0.874165,-1.971976,1
10636,118.177778,0.043425,0.874149,-1.972087,1
10637,118.188889,0.043423,0.874177,-1.972130,1
10638,118.200000,0.043445,0.874180,-1.972195,1
10639,118.211111,0.043445,0.874150,-1.972324,1
10640,118.222222,0.043469,0.874128,-1.972392,1
10641,118.233333,0.043459,0.874121,-1.972449,1
10642,118.244444,0.043478,0.874103,-1.972511,1
10643,118.255556,0.043495,0.874122,-1.972612,1
10644,118.266667,0.043555,0.874136,-1.972652,1
10645,118.277778,0.043574,0.874127,-1.972667,1
10646,118.288889,0.043583,0.874074,-1.972735,1
10647,118.300000,0.043598,0.874092,-1.972778,1
10648,118.311111,0.043618,0.874078,-1.972781,1
10649,118.322222,0.043634,0.874057,-1.972804,1
10650,118.333333,0.043684,0.874048,-1.972838,1
10651,118.344444,0.043730,0.874066,-1.972876,1
10652,118.355556,0.043755,0.874080,-1.972869,1
10653,118.366667,0.043752,0.874043,-1.972858,1
10654,118.377778,0.043770,0.874025,-1.972875,1
10655,118.388889,0.043825,0.874068,-1.972861,1
10656,118.400000,0.043858,0.874041,-1.972867,1
10657,118.411111,0.043877,0.873997,-1.972840,1
10658,118.422222,0.043894,0.873994,-1.972825,1
10659,118.433333,0.043922,0.873995,-1.972772,1
10660,118.444444,0.043949,0.873950,-1.972780,1
10661,118.455556,0.044006,0.874031,-1.972707,1
10662,118.466667,0.044063,0.873981,-1.972703,1
10663,118.477778,0.044064,0.874006,-1.972629,1
10664,118.488889,0.044099,0.873959,-1.972563,1
10665,118.500000,0.044153,0.873950,-1.972487,1
10666,118.511111,0.044241,0.873946,-1.972454,1
10667,118.522222,0.044280,0.873967,-1.972410,1
10668,118.533333,0.044332,0.873973,-1.972319,1
10669,118.544444,0.044350,0.873945,-1.972275,1
10670,118.555556,0.044414,0.873940,-1.972206,1
10671,118.566667,0.044462,0.873902,-1.972141,1
10672,118.577778,0.044462,0.873940,-1.972043,1
10673,118.588889,0.044523,0.873977,-1.971950,1
10674,118.600000,0.044618,0.873966,-1.971895,1
10675,118.611111,0.044697,0.874001,-1.971847,1
10676,118.622222,0.044748,0.873963,-1.971820,1
10677,118.633333,0.044814,0.873960,-1.971774,1
10678,118.644444,0.044862,0.873976,-1.971689,1
10679,118.655556,0.044958,0.874002,-1.971658,1
10680,118.666667,0.044978,0.874019,-1.971569,1
10681,118.677778,0.045051,0.874001,-1.971522,1
10682,118.688889,0.045109,0.873956,-1.971452,1
10683,118.700000,0.045181,0.873936,-1.971407,1
10684,118.711111,0.045249,0.873919,-1.971375,1
10685,118.722222,0.045290,0.873881,-1.971360,1
10686,118.733333,0.045353,0.873976,-1.971288,1
10687,118.744444,0.045387,0.873924,-1.971280,1
10688,118.755556,0.045458,0.873922,-1.971206,1
10689,118.766667,0.045502,0.873859,-1.971246,1
10690,118.777778,0.045517,0.873894,-1.971200,1
10691,118.788889,0.045543,0.873877,-1.971171,1
10692,118.800000,0.045573,0.873914,-1.971131,1
10693,118.811111,0.045605,0.873889,-1.971152,1
10694,118.822222,0.045627,0.873871,-1.971147,1
10695,118.833333,0.045673,0.873817,-1.971174,1
10696,118.844444,0.045685,0.873816,-1.971125,1
10697,118.855556,0.045693,0.873799,-1.971142,1
10698,118.866667,0.045712,0.873820,-1.971144,1
10699,118.877778,0.045683,0.873830,-1.971138,1
10700,118.888889,0.045750,0.873877,-1.971205,1
10701,118.900000,0.045794,0.873853,-1.971228,1
10702,118.911111,0.045771,0.873861,-1.971251,1
10703,118.922222,0.045771,0.873882,-1.971237,1
10704,118.933333,0.045758,0.873910,-1.971261,1
10705,118.944444,0.045744,0.873864,-1.971326,1
10706,118.955556,0.045724,0.873876,-1.971364,1
10707,118.966667,0.045716,0.873856,-1.971371,1
10708,118.977778,0.045682,0.873821,-1.971411,1
10709,118.988889,0.045678,0.873814,-1.971444,1
10710,119.000000,0.045615,0.873793,-1.971499,1
10711,119.011111,0.045590,0.873818,-1.971528,1
10712,119.022222,0.045552,0.873838,-1.971585,1
10713,119.033333,0.045522,0.873827,-1.971640,1
10714,119.044444,0.045504,0.873861,-1.971684,1
10715,119.055556,0.045446,0.873822,-1.971748,1
10716,119.066667,0.045389,0.873840,-1.971775,1
10717,119.077778,0.045332,0.873835,-1.971850,1
10718,119.088889,0.045318,0.873854,-1.971886,1
10719,119.100000,0.045296,0.873850,-1.971909,1
10720,119.111111,0.045262,0.873809,-1.971978,1
10721,119.122222,0.045234,0.873808,-1.972015,1
10722,119.133333,0.045166,0.873823,-1.972039,1
10723,119.144444,0.045125,0.873816,-1.972061,1
10724,119.155556,0.045095,0.873852,-1.972108,1
10725,119.166667,0.045093,0.873788,-1.972187,1
10726,119.177778,0.045043,0.873791,-1.972218,1
10727,119.188889,0.045011,0.873804,-1.972204,1
10728,119.200000,0.044987,0.873797,-1.972225,1
10729,119.211111,0.044978,0.873823,-1.972259,1
10730,119.222222,0.044976,0.873849,-1.972296,1
10731,119.233333,0.045000,0.873840,-1.972341,1
10732,119.244444,0.044991,0.873839,-1.972357,1
10733,119.255556,0.044996,0.873833,-1.972383,1
10734,119.266667,0.045007,0.873869,-1.972356,1
10735,119.277778,0.045007,0.873879,-1.972390,1
10736,119.288889,0.045036,0.873896,-1.972359,1
10737,119.300000,0.045058,0.873888,-1.972387,1
10738,119.311111,0.045081,0.873913,-1.972431,1
10739,119.322222,0.045074,0.873891,-1.972433,1
10740,119.333333,0.045087,0.873909,-1.972437,1
10741,119.344444,0.045082,0.873927,-1.972419,1
10742,119.355556,0.045106,0.873935,-1.972435,1
10743,119.366667,0.045096,0.873974,-1.972401,1
10744,119.377778,0.045121,0.873963,-1.972429,1
10745,119.388889,0.045121,0.873928,-1.972465,1
10746,119.400000,0.045087,0.874013,-1.972381,1
10747,119.411111,0.045128,0.874001,-1.972385,1
10748,119.422222,0.045110,0.874003,-1.972425,1
10749,119.433333,0.045086,0.874044,-1.972417,1
10750,119.444444,0.045122,0.874024,-1.972396,1
10751,119.455556,0.045108,0.874012,-1.972393,1
10752,119.466667,0.045115,0.874056,-1.972379,1
10753,119.477778,0.045114,0.874072,-1.972381,1
10754,119.488889,0.045109,0.874105,-1.972396,1
10755,119.500000,0.045119,0.874094,-1.972350,1
10756,119.511111,0.045098,0.874058,-1.972334,1
10757,119.522222,0.045166,0.874054,-1.972373,1
10758,119.533333,0.045118,0.874077,-1.972297,1
10759,119.544444,0.045119,0.874094,-1.972287,1
10760,119.555556,0.045127,0.874111,-1.972269,1
10761,119.566667,0.045137,0.874104,-1.972274,1
10762,119.577778,0.045148,0.874129,-1.972269,1
10763,119.588889,0.045150,0.874104,-1.972280,1
10764,119.600000,0.045160,0.874109,-1.972258,1
10765,119.611111,0.045176,0.874121,-1.972271,1
10766,119.622222,0.045182,0.874137,-1.972253,1
10767,119.633333,0.045203,0.874119,-1.972261,1
10768,119.644444,0.045219,0.874143,-1.972243,1
10769,119.655556,0.045236,0.874124,-1.972288,1
10770,119.666667,0.045253,0.874158,-1.972250,1
10771,119.677778,0.045274,0.874164,-1.972291,1
10772,119.688889,0.045305,0.874155,-1.972303,1
10773,119.700000,0.045338,0.874169,-1.972298,1
10774,119.711111,0.045379,0.874199,-1.972309,1
10775,119.722222,0.045404,0.874211,-1.972331,1
10776,119.733333,0.045405,0.874150,-1.972349,1
10777,119.744444,0.045441,0.874175,-1.972350,1
10778,119.755556,0.045443,0.874206,-1.972345,1
10779,119.766667,0.045440,0.874246,-1.972321,1
10780,119.777778,0.045471,0.874212,-1.972397,1
10781,119.788889,0.045503,0.874188,-1.972393,1
10782,119.800000,0.045508,0.874196,-1.972420,1
10783,119.811111,0.045523,0.874224,-1.972393,1
10784,119.822222,0.045572,0.874245,-1.972485,1
10785,119.833333,0.045565,0.874279,-1.972520,1
10786,119.844444,0.045566,0.874298,-1.972540,1
10787,119.855556,0.045574,0.874306,-1.972536,1
10788,119.866667,0.045570,0.874291,-1.972540,1
10789,119.877778,0.045582,0.874291,-1.972582,1
10790,119.888889,0.045587,0.874325,-1.972570,1
10791,119.900000,0.045586,0.874336,-1.972628,1
10792,119.911111,0.045601,0.874300,-1.972670,1
10793,119.922222,0.045571,0.874286,-1.972672,1
10794,119.933333,0.045594,0.874334,-1.972661,1
10795,119.944444,0.045581,0.874323,-1.972679,1
10796,119.955556,0.045578,0.874331,-1.972728,1
10797,119.966667,0.045573,0.874351,-1.972760,1
10798,119.977778,0.045552,0.874347,-1.972756,1
10799,119.988889,0.045543,0.874324,-1.972774,1
10800,120.000000,0.045514,0.874291,-1.972825,1
10801,120.011111,0.045522,0.874342,-1.972794,1
10802,120.022222,0.045490,0.874335,-1.972832,1
10803,120.033333,0.045508,0.874343,-1.972855,1
10804,120.044444,0.045464,0.874331,-1.972869,1
10805,120.055556,0.045446,0.874358,-1.972912,1
10806,120.066667,0.045430,0.874357,-1.972889,1
10807,120.077778,0.045428,0.874311,-1.972939,1
10808,120.088889,0.045412,0.874377,-1.972884,1
10809,120.100000,0.045378,0.874367,-1.972861,1
10810,120.111111,0.045378,0.874391,-1.972872,1
10811,120.122222,0.045370,0.874411,-1.972889,1
10812,120.133333,0.045366,0.874411,-1.972883,1
10813,120.144444,0.045349,0.874399,-1.972930,1
10814,120.155556,0.045354,0.874444,-1.972922,1
10815,120.166667,0.045363,0.874462,-1.972945,1
10816,120.177778,0.045338,0.874447,-1.972999,1
10817,120.188889,0.045337,0.874436,-1.972989,1
10818,120.200000,0.045328,0.874420,-1.973030,1
10819,120.211111,0.045333,0.874426,-1.973066,1
10820,120.222222,0.045303,0.874443,-1.973068,1
10821,120.233333,0.045303,0.874418,-1.973110,1
10822,120.244444,0.045318,0.874431,-1.973126,1
10823,120.255556,0.045313,0.874439,-1.973185,1
10824,120.266667,0.045275,0.874426,-1.973231,1
10825,120.277778,0.045288,0.874413,-1.973296,1
10826,120.288889,0.045282,0.874435,-1.973348,1
10827,120.300000,0.045259,0.874421,-1.973392,1
10828,120.311111,0.045260,0.874436,-1.973457,1
10829,120.322222,0.045249,0.874427,-1.973491,1
10830,120.333333,0.045230,0.874426,-1.973576,1
10831,120.344444,0.045215,0.874418,-1.973600,1
10832,120.355556,0.045208,0.874423,-1.973655,1
10833,120.366667,0.045197,0.874417,-1.973690,1
10834,120.377778,0.045190,0.874402,-1.973770,1
10835,120.388889,0.045166,0.874415,-1.973845,1
10836,120.400000,0.045142,0.874383,-1.973889,1
10837,120.411111,0.045158,0.874408,-1.973940,1
10838,120.422222,0.045128,0.874386,-1.974022,1
10839,120.433333,0.045122,0.874366,-1.974114,1
10840,120.444444,0.045101,0.874361,-1.974177,1
10841,120.455556,0.045093,0.874351,-1.974203,1
10842,120.466667,0.045092,0.874314,-1.974264,1
10843,120.477778,0.045072,0.874278,-1.974368,1
10844,120.488889,0.045067,0.874243,-1.974428,1
10845,120.500000,0.045032,0.874261,-1.974453,1
10846,120.511111,0.045031,0.874259,-1.974506,1
10847,120.522222,0.045054,0.874248,-1.974561,1
10848,120.533333,0.045027,0.874253,-1.974615,1
10849,120.544444,0.045044,0.874246,-1.974651,1
10850,120.555556,0.045055,0.874233,-1.974676,1
10851,120.566667,0.045060,0.874240,-1.974696,1
10852,120.577778,0.045074,0.874220,-1.974745,1
10853,120.588889,0.045097,0.874244,-1.974755,1
10854,120.600000,0.045113,0.874210,-1.974806,1
10855,120.611111,0.045136,0.874237,-1.974808,1
10856,120.622222,0.045146,0.874224,-1.974848,1
10857,120.633333,0.045178,0.874215,-1.974863,1
10858,120.644444,0.045200,0.874194,-1.974895,1
10859,120.655556,0.045213,0.874164,-1.974914,1
10860,120.666667,0.045270,0.874154,-1.974929,1
10861,120.677778,0.045308,0.874164,-1.974952,1
10862,120.688889,0.045342,0.874162,-1.975003,1
10863,120.700000,0.045355,0.874171,-1.975001,1
10864,120.711111,0.045345,0.874123,-1.974992,1
10865,120.722222,0.045371,0.874125,-1.974992,1
10866,120.733333,0.045430,0.874158,-1.975001,1
10867,120.744444,0.045415,0.874122,-1.975020,1
10868,120.755556,0.045443,0.874164,-1.974991,1
10869,120.766667,0.045462,0.874118,-1.975015,1
10870,120.777778,0.045464,0.874158,-1.974996,1
10871,120.788889,0.045479,0.874180,-1.975011,1
10872,120.800000,0.045461,0.874127,-1.975016,1
10873,120.811111,0.045489,0.874114,-1.975018,1
10874,120.822222,0.045505,0.874116,-1.975026,1
10875,120.833333,0.045507,0.874138,-1.974998,1
10876,120.844444,0.045506,0.874127,-1.974989,1
10877,120.855556,0.045493,0.874096,-1.975003,1
10878,120.866667,0.045499,0.874097,-1.974966,1
10879,120.877778,0.045478,0.874076,-1.974988,1
10880,120.888889,0.045502,0.874086,-1.974951,1
10881,120.900000,0.045527,0.874127,-1.974986,1
10882,120.911111,0.045505,0.874111,-1.974949,1
10883,120.922222,0.045503,0.874055,-1.974959,1
10884,120.933333,0.045523,0.874054,-1.974944,1
10885,120.944444,0.045515,0.874038,-1.974953,1
10886,120.955556,0.045517,0.874041,-1.974946,1
10887,120.966667,0.045548,0.874049,-1.974992,1
10888,120.977778,0.045553,0.874070,-1.975001,1
10889,120.988889,0.045566,0.874070,-1.974992,1
10890,121.000000,0.045547,0.873985,-1.974999,1
10891,121.011111,0.045555,0.873987,-1.975008,1
10892,121.022222,0.045566,0.873996,-1.975010,1
10893,121.033333,0.045585,0.873976,-1.975030,1
10894,121.044444,0.045556,0.873978,-1.975032,1
10895,121.055556,0.045597,0.873933,-1.975033,1
10896,121.066667,0.045594,0.873932,-1.975038,1
10897,121.077778,0.045622,0.873955,-1.975089,1
10898,121.088889,0.045618,0.873929,-1.975099,1
10899,121.100000,0.045648,0.873909,-1.975110,1
10900,121.111111,0.045673,0.873921,-1.975141,1
10901,121.122222,0.045668,0.873940,-1.975131,1
10902,121.133333,0.045647,0.873852,-1.975174,1
10903,121.144444,0.045669,0.873885,-1.975141,1
10904,121.155556,0.045677,0.873896,-1.975143,1
10905,121.166667,0.045684,0.873867,-1.975154,1
10906,121.177778,0.045693,0.873880,-1.975136,1
10907,121.188889,0.045720,0.873859,-1.975175,1
10908,121.200000,0.045720,0.873841,-1.975162,1
10909,121.211111,0.045758,0.873811,-1.975170,1
10910,121.222222,0.045757,0.873808,-1.975175,1
10911,121.233333,0.045766,0.873796,-1.975128,1
10912,121.244444,0.045764,0.873812,-1.975140,1
10913,121.255556,0.045737,0.873789,-1.975091,1
10914,121.266667,0.045758,0.873808,-1.975092,1
10915,121.277778,0.045754,0.873757,-1.975086,1
10916,121.288889,0.045735,0.873735,-1.975077,1
10917,121.300000,0.045751,0.873710,-1.975062,1
10918,121.311111,0.045741,0.873727,-1.975012,1
10919,121.322222,0.045735,0.873724,-1.974975,1
10920,121.333333,0.045744,0.873711,-1.974934,1
10921,121.344444,0.045737,0.873682,-1.974896,1
10922,121.355556,0.045750,0.873690,-1.974798,1
10923,121.366667,0.045747,0.873707,-1.974781,1
10924,121.377778,0.045744,0.873701,-1.974781,1
10925,121.388889,0.045771,0.873660,-1.974753,1
10926,121.400000,0.045771,0.873644,-1.974704,1
10927,121.411111,0.045757,0.873640,-1.974646,1
10928,121.422222,0.045773,0.873688,-1.974582,1
10929,121.433333,0.045807,0.873647,-1.974548,1
10930,121.444444,0.045819,0.873655,-1.974492,1
10931,121.455556,0.045835,0.873639,-1.974495,1
10932,121.466667,0.045882,0.873653,-1.974401,1
10933,121.477778,0.045942,0.873689,-1.974349,1
10934,121.488889,0.046006,0.873680,-1.974280,1
10935,121.500000,0.046074,0.873720,-1.974239,1
10936,121.511111,0.046181,0.873795,-1.974148,1
10937,121.522222,0.046273,0.873807,-1.974127,1
10938,121.533333,0.046375,0.873857,-1.974058,1
10939,121.544444,0.046451,0.873863,-1.973979,1
10940,121.555556,0.046587,0.873900,-1.973944,1
10941,121.566667,0.046764,0.873992,-1.973922,1
10942,121.577778,0.046893,0.874007,-1.973826,1
10943,121.588889,0.047097,0.874051,-1.973769,1
10944,121.600000,0.047329,0.874088,-1.973677,1
10945,121.611111,0.047525,0.874088,-1.973554,1
10946,121.622222,0.047774,0.874114,-1.973443,1
10947,121.633333,0.048112,0.874179,-1.973304,1
10948,121.644444,0.048389,0.874224,-1.973217,1
10949,121.655556,0.048717,0.874301,-1.973160,1
10950,121.666667,0.049088,0.874335,-1.973089,1
10951,121.677778,0.049462,0.874397,-1.972924,1
10952,121.688889,0.049919,0.874458,-1.972790,1
10953,121.700000,0.050335,0.874473,-1.972589,1
10954,121.711111,0.050869,0.874534,-1.972376,1
10955,121.722222,0.051348,0.874618,-1.972180,1
10956,121.733333,0.051880,0.874653,-1.971981,1
10957,121.744444,0.052414,0.874670,-1.971706,1
10958,121.755556,0.053022,0.874714,-1.971465,1
10959,121.766667,0.053692,0.874767,-1.971324,1
10960,121.777778,0.054327,0.874842,-1.971070,1
10961,121.788889,0.055002,0.874909,-1.970813,1
10962,121.800000,0.055697,0.874908,-1.970565,1
10963,121.811111,0.056404,0.874971,-1.970365,1
10964,121.822222,0.057203,0.874969,-1.970183,1
10965,121.833333,0.058023,0.874973,-1.969955,1
10966,121.844444,0.058799,0.875004,-1.969684,1
10967,121.855556,0.059529,0.874891,-1.969386,1
10968,121.866667,0.060353,0.874934,-1.969132,1
10969,121.877778,0.061305,0.874928,-1.968863,1
10970,121.888889,0.062213,0.874897,-1.968674,1
10971,121.900000,0.063285,0.875106,-1.968524,1
10972,121.911111,0.063985,0.875467,-1.968239,1
10973,121.922222,0.064901,0.875404,-1.967986,1
10974,121.933333,0.065946,0.875347,-1.967849,1
10975,121.944444,0.067019,0.875325,-1.967581,1
10976,121.955556,0.068030,0.875305,-1.967282,1
10977,121.966667,0.069119,0.875208,-1.967062,1
10978,121.977778,0.070313,0.875185,-1.966873,1
10979,121.988889,0.071508,0.875167,-1.966640,1
10980,122.000000,0.072640,0.875001,-1.966552,1
10981,122.011111,0.073896,0.874881,-1.966303,1
10982,122.022222,0.075149,0.874762,-1.966133,1
10983,122.033333,0.076435,0.874696,-1.965932,1
10984,122.044444,0.077818,0.874625,-1.965736,1
10985,122.055556,0.079173,0.874493,-1.965562,1
10986,122.066667,0.080573,0.874435,-1.965308,1
10987,122.077778,0.082030,0.874298,-1.965099,1
10988,122.088889,0.083437,0.874165,-1.964931,1
10989,122.100000,0.084912,0.874115,-1.964689,1
10990,122.111111,0.086432,0.874001,-1.964468,1
10991,122.122222,0.087896,0.873893,-1.964199,1
10992,122.133333,0.089754,0.873225,-1.964323,1
10993,122.144444,0.091361,0.873189,-1.964173,1
10994,122.155556,0.092978,0.873138,-1.963952,1
10995,122.166667,0.094594,0.873048,-1.963691,1
10996,122.177778,0.096143,0.872981,-1.963197,1
10997,122.188889,0.097671,0.873129,-1.962817,1
10998,122.200000,0.099365,0.872936,-1.962388,1
10999,122.211111,0.100631,0.873265,-1.961691,1
11000,122.222222,0.102135,0.873277,-1.960819,1
11001,122.233333,0.103661,0.873187,-1.960046,1
11002,122.244444,0.105166,0.873100,-1.959187,1
11003,122.255556,0.106932,0.872480,-1.958847,1
11004,122.266667,0.108412,0.872251,-1.958062,1
11005,122.277778,0.109935,0.871930,-1.957251,1
11006,122.288889,0.111369,0.871731,-1.956135,1
11007,122.300000,0.112598,0.871876,-1.954965,1
11008,122.311111,0.113816,0.871875,-1.953744,1
11009,122.322222,0.115047,0.871933,-1.952368,1
11010,122.333333,0.116379,0.871462,-1.951337,1
11011,122.344444,0.117433,0.870945,-1.949788,1
11012,122.355556,0.118623,0.870908,-1.948298,1
11013,122.366667,0.119892,0.871114,-1.946595,1
11014,122.377778,0.121065,0.871236,-1.944886,1
11015,122.388889,0.122232,0.871423,-1.942849,1
11016,122.400000,0.123375,0.871626,-1.940648,1
11017,122.411111,0.124442,0.871990,-1.938215,1
11018,122.422222,0.125514,0.872340,-1.935575,1
11019,122.433333,0.126402,0.872602,-1.932901,1
11020,122.444444,0.127299,0.872703,-1.929835,1
11021,122.455556,0.128125,0.872746,-1.926659,1
11022,122.466667,0.128892,0.872682,-1.923462,1
11023,122.477778,0.129583,0.872505,-1.920066,1
11024,122.488889,0.130153,0.872425,-1.916469,1
11025,122.500000,0.130692,0.872367,-1.912824,1
11026,122.511111,0.131181,0.872258,-1.908972,1
11027,122.522222,0.131533,0.871835,-1.905086,1
11028,122.533333,0.131923,0.871635,-1.901021,1
11029,122.544444,0.132280,0.871376,-1.897352,1
11030,122.555556,0.132374,0.870930,-1.893178,1
11031,122.566667,0.132405,0.870529,-1.888708,1
11032,122.577778,0.132368,0.870171,-1.884178,1
11033,122.588889,0.132371,0.869296,-1.879829,1
11034,122.600000,0.132223,0.868887,-1.875248,1
11035,122.611111,0.132027,0.868535,-1.870584,1
11036,122.622222,0.131991,0.868093,-1.865879,1
11037,122.633333,0.131660,0.867667,-1.861024,1
11038,122.644444,0.131354,0.867199,-1.856035,1
11039,122.655556,0.130878,0.866570,-1.851064,1
11040,122.666667,0.130451,0.866001,-1.846164,1
11041,122.677778,0.129931,0.865453,-1.841049,1
11042,122.688889,0.129572,0.865496,-1.835813,1
11043,122.700000,0.128711,0.864898,-1.830591,1
11044,122.711111,0.128102,0.864362,-1.825445,1
11045,122.722222,0.127348,0.863734,-1.820341,1
11046,122.733333,0.126705,0.863001,-1.815073,1
11047,122.744444,0.127022,0.862653,-1.809444,1
11048,122.755556,0.126299,0.861654,-1.804364,1
11049,122.766667,0.125541,0.860668,-1.799060,1
11050,122.777778,0.124715,0.859636,-1.793711,1
11051,122.788889,0.123982,0.858525,-1.788488,1
11052,122.800000,0.123250,0.857290,-1.783189,1
11053,122.811111,0.122471,0.855941,-1.777870,1
11054,122.822222,0.121673,0.854561,-1.772459,1
11055,122.833333,0.120759,0.853425,-1.766754,1
11056,122.844444,0.119916,0.851953,-1.761440,1
11057,122.855556,0.118704,0.851490,-1.755575,1
11058,122.866667,0.117328,0.851292,-1.749736,1
11059,122.877778,0.116043,0.851401,-1.743889,1
11060,122.888889,0.114980,0.851596,-1.737921,1
11061,122.900000,0.113881,0.852162,-1.731869,1
11062,122.911111,0.112801,0.852738,-1.725722,1
11063,122.922222,0.111690,0.853328,-1.719352,1
11064,122.933333,0.110667,0.853901,-1.713114,1
11065,122.944444,0.109596,0.854486,-1.706918,1
11066,122.955556,0.108583,0.855334,-1.700558,1
11067,122.966667,0.106711,0.856670,-1.694073,1
11068,122.977778,0.105532,0.857624,-1.687566,1
11069,122.988889,0.105411,0.858763,-1.680650,1
11070,123.000000,0.104605,0.859972,-1.674089,1
11071,123.011111,0.103774,0.861195,-1.667714,1
11072,123.022222,0.103031,0.862053,-1.661786,1
11073,123.033333,0.102315,0.863203,-1.655234,1
11074,123.044444,0.101700,0.864273,-1.648735,1
11075,123.055556,0.101113,0.865309,-1.642147,1
11076,123.066667,0.100706,0.866550,-1.635259,1
11077,123.077778,0.099959,0.867092,-1.628326,1
11078,123.088889,0.099648,0.868068,-1.621406,1
11079,123.100000,0.099324,0.869076,-1.614421,1
11080,123.111111,0.099198,0.869878,-1.607286,1
11081,123.122222,0.099268,0.870811,-1.599988,1
11082,123.133333,0.099407,0.871711,-1.592408,1
11083,123.144444,0.099513,0.872345,-1.585016,1
11084,123.155556,0.099689,0.872990,-1.577653,1
11085,123.166667,0.099860,0.873573,-1.570219,1
11086,123.177778,0.100034,0.873952,-1.562900,1
11087,123.188889,0.100001,0.874458,-1.555475,1
11088,123.200000,0.100206,0.874765,-1.547845,1
11089,123.211111,0.100515,0.875010,-1.540279,1
11090,123.222222,0.100842,0.874993,-1.532806,1
11091,123.233333,0.101225,0.874908,-1.525216,1
11092,123.244444,0.101599,0.874837,-1.517717,1
11093,123.255556,0.102026,0.874733,-1.510167,1
11094,123.266667,0.102448,0.874469,-1.502851,1
11095,123.277778,0.103054,0.874238,-1.495082,1
11096,123.288889,0.103957,0.873734,-1.486766,1
11097,123.300000,0.104675,0.873542,-1.479418,1
11098,123.311111,0.105251,0.873194,-1.471840,1
11099,123.322222,0.106089,0.872774,-1.464350,1
11100,123.333333,0.106853,0.872382,-1.456912,1
11101,123.344444,0.107768,0.871964,-1.449330,1
11102,123.355556,0.108672,0.871441,-1.441861,1
11103,123.366667,0.109542,0.870799,-1.434697,1
11104,123.377778,0.110642,0.870272,-1.427472,1
11105,123.388889,0.111916,0.869682,-1.420458,1
11106,123.400000,0.112989,0.869033,-1.413253,1
11107,123.411111,0.114131,0.868311,-1.406504,1
11108,123.422222,0.115260,0.867274,-1.399942,1
11109,123.433333,0.116492,0.866235,-1.392902,1
11110,123.444444,0.117759,0.864951,-1.386600,1
11111,123.455556,0.119006,0.863590,-1.380467,1
11112,123.466667,0.120311,0.862068,-1.374544,1
11113,123.477778,0.121780,0.860448,-1.368575,1
11114,123.488889,0.123266,0.858757,-1.362821,1
11115,123.500000,0.124912,0.857077,-1.356979,1
11116,123.511111,0.126753,0.855556,-1.350928,1
11117,123.522222,0.128722,0.854548,-1.344452,1
11118,123.533333,0.131073,0.854061,-1.337986,1
11119,123.544444,0.133453,0.853781,-1.331766,1
11120,123.555556,0.135711,0.853644,-1.325680,1
11121,123.566667,0.137876,0.853887,-1.319734,1
11122,123.577778,0.140065,0.854289,-1.313771,1
11123,123.588889,0.142181,0.854980,-1.307681,1
11124,123.600000,0.144427,0.855829,-1.301483,1
11125,123.611111,0.146652,0.856822,-1.295327,1
11126,123.622222,0.148782,0.857844,-1.289068,1
11127,123.633333,0.150926,0.859058,-1.282868,1
11128,123.644444,0.153141,0.860124,-1.276744,1
11129,123.655556,0.154988,0.860754,-1.270250,1
11130,123.666667,0.156696,0.861529,-1.263672,1
11131,123.677778,0.158558,0.862332,-1.257161,1
11132,123.688889,0.160317,0.863189,-1.250477,1
11133,123.700000,0.162020,0.863883,-1.243799,1
11134,123.711111,0.163685,0.864511,-1.236977,1
11135,123.722222,0.165288,0.865034,-1.230068,1
11136,123.733333,0.167095,0.866042,-1.223606,1
11137,123.744444,0.168455,0.866338,-1.216215,1
11138,123.755556,0.169892,0.866827,-1.208930,1
11139,123.766667,0.171028,0.867215,-1.201243,1
11140,123.777778,0.172383,0.867696,-1.193855,1
11141,123.788889,0.173723,0.868106,-1.186307,1
11142,123.800000,0.174910,0.868585,-1.178765,1
11143,123.811111,0.176119,0.869058,-1.171102,1
11144,123.822222,0.177263,0.869539,-1.163508,1
11145,123.833333,0.175469,0.871632,-1.160341,1
11146,123.844444,0.176342,0.871991,-1.153072,1
11147,123.855556,0.177415,0.872467,-1.145484,1
11148,123.866667,0.178443,0.872751,-1.138093,1
11149,123.877778,0.179441,0.873149,-1.130649,1
11150,123.888889,0.180307,0.873316,-1.123209,1
11151,123.900000,0.181272,0.873506,-1.115893,1
11152,123.911111,0.182165,0.873618,-1.108505,1
11153,123.922222,0.183090,0.873657,-1.101064,1
11154,123.933333,0.183858,0.873688,-1.093664,1
11155,123.944444,0.184662,0.873673,-1.086314,1
11156,123.955556,0.185338,0.873929,-1.078302,1
11157,123.966667,0.185971,0.873996,-1.070996,1
11158,123.977778,0.186477,0.873954,-1.063723,1
11159,123.988889,0.186899,0.874014,-1.056398,1
11160,124.000000,0.187177,0.873992,-1.049210,1
11161,124.011111,0.187261,0.874005,-1.042149,1
11162,124.022222,0.187467,0.874025,-1.035034,1
11163,124.033333,0.187462,0.874026,-1.028117,1
11164,124.044444,0.187322,0.873973,-1.021290,1
11165,124.055556,0.187181,0.873905,-1.014558,1
11166,124.066667,0.187037,0.873824,-1.007960,1
11167,124.077778,0.186727,0.873823,-1.001517,1
11168,124.088889,0.186380,0.873747,-0.995065,1
11169,124.100000,0.185901,0.873662,-0.988767,1
11170,124.111111,0.185548,0.873407,-0.982491,1
11171,124.122222,0.184863,0.873078,-0.976429,1
11172,124.133333,0.183852,0.872329,-0.970640,1
11173,124.144444,0.183077,0.871795,-0.964721,1
11174,124.155556,0.182119,0.870993,-0.958822,1
11175,124.166667,0.181180,0.870099,-0.952970,1
11176,124.177778,0.180105,0.869123,-0.947228,1
11177,124.188889,0.179028,0.868074,-0.941506,1
11178,124.200000,0.177897,0.866887,-0.935749,1
11179,124.211111,0.176654,0.865591,-0.930082,1
11180,124.222222,0.175481,0.864257,-0.924404,1
11181,124.233333,0.174205,0.862750,-0.918832,1
11182,124.244444,0.172911,0.861237,-0.913224,1
11183,124.255556,0.171581,0.859640,-0.907588,1
11184,124.266667,0.170283,0.857988,-0.901993,1
11185,124.277778,0.168834,0.856318,-0.896338,1
11186,124.288889,0.167290,0.854740,-0.890438,1
11187,124.300000,0.165564,0.853488,-0.884248,1
11188,124.311111,0.163479,0.852645,-0.877927,1
11189,124.322222,0.161513,0.852172,-0.871718,1
11190,124.333333,0.159549,0.852102,-0.865501,1
11191,124.344444,0.157715,0.852427,-0.859376,1
11192,124.355556,0.155950,0.853036,-0.853377,1
11193,124.366667,0.154166,0.853932,-0.847143,1
11194,124.377778,0.152334,0.854927,-0.840829,1
11195,124.388889,0.150576,0.855895,-0.834523,1
11196,124.400000,0.148866,0.857166,-0.828567,1
11197,124.411111,0.147315,0.858466,-0.822810,1
11198,124.422222,0.145883,0.859782,-0.817250,1
11199,124.433333,0.144794,0.861147,-0.811259,1
11200,124.444444,0.143694,0.862294,-0.804897,1
11201,124.455556,0.142314,0.863374,-0.798348,1
11202,124.466667,0.140760,0.864400,-0.791609,1
11203,124.477778,0.139118,0.865581,-0.784288,1
11204,124.488889,0.137687,0.866422,-0.777294,1
11205,124.500000,0.135946,0.867179,-0.770245,1
11206,124.511111,0.134425,0.867826,-0.762870,1
11207,124.522222,0.132935,0.868483,-0.755304,1
11208,124.533333,0.131406,0.869064,-0.747672,1
11209,124.544444,0.129849,0.869644,-0.739916,1
11210,124.555556,0.128366,0.870200,-0.732073,1
11211,124.566667,0.126849,0.870821,-0.724251,1
11212,124.577778,0.125441,0.871471,-0.716201,1
11213,124.588889,0.123946,0.871928,-0.708154,1
11214,124.600000,0.119014,0.872034,-0.698825,1
11215,124.611111,0.117394,0.872558,-0.690786,1
11216,124.622222,0.115699,0.872954,-0.682772,1
11217,124.633333,0.114034,0.873330,-0.674535,1
11218,124.644444,0.112328,0.873525,-0.666598,1
11219,124.655556,0.110604,0.873688,-0.658644,1
11220,124.666667,0.108777,0.873743,-0.650721,1
11221,124.677778,0.106996,0.873751,-0.642730,1
11222,124.688889,0.105123,0.873702,-0.634878,1
11223,124.700000,0.103300,0.873621,-0.627042,1
11224,124.711111,0.101494,0.873491,-0.619346,1
11225,124.722222,0.099907,0.873538,-0.611322,1
11226,124.733333,0.098114,0.873314,-0.603579,1
11227,124.744444,0.096468,0.873267,-0.595830,1
11228,124.755556,0.094773,0.873215,-0.587870,1
11229,124.766667,0.096415,0.873293,-0.579973,1
11230,124.777778,0.095358,0.873395,-0.573189,1
11231,124.788889,0.093889,0.873378,-0.565821,1
11232,124.800000,0.092514,0.873180,-0.558419,1
11233,124.811111,0.091136,0.872873,-0.550928,1
11234,124.822222,0.089863,0.872531,-0.543593,1
11235,124.833333,0.088676,0.872117,-0.536249,1
11236,124.844444,0.087471,0.871628,-0.528959,1
11237,124.855556,0.086426,0.871117,-0.521840,1
11238,124.866667,0.085443,0.870496,-0.514643,1
11239,124.877778,0.084435,0.869667,-0.507645,1
11240,124.888889,0.083663,0.868871,-0.500682,1
11241,124.900000,0.082826,0.867937,-0.493918,1
11242,124.911111,0.082158,0.866887,-0.487233,1
11243,124.922222,0.081596,0.865615,-0.480642,1
11244,124.933333,0.081112,0.864290,-0.474111,1
11245,124.944444,0.080668,0.862842,-0.467679,1
11246,124.955556,0.080330,0.861339,-0.461305,1
11247,124.966667,0.079989,0.859748,-0.455082,1
11248,124.977778,0.079665,0.858188,-0.448888,1
11249,124.988889,0.079473,0.856652,-0.442566,1
11250,125.000000,0.079405,0.855587,-0.435804,1
11251,125.011111,0.079443,0.855023,-0.428758,1
11252,125.022222,0.079579,0.854840,-0.421801,1
11253,125.033333,0.079615,0.854864,-0.414916,1
11254,125.044444,0.079644,0.855212,-0.408060,1
11255,125.055556,0.079522,0.855914,-0.401165,1
11256,125.066667,0.079393,0.856972,-0.394231,1
11257,125.077778,0.079471,0.858282,-0.387243,1
11258,125.088889,0.079521,0.859754,-0.380360,1
11259,125.100000,0.079494,0.861426,-0.373424,1
11260,125.111111,0.079318,0.863157,-0.366465,1
11261,125.122222,0.079031,0.864894,-0.359644,1
11262,125.133333,0.078580,0.866478,-0.352601,1
11263,125.144444,0.077967,0.867712,-0.345508,1
11264,125.155556,0.077251,0.868751,-0.338150,1
11265,125.166667,0.076424,0.869524,-0.330689,1
11266,125.177778,0.075523,0.869961,-0.323077,1
11267,125.188889,0.074456,0.870245,-0.315394,1
11268,125.200000,0.073476,0.870373,-0.307401,1
11269,125.211111,0.072618,0.870675,-0.299443,1
11270,125.222222,0.071357,0.870854,-0.291265,1
11271,125.233333,0.070087,0.871029,-0.283176,1
11272,125.244444,0.068742,0.871267,-0.275016,1
11273,125.255556,0.068220,0.870046,-0.263642,1
11274,125.266667,0.066747,0.870429,-0.255202,1
11275,125.277778,0.065127,0.871050,-0.246688,1
11276,125.288889,0.063554,0.871703,-0.238179,1
11277,125.300000,0.061898,0.872324,-0.229724,1
11278,125.311111,0.060182,0.872999,-0.221018,1
11279,125.322222,0.058342,0.873655,-0.212468,1
11280,125.333333,0.056521,0.874237,-0.203952,1
11281,125.344444,0.054621,0.874714,-0.195424,1
11282,125.355556,0.052672,0.875187,-0.186882,1
11283,125.366667,0.050687,0.875160,-0.178780,1
11284,125.377778,0.048741,0.875422,-0.170249,1
11285,125.388889,0.046282,0.875395,-0.161852,1
11286,125.400000,0.044271,0.875343,-0.153506,1
11287,125.411111,0.042112,0.875158,-0.145409,1
11288,125.422222,0.039815,0.874995,-0.137108,1
11289,125.433333,0.037501,0.874742,-0.128980,1
11290,125.444444,0.035096,0.874400,-0.120832,1
11291,125.455556,0.032576,0.874042,-0.112676,1
11292,125.466667,0.029931,0.873647,-0.104700,1
11293,125.477778,0.027324,0.873116,-0.096810,1
11294,125.488889,0.024610,0.872652,-0.089015,1
11295,125.500000,0.021819,0.872062,-0.081280,1
11296,125.511111,0.019079,0.871408,-0.073698,1
11297,125.522222,0.016299,0.870820,-0.066289,1
11298,125.533333,0.013553,0.870068,-0.058981,1
11299,125.544444,0.010721,0.869246,-0.051815,1
11300,125.555556,0.007913,0.868309,-0.044906,1
11301,125.566667,0.005023,0.867208,-0.038087,1
11302,125.577778,0.002120,0.866000,-0.031388,1
11303,125.588889,-0.000812,0.864654,-0.024919,1
11304,125.600000,-0.003787,0.863224,-0.018548,1
11305,125.611111,-0.006648,0.861657,-0.012353,1
11306,125.622222,-0.009655,0.860037,-0.006218,1
11307,125.633333,-0.012680,0.858338,-0.000042,1
11308,125.644444,-0.015807,0.856638,0.006089,1
11309,125.655556,-0.019259,0.855171,0.012322,1
11310,125.666667,-0.022996,0.854294,0.018819,1
11311,125.677778,-0.026878,0.853729,0.025267,1
11312,125.688889,-0.030765,0.853378,0.031504,1
11313,125.700000,-0.034476,0.853253,0.037663,1
11314,125.711111,-0.038131,0.853439,0.043826,1
11315,125.722222,-0.041422,0.853719,0.049916,1
11316,125.733333,-0.045095,0.854078,0.055595,1
11317,125.744444,-0.048403,0.854675,0.061458,1
11318,125.755556,-0.051699,0.855273,0.067398,1
11319,125.766667,-0.055024,0.856013,0.073297,1
11320,125.777778,-0.057549,0.857031,0.079178,1
11321,125.788889,-0.061170,0.857502,0.085816,1
11322,125.800000,-0.065762,0.858286,0.091897,1
11323,125.811111,-0.069525,0.859625,0.097563,1
11324,125.822222,-0.072852,0.861118,0.103359,1
11325,125.833333,-0.076047,0.863294,0.109832,1
11326,125.844444,-0.079233,0.864672,0.115959,1
11327,125.855556,-0.082434,0.865894,0.122291,1
11328,125.866667,-0.085584,0.867070,0.128806,1
11329,125.877778,-0.088589,0.868047,0.135411,1
11330,125.888889,-0.091749,0.868876,0.142368,1
11331,125.900000,-0.094859,0.869710,0.149406,1
11332,125.911111,-0.097837,0.870517,0.156624,1
11333,125.922222,-0.100982,0.871263,0.163871,1
11334,125.933333,-0.104028,0.871898,0.171341,1
11335,125.944444,-0.106870,0.872442,0.178956,1
11336,125.955556,-0.109828,0.872986,0.186352,1
11337,125.966667,-0.113002,0.873568,0.194058,1
11338,125.977778,-0.115891,0.874075,0.201628,1
11339,125.988889,-0.118969,0.874547,0.209229,1
11340,126.000000,-0.121968,0.875030,0.216897,1
11341,126.011111,-0.124947,0.875369,0.224534,1
11342,126.022222,-0.127865,0.875632,0.232231,1
11343,126.033333,-0.130713,0.876485,0.240092,1
11344,126.044444,-0.133473,0.876649,0.247812,1
11345,126.055556,-0.136176,0.876608,0.255509,1
11346,126.066667,-0.139023,0.876573,0.263264,1
11347,126.077778,-0.141642,0.876408,0.270979,1
11348,126.088889,-0.144213,0.876294,0.278685,1
11349,126.100000,-0.146658,0.876153,0.286603,1
11350,126.111111,-0.145885,0.876117,0.294413,1
11351,126.122222,-0.148041,0.875845,0.301055,1
11352,126.133333,-0.150230,0.875539,0.308756,1
11353,126.144444,-0.152376,0.875243,0.316344,1
11354,126.155556,-0.154296,0.874899,0.323941,1
11355,126.166667,-0.156289,0.874640,0.331807,1
11356,126.177778,-0.158157,0.874116,0.339115,1
11357,126.188889,-0.159729,0.873684,0.346534,1
11358,126.200000,-0.161345,0.873205,0.353891,1
11359,126.211111,-0.162887,0.872843,0.361101,1
11360,126.222222,-0.164287,0.872254,0.368262,1
11361,126.233333,-0.165607,0.871599,0.375281,1
11362,126.244444,-0.166771,0.870774,0.382243,1
11363,126.255556,-0.167877,0.869772,0.389039,1
11364,126.266667,-0.168896,0.868636,0.395632,1
11365,126.277778,-0.169870,0.867354,0.402111,1
11366,126.288889,-0.170789,0.866007,0.408563,1
11367,126.300000,-0.171625,0.864572,0.414898,1
11368,126.311111,-0.172455,0.863044,0.421030,1
11369,126.322222,-0.173121,0.861580,0.427312,1
11370,126.333333,-0.173806,0.859978,0.433435,1
11371,126.344444,-0.174409,0.858468,0.439864,1
11372,126.355556,-0.174723,0.857581,0.446838,1
11373,126.366667,-0.175065,0.857210,0.453878,1
11374,126.377778,-0.175282,0.856962,0.460974,1
11375,126.388889,-0.175380,0.856746,0.467743,1
11376,126.400000,-0.175579,0.856973,0.474427,1
11377,126.411111,-0.175921,0.857457,0.481469,1
11378,126.422222,-0.176215,0.858384,0.488345,1
11379,126.433333,-0.176453,0.859331,0.494882,1
11380,126.444444,-0.176607,0.860933,0.501580,1
11381,126.455556,-0.176890,0.862527,0.508250,1
11382,126.466667,-0.177314,0.864139,0.515051,1
11383,126.477778,-0.177878,0.865530,0.521977,1
11384,126.488889,-0.178589,0.866665,0.529045,1
11385,126.500000,-0.179487,0.867898,0.536086,1
11386,126.511111,-0.180411,0.868730,0.543390,1
11387,126.522222,-0.181408,0.869394,0.550895,1
11388,126.533333,-0.182547,0.869652,0.558567,1
11389,126.544444,-0.183662,0.869951,0.566357,1
11390,126.555556,-0.184849,0.870202,0.574445,1
11391,126.566667,-0.186119,0.870527,0.582544,1
11392,126.577778,-0.187374,0.870859,0.590452,1
11393,126.588889,-0.188831,0.871356,0.598777,1
11394,126.600000,-0.190420,0.871942,0.606987,1
11395,126.611111,-0.192002,0.872514,0.615111,1
11396,126.622222,-0.193648,0.872899,0.623251,1
11397,126.633333,-0.195524,0.873191,0.631901,1
11398,126.644444,-0.197234,0.873696,0.640052,1
11399,126.655556,-0.198863,0.874272,0.648815,1
11400,126.666667,-0.200452,0.874811,0.657174,1
11401,126.677778,-0.202231,0.875243,0.665520,1
11402,126.688889,-0.204066,0.875506,0.673857,1
11403,126.700000,-0.205882,0.875682,0.682191,1
11404,126.711111,-0.207667,0.875793,0.690399,1
11405,126.722222,-0.209435,0.875838,0.698593,1
11406,126.733333,-0.211340,0.875699,0.706858,1
11407,126.744444,-0.213357,0.875541,0.715263,1
11408,126.755556,-0.215252,0.875184,0.723604,1
11409,126.766667,-0.217242,0.875541,0.732136,1
11410,126.777778,-0.219499,0.875343,0.740560,1
11411,126.788889,-0.222023,0.875007,0.748829,1
11412,126.800000,-0.224721,0.874594,0.757069,1
11413,126.811111,-0.227415,0.874107,0.765122,1
11414,126.822222,-0.230293,0.873625,0.772936,1
11415,126.833333,-0.232994,0.873191,0.780460,1
11416,126.844444,-0.235666,0.872760,0.787899,1
11417,126.855556,-0.238375,0.872317,0.795043,1
11418,126.866667,-0.240759,0.871708,0.801896,1
11419,126.877778,-0.243519,0.871108,0.808527,1
11420,126.888889,-0.246112,0.870221,0.814978,1
11421,126.900000,-0.248630,0.869248,0.821058,1
11422,126.911111,-0.251103,0.868126,0.826801,1
11423,126.922222,-0.253586,0.866902,0.832486,1
11424,126.933333,-0.256143,0.865493,0.837910,1
11425,126.944444,-0.258637,0.863933,0.843249,1
11426,126.955556,-0.261139,0.862363,0.848586,1
11427,126.966667,-0.264016,0.860830,0.854191,1
11428,126.977778,-0.267292,0.860065,0.860364,1
11429,126.988889,-0.270714,0.859759,0.866586,1
11430,127.000000,-0.274022,0.859361,0.872473,1
11431,127.011111,-0.277174,0.859007,0.877938,1
11432,127.022222,-0.280116,0.858823,0.883401,1
11433,127.033333,-0.283065,0.858986,0.888688,1
11434,127.044444,-0.285858,0.859251,0.893865,1
11435,127.055556,-0.288474,0.859703,0.899081,1
11436,127.066667,-0.290843,0.860355,0.904270,1
11437,127.077778,-0.293062,0.861233,0.909657,1
11438,127.088889,-0.295569,0.861856,0.915685,1
11439,127.100000,-0.298195,0.862620,0.921296,1
11440,127.111111,-0.301205,0.863926,0.926117,1
11441,127.122222,-0.303463,0.865403,0.930820,1
11442,127.133333,-0.305449,0.866750,0.935571,1
11443,127.144444,-0.307161,0.867937,0.940397,1
11444,127.155556,-0.308948,0.868922,0.945227,1
11445,127.166667,-0.310474,0.869843,0.950206,1
11446,127.177778,-0.312053,0.870522,0.955483,1
11447,127.188889,-0.313392,0.871137,0.960671,1
11448,127.200000,-0.314746,0.871688,0.965813,1
11449,127.211111,-0.316035,0.872282,0.971156,1
11450,127.222222,-0.317206,0.872752,0.976473,1
11451,127.233333,-0.318432,0.873681,0.981853,1
11452,127.244444,-0.319463,0.874454,0.987333,1
11453,127.255556,-0.320743,0.875262,0.992849,1
11454,127.266667,-0.321649,0.875938,0.998749,1
11455,127.277778,-0.322749,0.876635,1.004417,1
11456,127.288889,-0.323609,0.877128,1.010236,1
11457,127.300000,-0.324427,0.877520,1.015904,1
11458,127.311111,-0.325196,0.877817,1.021756,1
11459,127.322222,-0.325948,0.877922,1.027309,1
11460,127.333333,-0.326525,0.878022,1.032926,1
11461,127.344444,-0.327086,0.877770,1.038808,1
11462,127.355556,-0.327499,0.877677,1.044421,1
11463,127.366667,-0.327644,0.877561,1.050111,1
11464,127.377778,-0.327739,0.877296,1.056026,1
11465,127.388889,-0.327569,0.876852,1.062149,1
11466,127.400000,-0.326409,0.876592,1.068287,1
11467,127.411111,-0.324658,0.876261,1.072893,1
11468,127.422222,-0.324317,0.875911,1.077831,1
11469,127.433333,-0.324003,0.875545,1.083341,1
11470,127.444444,-0.323606,0.875171,1.088867,1
11471,127.455556,-0.323276,0.874777,1.094395,1
11472,127.466667,-0.322681,0.874278,1.100030,1
11473,127.477778,-0.322008,0.873757,1.105557,1
11474,127.488889,-0.321256,0.873179,1.110995,1
11475,127.500000,-0.320310,0.872440,1.116789,1
11476,127.511111,-0.319444,0.871623,1.122247,1
11477,127.522222,-0.318519,0.870893,1.127574,1
11478,127.533333,-0.317517,0.869908,1.132703,1
11479,127.544444,-0.316379,0.868761,1.137697,1
11480,127.555556,-0.315218,0.867666,1.142424,1
11481,127.566667,-0.314110,0.866482,1.147249,1
11482,127.577778,-0.313082,0.865448,1.151903,1
11483,127.588889,-0.311959,0.864194,1.156775,1
11484,127.600000,-0.310807,0.863006,1.161464,1
11485,127.611111,-0.309698,0.861553,1.166117,1
11486,127.622222,-0.308416,0.860143,1.171086,1
11487,127.633333,-0.306824,0.858953,1.176409,1
11488,127.644444,-0.304904,0.858087,1.182445,1
11489,127.655556,-0.302449,0.857519,1.187990,1
11490,127.666667,-0.300176,0.856840,1.193502,1
11491,127.677778,-0.297844,0.856230,1.198786,1
11492,127.688889,-0.295703,0.855881,1.204057,1
11493,127.700000,-0.293574,0.855762,1.209512,1
11494,127.711111,-0.291365,0.855952,1.214664,1
11495,127.722222,-0.289297,0.856371,1.219807,1
11496,127.733333,-0.287111,0.856888,1.225233,1
11497,127.744444,-0.284852,0.857544,1.230663,1
11498,127.755556,-0.282756,0.858309,1.235857,1
11499,127.766667,-0.280514,0.859143,1.241398,1
11500,127.777778,-0.278263,0.859916,1.246899,1
11501,127.788889,-0.275985,0.860838,1.252335,1
11502,127.800000,-0.273951,0.861759,1.257807,1
11503,127.811111,-0.272153,0.862579,1.263427,1
11504,127.822222,-0.270315,0.863364,1.269056,1
11505,127.833333,-0.268522,0.863419,1.275044,1
11506,127.844444,-0.266725,0.864115,1.280667,1
11507,127.855556,-0.265232,0.864623,1.286349,1
11508,127.866667,-0.263478,0.865228,1.291842,1
11509,127.877778,-0.261783,0.865584,1.297951,1
11510,127.888889,-0.259974,0.865913,1.304397,1
11511,127.900000,-0.258646,0.866036,1.311978,1
11512,127.911111,-0.257519,0.866291,1.319431,1
11513,127.922222,-0.256465,0.866442,1.326842,1
11514,127.933333,-0.255169,0.866859,1.334187,1
11515,127.944444,-0.253724,0.867192,1.341403,1
11516,127.955556,-0.252234,0.867752,1.348377,1
11517,127.966667,-0.247721,0.868492,1.351922,1
11518,127.977778,-0.248368,0.868946,1.361260,1
11519,127.988889,-0.247010,0.869303,1.368597,1
11520,128.000000,-0.245714,0.869910,1.375262,1
11521,128.011111,-0.244458,0.870326,1.382215,1
11522,128.022222,-0.243129,0.870505,1.388977,1
11523,128.033333,-0.241974,0.870858,1.395491,1
11524,128.044444,-0.240834,0.871057,1.401790,1
11525,128.055556,-0.239602,0.871057,1.408156,1
11526,128.066667,-0.238213,0.870885,1.415407,1
11527,128.077778,-0.234140,0.871108,1.418120,1
11528,128.088889,-0.233154,0.871101,1.424072,1
11529,128.100000,-0.232276,0.872112,1.430126,1
11530,128.111111,-0.231591,0.872209,1.436732,1
11531,128.122222,-0.231355,0.872156,1.442923,1
11532,128.133333,-0.231284,0.872096,1.448705,1
11533,128.144444,-0.231221,0.871909,1.454754,1
11534,128.155556,-0.231180,0.871563,1.460744,1
11535,128.166667,-0.230989,0.871346,1.466641,1
11536,128.177778,-0.231024,0.871101,1.472318,1
11537,128.188889,-0.231096,0.871040,1.477979,1
11538,128.200000,-0.231878,0.870640,1.484680,1
11539,128.211111,-0.232702,0.870199,1.490769,1
11540,128.222222,-0.233597,0.869641,1.496955,1
11541,128.233333,-0.234439,0.869054,1.502928,1
11542,128.244444,-0.235310,0.868378,1.508794,1
11543,128.255556,-0.236356,0.867672,1.514170,1
11544,128.266667,-0.237179,0.867023,1.519379,1
11545,128.277778,-0.238065,0.866334,1.524375,1
11546,128.288889,-0.238878,0.865600,1.529068,1
11547,128.300000,-0.239569,0.864647,1.533652,1
11548,128.311111,-0.240165,0.863524,1.538147,1
11549,128.322222,-0.240894,0.862702,1.542168,1
11550,128.333333,-0.241674,0.861415,1.546285,1
11551,128.344444,-0.242273,0.860095,1.550921,1
11552,128.355556,-0.242826,0.858712,1.555172,1
11553,128.366667,-0.244295,0.858200,1.558556,1
11554,128.377778,-0.244493,0.855086,1.563686,1
11555,128.388889,-0.245652,0.854215,1.569361,1
11556,128.400000,-0.246825,0.853333,1.574882,1
11557,128.411111,-0.247298,0.852208,1.579988,1
11558,128.422222,-0.248380,0.850933,1.585152,1
11559,128.433333,-0.249350,0.849844,1.589842,1
11560,128.444444,-0.250143,0.849505,1.594715,1
11561,128.455556,-0.249120,0.848924,1.599437,1
11562,128.466667,-0.249883,0.849359,1.603902,1
11563,128.477778,-0.250746,0.849985,1.608283,1
11564,128.488889,-0.251824,0.850615,1.612836,1
11565,128.500000,-0.253438,0.851515,1.617234,1
11566,128.511111,-0.254541,0.852425,1.621638,1
11567,128.522222,-0.255806,0.853493,1.626293,1
11568,128.533333,-0.256918,0.854747,1.631021,1
11569,128.544444,-0.257549,0.855885,1.635658,1
11570,128.555556,-0.258133,0.857053,1.640319,1
11571,128.566667,-0.259280,0.857942,1.645947,1
11572,128.577778,-0.260670,0.858949,1.650867,1
11573,128.588889,-0.262357,0.859560,1.656095,1
11574,128.600000,-0.262903,0.859955,1.660761,1
11575,128.611111,-0.263695,0.860037,1.664681,1
11576,128.622222,-0.263826,0.860184,1.669422,1
11577,128.633333,-0.264461,0.860951,1.674146,1
11578,128.644444,-0.265228,0.861608,1.678955,1
11579,128.655556,-0.265676,0.862329,1.683444,1
11580,128.666667,-0.266372,0.862881,1.688755,1
11581,128.677778,-0.267032,0.863407,1.693405,1
11582,128.688889,-0.267734,0.864081,1.698017,1
11583,128.700000,-0.268417,0.864614,1.702615,1
11584,128.711111,-0.269111,0.865091,1.707226,1
11585,128.722222,-0.269895,0.865512,1.711454,1
11586,128.733333,-0.270678,0.865870,1.715681,1
11587,128.744444,-0.271364,0.866223,1.720016,1
11588,128.755556,-0.272052,0.866556,1.724402,1
11589,128.766667,-0.273003,0.867108,1.728732,1
11590,128.777778,-0.273559,0.867173,1.733142,1
11591,128.788889,-0.273962,0.867519,1.737301,1
11592,128.800000,-0.274030,0.867461,1.741784,1
11593,128.811111,-0.274539,0.867625,1.745898,1
11594,128.822222,-0.276253,0.866215,1.749923,1
11595,128.833333,-0.276195,0.866404,1.753599,1
11596,128.844444,-0.276372,0.866216,1.757256,1
11597,128.855556,-0.276675,0.865684,1.760660,1
11598,128.866667,-0.276819,0.864656,1.763995,1
11599,128.877778,-0.277183,0.863658,1.766924,1
11600,128.888889,-0.277756,0.863693,1.768997,1
11601,128.900000,-0.278248,0.863461,1.770012,1
11602,128.911111,-0.278263,0.862989,1.772576,1
11603,128.922222,-0.277708,0.862370,1.775402,1
11604,128.933333,-0.276805,0.862156,1.777326,1
11605,128.944444,-0.276077,0.861681,1.778894,1
11606,128.955556,-0.275717,0.861235,1.780064,1
11607,128.966667,-0.275868,0.860739,1.781016,1
11608,128.977778,-0.276839,0.860738,1.782365,1
11609,128.988889,-0.277716,0.861082,1.784568,1
11610,129.000000,-0.279120,0.861652,1.787068,1
11611,129.011111,-0.281224,0.862178,1.789403,1
11612,129.022222,-0.283014,0.862566,1.791486,1
11613,129.033333,-0.284208,0.862617,1.793063,1
11614,129.044444,-0.284342,0.862473,1.794320,1
11615,129.055556,-0.284144,0.862728,1.795066,1
11616,129.066667,-0.283619,0.862374,1.796075,1
11617,129.077778,-0.283430,0.862407,1.797155,1
11618,129.088889,-0.282660,0.862390,1.798019,1
11619,129.100000,-0.282028,0.862251,1.798985,1
11620,129.111111,-0.281659,0.862007,1.799750,1
11621,129.122222,-0.280972,0.861642,1.800544,1
11622,129.133333,-0.280677,0.861380,1.801325,1
11623,129.144444,-0.280250,0.861374,1.801909,1
11624,129.155556,-0.279349,0.861355,1.802321,1
11625,129.166667,-0.279046,0.861209,1.803139,1
11626,129.177778,-0.278446,0.861109,1.803796,1
11627,129.188889,-0.278017,0.861435,1.804209,1
11628,129.200000,-0.277310,0.861267,1.804635,1
11629,129.211111,-0.277011,0.861030,1.805320,1
11630,129.222222,-0.276392,0.861195,1.805509,1
11631,129.233333,-0.275509,0.861035,1.805802,1
11632,129.244444,-0.275344,0.861422,1.805668,1
11633,129.255556,-0.275172,0.861077,1.806281,1
11634,129.266667,-0.274925,0.860931,1.806757,1
11635,129.277778,-0.274658,0.861076,1.806906,1
11636,129.288889,-0.273851,0.861204,1.807145,1
11637,129.300000,-0.273410,0.861114,1.807535,1
11638,129.311111,-0.273108,0.861026,1.807801,1
11639,129.322222,-0.272622,0.861087,1.808144,1
11640,129.333333,-0.272147,0.861139,1.808391,1
11641,129.344444,-0.271778,0.861108,1.808613,1
11642,129.355556,-0.271264,0.860876,1.809079,1
11643,129.366667,-0.270690,0.861041,1.809152,1
11644,129.377778,-0.270305,0.861103,1.809063,1
11645,129.388889,-0.269687,0.861103,1.809150,1
11646,129.400000,-0.269216,0.861072,1.809361,1
11647,129.411111,-0.268827,0.860874,1.809744,1
11648,129.422222,-0.268542,0.860701,1.809986,1
11649,129.433333,-0.268093,0.860724,1.810256,1
11650,129.444444,-0.267513,0.860578,1.810633,1
11651,129.455556,-0.267263,0.860475,1.810948,1
11652,129.466667,-0.266892,0.860516,1.810800,1
11653,129.477778,-0.266367,0.860485,1.811117,1
11654,129.488889,-0.265993,0.860441,1.811408,1
11655,129.500000,-0.265712,0.860385,1.811592,1
11656,129.511111,-0.265432,0.860491,1.811470,1
11657,129.522222,-0.265049,0.860414,1.811701,1
11658,129.533333,-0.264671,0.860409,1.811806,1
11659,129.544444,-0.264458,0.860375,1.811753,1
11660,129.555556,-0.264062,0.860388,1.811767,1
11661,129.566667,-0.263743,0.860297,1.811956,1
11662,129.577778,-0.263515,0.860391,1.811868,1
11663,129.588889,-0.263214,0.860337,1.811976,1
11664,129.600000,-0.263065,0.860237,1.812186,1
11665,129.611111,-0.262916,0.860190,1.812070,1
11666,129.622222,-0.262557,0.860134,1.812188,1
11667,129.633333,-0.262318,0.860176,1.812261,1
11668,129.644444,-0.262094,0.860211,1.812294,1
11669,129.655556,-0.261901,0.860197,1.812202,1
11670,129.666667,-0.261581,0.860025,1.812418,1
11671,129.677778,-0.261484,0.860119,1.812416,1
11672,129.688889,-0.261278,0.860150,1.812412,1
11673,129.700000,-0.261231,0.860124,1.812452,1
11674,129.711111,-0.261190,0.860024,1.812554,1
11675,129.722222,-0.261062,0.860036,1.812532,1
11676,129.733333,-0.260975,0.860148,1.812421,1
11677,129.744444,-0.261001,0.860173,1.812362,1
11678,129.755556,-0.260915,0.860144,1.812434,1
11679,129.766667,-0.260900,0.860097,1.812500,1
11680,129.777778,-0.260911,0.860023,1.812488,1
11681,129.788889,-0.260851,0.859965,1.812566,1
11682,129.800000,-0.260943,0.859895,1.812618,1
11683,129.811111,-0.261028,0.859930,1.812596,1
11684,129.822222,-0.260987,0.859808,1.812712,1
11685,129.833333,-0.261130,0.859744,1.812720,1
11686,129.844444,-0.261381,0.859672,1.812685,1
11687,129.855556,-0.261624,0.859486,1.812796,1
11688,129.866667,-0.261673,0.859533,1.812637,1
11689,129.877778,-0.261889,0.859491,1.812430,1
11690,129.888889,-0.261980,0.859386,1.812367,1
11691,129.900000,-0.261859,0.859337,1.812671,1
11692,129.911111,-0.262080,0.859458,1.812244,1
11693,129.922222,-0.262263,0.859371,1.812262,1
11694,129.933333,-0.262519,0.859381,1.812257,1
11695,129.944444,-0.262796,0.859390,1.812235,1
11696,129.955556,-0.263656,0.859459,1.812081,1
11697,129.966667,-0.263992,0.859389,1.812155,1
11698,129.977778,-0.264426,0.859286,1.812598,1
11699,129.988889,-0.264849,0.859204,1.812693,1
11700,130.000000,-0.265237,0.859170,1.812817,1
11701,130.011111,-0.265674,0.859243,1.812906,1
11702,130.022222,-0.266280,0.859224,1.812860,1
11703,130.033333,-0.266698,0.859250,1.812709,1
11704,130.044444,-0.267199,0.859177,1.812813,1
11705,130.055556,-0.267712,0.859126,1.812796,1
11706,130.066667,-0.268509,0.859129,1.812755,1
11707,130.077778,-0.269068,0.859130,1.812749,1
11708,130.088889,-0.269350,0.859214,1.812765,1
11709,130.100000,-0.269845,0.859242,1.812765,1
11710,130.111111,-0.270540,0.859176,1.812626,1
11711,130.122222,-0.270751,0.859225,1.812557,1
11712,130.133333,-0.271115,0.859240,1.812792,1
11713,130.144444,-0.271536,0.859065,1.812917,1
11714,130.155556,-0.271987,0.859107,1.812962,1
11715,130.166667,-0.272283,0.859304,1.812901,1
11716,130.177778,-0.272680,0.859404,1.812715,1
11717,130.188889,-0.273069,0.859382,1.812708,1
11718,130.200000,-0.273499,0.859085,1.813044,1
11719,130.211111,-0.273963,0.859132,1.812912,1
11720,130.222222,-0.274443,0.858959,1.812977,1
11721,130.233333,-0.274820,0.858979,1.813055,1
11722,130.244444,-0.275198,0.859187,1.812819,1
11723,130.255556,-0.275507,0.859151,1.812848,1
11724,130.266667,-0.276029,0.859212,1.812915,1
11725,130.277778,-0.276371,0.859196,1.812907,1
11726,130.288889,-0.276667,0.859152,1.813010,1
11727,130.300000,-0.276974,0.859144,1.813146,1
11728,130.311111,-0.277366,0.859053,1.813289,1
11729,130.322222,-0.277688,0.859216,1.813099,1
11730,130.333333,-0.278075,0.859259,1.813064,1
11731,130.344444,-0.278530,0.859258,1.813091,1
11732,130.355556,-0.278803,0.859316,1.813151,1
11733,130.366667,-0.279158,0.859378,1.813233,1
11734,130.377778,-0.279411,0.859407,1.813338,1
11735,130.388889,-0.279757,0.859481,1.813400,1
11736,130.400000,-0.280158,0.859511,1.813409,1
11737,130.411111,-0.280408,0.859728,1.813368,1
11738,130.422222,-0.280633,0.860031,1.813433,1
11739,130.433333,-0.280832,0.860314,1.813145,1
11740,130.444444,-0.281027,0.860685,1.812744,1
11741,130.455556,-0.281232,0.861002,1.812635,1
11742,130.466667,-0.281504,0.861304,1.812410,1
11743,130.477778,-0.281745,0.861641,1.812178,1
11744,130.488889,-0.281896,0.861868,1.812190,1
11745,130.500000,-0.281714,0.862159,1.812270,1
11746,130.511111,-0.281645,0.862691,1.812334,1
11747,130.522222,-0.281582,0.863043,1.812329,1
11748,130.533333,-0.281504,0.863424,1.812126,1
11749,130.544444,-0.281095,0.863673,1.811731,1
11750,130.555556,-0.280743,0.863994,1.811541,1
11751,130.566667,-0.280979,0.864320,1.811290,1
11752,130.577778,-0.280514,0.864805,1.810939,1
11753,130.588889,-0.279056,0.866265,1.811084,1
11754,130.600000,-0.279227,0.867386,1.809716,1
11755,130.611111,-0.278676,0.868062,1.808746,1
11756,130.622222,-0.277849,0.868253,1.808951,1
11757,130.633333,-0.276488,0.868680,1.808531,1
11758,130.644444,-0.274618,0.869145,1.807845,1
11759,130.655556,-0.271598,0.869480,1.807580,1
11760,130.666667,-0.270699,0.869652,1.806826,1
11761,130.677778,-0.268949,0.869826,1.805898,1
11762,130.688889,-0.268317,0.869926,1.804223,1
11763,130.700000,-0.267467,0.868731,1.802290,1
11764,130.711111,-0.265891,0.868079,1.800639,1
11765,130.722222,-0.264721,0.867510,1.798877,1
11766,130.733333,-0.263141,0.866669,1.797562,1
11767,130.744444,-0.261288,0.865810,1.796006,1
11768,130.755556,-0.259343,0.865487,1.794893,1
11769,130.766667,-0.256724,0.866352,1.794505,1
11770,130.777778,-0.254783,0.865457,1.792566,1
11771,130.788889,-0.251259,0.864715,1.793305,1
11772,130.800000,-0.248519,0.864447,1.793851,1
11773,130.811111,-0.240821,0.865097,1.795082,1
11774,130.822222,-0.237523,0.864930,1.794982,1
11775,130.833333,-0.233610,0.865137,1.793278,1
11776,130.844444,-0.229914,0.865137,1.791977,1
11777,130.855556,-0.225970,0.864701,1.791333,1
11778,130.866667,-0.222481,0.865304,1.790162,1
11779,130.877778,-0.219602,0.867064,1.787913,1
11780,130.888889,-0.216695,0.867314,1.787469,1
11781,130.900000,-0.213443,0.867866,1.786944,1
11782,130.911111,-0.210523,0.867407,1.786355,1
11783,130.922222,-0.209180,0.867310,1.783712,1
11784,130.933333,-0.207940,0.868043,1.781197,1
11785,130.944444,-0.205654,0.868013,1.778708,1
11786,130.955556,-0.203507,0.868653,1.775913,1
11787,130.966667,-0.199758,0.869221,1.772887,1
11788,130.977778,-0.196260,0.870133,1.769572,1
11789,130.988889,-0.192010,0.870266,1.766894,1
11790,131.000000,-0.187017,0.870810,1.764209,1
11791,131.011111,-0.182053,0.870923,1.761653,1
11792,131.022222,-0.177513,0.871351,1.758694,1
11793,131.033333,-0.172554,0.872283,1.755224,1
11794,131.044444,-0.167414,0.873451,1.751693,1
11795,131.055556,-0.162426,0.874296,1.747882,1
11796,131.066667,-0.157545,0.875351,1.744318,1
11797,131.077778,-0.153145,0.875534,1.740711,1
11798,131.088889,-0.148699,0.875920,1.737727,1
11799,131.100000,-0.144676,0.876036,1.734423,1
11800,131.111111,-0.141918,0.875808,1.731753,1
11801,131.122222,-0.138383,0.875702,1.729076,1
11802,131.133333,-0.136004,0.874796,1.726017,1
11803,131.144444,-0.132686,0.874570,1.723151,1
11804,131.155556,-0.130496,0.874877,1.720463,1
11805,131.166667,-0.126437,0.874690,1.717418,1
11806,131.177778,-0.122680,0.877133,1.715037,1
11807,131.188889,-0.117147,0.879721,1.712962,1
11808,131.200000,-0.116007,0.881197,1.713272,1
11809,131.211111,-0.112127,0.880954,1.709755,1
11810,131.222222,-0.108354,0.879758,1.706349,1
11811,131.233333,-0.104744,0.877499,1.701314,1
11812,131.244444,-0.099552,0.878747,1.699692,1
11813,131.255556,-0.098406,0.884411,1.702782,1
11814,131.266667,-0.099300,0.889174,1.704677,1
11815,131.277778,-0.098543,0.888991,1.703450,1
11816,131.288889,-0.095349,0.885077,1.699838,1
11817,131.300000,-0.092036,0.880701,1.695811,1
11818,131.311111,-0.089286,0.875047,1.692975,1
11819,131.322222,-0.091232,0.882015,1.698844,1
11820,131.333333,-0.090863,0.880103,1.698177,1
11821,131.344444,-0.089197,0.876347,1.695977,1
11822,131.355556,-0.086736,0.874179,1.692390,1
11823,131.366667,-0.081063,0.872351,1.689241,1
11824,131.377778,-0.078377,0.870785,1.685027,1
11825,131.388889,-0.078208,0.869971,1.680187,1
11826,131.400000,-0.080658,0.869698,1.674428,1
11827,131.411111,-0.091097,0.868236,1.664366,1
11828,131.422222,-0.092280,0.869649,1.661859,1
11829,131.433333,-0.091564,0.870473,1.659079,1
11830,131.444444,-0.092253,0.871288,1.655904,1
11831,131.455556,-0.091701,0.871108,1.652191,1
11832,131.466667,-0.090871,0.871472,1.648427,1
11833,131.477778,-0.090124,0.871669,1.645060,1
11834,131.488889,-0.088802,0.871345,1.641662,1
11835,131.500000,-0.087410,0.870819,1.638042,1
11836,131.511111,-0.085355,0.869711,1.632787,1
11837,131.522222,-0.084366,0.868657,1.629147,1
11838,131.533333,-0.083447,0.868107,1.625375,1
11839,131.544444,-0.082804,0.867819,1.621555,1
11840,131.555556,-0.082112,0.867239,1.618188,1
11841,131.566667,-0.081926,0.866267,1.614672,1
11842,131.577778,-0.081054,0.865370,1.610997,1
11843,131.588889,-0.079208,0.865352,1.609459,1
11844,131.600000,-0.077515,0.865601,1.607601,1
11845,131.611111,-0.076494,0.865536,1.605110,1
11846,131.622222,-0.075323,0.865901,1.602789,1
11847,131.633333,-0.074517,0.866422,1.601035,1
11848,131.644444,-0.073875,0.866793,1.599229,1
11849,131.655556,-0.073278,0.867106,1.597962,1
11850,131.666667,-0.073540,0.868431,1.596935,1
11851,131.677778,-0.073258,0.869213,1.594479,1
11852,131.688889,-0.073628,0.869704,1.592887,1
11853,131.700000,-0.073654,0.869570,1.591194,1
11854,131.711111,-0.073522,0.869075,1.589873,1
11855,131.722222,-0.072361,0.867490,1.588207,1
11856,131.733333,-0.071482,0.866947,1.586335,1
11857,131.744444,-0.070844,0.866641,1.584352,1
11858,131.755556,-0.071652,0.864813,1.583330,1
11859,131.766667,-0.071732,0.864448,1.581230,1
11860,131.777778,-0.072262,0.864014,1.579609,1
11861,131.788889,-0.072968,0.863638,1.577751,1
11862,131.800000,-0.074568,0.863478,1.577012,1
11863,131.811111,-0.074905,0.863495,1.576115,1
11864,131.822222,-0.075425,0.863654,1.574734,1
11865,131.833333,-0.075989,0.863819,1.573418,1
11866,131.844444,-0.076689,0.864009,1.572074,1
11867,131.855556,-0.077487,0.864138,1.571081,1
11868,131.866667,-0.078214,0.864289,1.569761,1
11869,131.877778,-0.079155,0.864582,1.568453,1
11870,131.888889,-0.080024,0.864722,1.567322,1
11871,131.900000,-0.081037,0.864996,1.566083,1
11872,131.911111,-0.082032,0.865139,1.564864,1
11873,131.922222,-0.082938,0.865183,1.563396,1
11874,131.933333,-0.083921,0.865148,1.561907,1
11875,131.944444,-0.084769,0.864985,1.560420,1
11876,131.955556,-0.085759,0.864896,1.558845,1
11877,131.966667,-0.086461,0.864545,1.557183,1
11878,131.977778,-0.087280,0.864064,1.555558,1
11879,131.988889,-0.088073,0.863552,1.554011,1
11880,132.000000,-0.088815,0.862969,1.552303,1
11881,132.011111,-0.089700,0.862489,1.550672,1
11882,132.022222,-0.092196,0.862493,1.549846,1
11883,132.033333,-0.095471,0.861348,1.549310,1
11884,132.044444,-0.097801,0.860951,1.548533,1
11885,132.055556,-0.101284,0.860591,1.545450,1
11886,132.066667,-0.102727,0.860305,1.543895,1
11887,132.077778,-0.104518,0.860526,1.543282,1
11888,132.088889,-0.106421,0.860602,1.542498,1
11889,132.100000,-0.108226,0.860864,1.541572,1
11890,132.111111,-0.110043,0.861126,1.540769,1
11891,132.122222,-0.111814,0.861247,1.539890,1
11892,132.133333,-0.113771,0.861603,1.538502,1
11893,132.144444,-0.114812,0.861846,1.537743,1
11894,132.155556,-0.116164,0.861994,1.537049,1
11895,132.166667,-0.116979,0.862186,1.536094,1
11896,132.177778,-0.118629,0.862293,1.535236,1
11897,132.188889,-0.120167,0.862445,1.534215,1
11898,132.200000,-0.121683,0.862603,1.533275,1
11899,132.211111,-0.123256,0.862694,1.532386,1
11900,132.222222,-0.124553,0.862827,1.531453,1
11901,132.233333,-0.125580,0.862972,1.530481,1
11902,132.244444,-0.127118,0.863291,1.529492,1
11903,132.255556,-0.128435,0.863443,1.528658,1
11904,132.266667,-0.129746,0.863627,1.527813,1
11905,132.277778,-0.131123,0.863780,1.526937,1
11906,132.288889,-0.132208,0.863926,1.526198,1
11907,132.300000,-0.133188,0.864063,1.525333,1
11908,132.311111,-0.134327,0.864212,1.524591,1
11909,132.322222,-0.135559,0.864246,1.523901,1
11910,132.333333,-0.136739,0.864350,1.523067,1
11911,132.344444,-0.137839,0.864410,1.522357,1
11912,132.355556,-0.138828,0.864387,1.521542,1
11913,132.366667,-0.139923,0.864364,1.521084,1
11914,132.377778,-0.141888,0.863297,1.524438,1
11915,132.388889,-0.142849,0.864386,1.521666,1
11916,132.400000,-0.143918,0.864991,1.520802,1
11917,132.411111,-0.145510,0.864382,1.522941,1
11918,132.422222,-0.145779,0.865717,1.519964,1
11919,132.433333,-0.146424,0.866139,1.519220,1
11920,132.444444,-0.146908,0.866621,1.518359,1
11921,132.455556,-0.147648,0.867033,1.517773,1
11922,132.466667,-0.147901,0.867298,1.517324,1
11923,132.477778,-0.148097,0.867307,1.517133,1
11924,132.488889,-0.148156,0.867510,1.516907,1
11925,132.500000,-0.148376,0.867657,1.516732,1
11926,132.511111,-0.149066,0.867600,1.516445,1
11927,132.522222,-0.149534,0.866745,1.520270,1
11928,132.533333,-0.148924,0.867084,1.520371,1
11929,132.544444,-0.148602,0.867157,1.520314,1
11930,132.555556,-0.148156,0.867454,1.520260,1
11931,132.566667,-0.147956,0.867641,1.520327,1
11932,132.577778,-0.147816,0.867559,1.520438,1
11933,132.588889,-0.147694,0.867615,1.520574,1
11934,132.600000,-0.147692,0.867508,1.520606,1
11935,132.611111,-0.148023,0.867403,1.520721,1
11936,132.622222,-0.147988,0.867399,1.520837,1
11937,132.633333,-0.147901,0.867171,1.520936,1
11938,132.644444,-0.147559,0.866983,1.521032,1
11939,132.655556,-0.147714,0.866602,1.520111,1
11940,132.666667,-0.147675,0.866341,1.520487,1
11941,132.677778,-0.147130,0.865954,1.520500,1
11942,132.688889,-0.146983,0.865635,1.521077,1
11943,132.700000,-0.146775,0.865418,1.521435,1
11944,132.711111,-0.146124,0.865159,1.521800,1
11945,132.722222,-0.145293,0.864813,1.522088,1
11946,132.733333,-0.144413,0.864483,1.522403,1
11947,132.744444,-0.147110,0.863870,1.519607,1
11948,132.755556,-0.145517,0.863836,1.519274,1
11949,132.766667,-0.144600,0.863086,1.519327,1
11950,132.777778,-0.143875,0.862382,1.519294,1
11951,132.788889,-0.142310,0.861348,1.519070,1
11952,132.800000,-0.140763,0.857981,1.519414,1
11953,132.811111,-0.140392,0.860132,1.518929,1
11954,132.822222,-0.139388,0.860695,1.518990,1
11955,132.833333,-0.138272,0.860711,1.519612,1
11956,132.844444,-0.136819,0.860547,1.519959,1
11957,132.855556,-0.135179,0.860205,1.520343,1
11958,132.866667,-0.133616,0.860080,1.520767,1
11959,132.877778,-0.132089,0.859867,1.520935,1
11960,132.888889,-0.130608,0.859582,1.521197,1
11961,132.900000,-0.129191,0.859304,1.521314,1
11962,132.911111,-0.127589,0.858997,1.521444,1
11963,132.922222,-0.125796,0.858870,1.521382,1
11964,132.933333,-0.123952,0.858806,1.521412,1
11965,132.944444,-0.122039,0.858857,1.521404,1
11966,132.955556,-0.120374,0.858925,1.521307,1
11967,132.966667,-0.118276,0.859098,1.521316,1
11968,132.977778,-0.116585,0.859129,1.520977,1
11969,132.988889,-0.114821,0.858796,1.520798,1
11970,133.000000,-0.113531,0.858755,1.519116,1
11971,133.011111,-0.112113,0.858373,1.518781,1
11972,133.022222,-0.110960,0.858030,1.518188,1
11973,133.033333,-0.110881,0.857379,1.517619,1
11974,133.044444,-0.112544,0.857254,1.516839,1
11975,133.055556,-0.111176,0.856617,1.516011,1
11976,133.066667,-0.111993,0.855276,1.516887,1
11977,133.077778,-0.111490,0.854211,1.516953,1
11978,133.088889,-0.110322,0.854319,1.516739,1
11979,133.100000,-0.108800,0.855032,1.516242,1
11980,133.111111,-0.108300,0.855408,1.515220,1
11981,133.122222,-0.107164,0.856188,1.514276,1
11982,133.133333,-0.106231,0.857023,1.513123,1
11983,133.144444,-0.105742,0.857787,1.511576,1
11984,133.155556,-0.103657,0.859316,1.509625,1
11985,133.166667,-0.102440,0.860848,1.507510,1
11986,133.177778,-0.100994,0.862518,1.505217,1
11987,133.188889,-0.099485,0.864351,1.502050,1
11988,133.200000,-0.097158,0.864547,1.500142,1
11989,133.211111,-0.094835,0.863595,1.498396,1
11990,133.222222,-0.090829,0.862729,1.495269,1
11991,133.233333,-0.088685,0.861278,1.493646,1
11992,133.244444,-0.087099,0.861504,1.490744,1
11993,133.255556,-0.086390,0.864328,1.487497,1
11994,133.266667,-0.085531,0.865996,1.483712,1
11995,133.277778,-0.085579,0.865627,1.480637,1
11996,133.288889,-0.085476,0.865382,1.477055,1
11997,133.300000,-0.084840,0.864928,1.472754,1
11998,133.311111,-0.084460,0.865660,1.469222,1
11999,133.322222,-0.083352,0.866650,1.463583,1
12000,133.333333,-0.082406,0.867153,1.459091,1
12001,133.344444,-0.082241,0.868095,1.455237,1
12002,133.355556,-0.082119,0.867968,1.450402,1
12003,133.366667,-0.081157,0.867886,1.446356,1
12004,133.377778,-0.078982,0.867237,1.443847,1
12005,133.388889,-0.077675,0.866108,1.441582,1
12006,133.400000,-0.077190,0.866150,1.439316,1
12007,133.411111,-0.073816,0.867518,1.435039,1
12008,133.422222,-0.070626,0.868599,1.431818,1
12009,133.433333,-0.068834,0.868885,1.428366,1
12010,133.444444,-0.067329,0.869211,1.424999,1
12011,133.455556,-0.066617,0.869377,1.422159,1
12012,133.466667,-0.066415,0.869981,1.419969,1
12013,133.477778,-0.068090,0.870164,1.417376,1
12014,133.488889,-0.067063,0.870848,1.415027,1
12015,133.500000,-0.067481,0.871522,1.412784,1
12016,133.511111,-0.068390,0.872114,1.408829,1
12017,133.522222,-0.068672,0.872935,1.405587,1
12018,133.533333,-0.069026,0.873542,1.402185,1
12019,133.544444,-0.069575,0.874243,1.398753,1
12020,133.555556,-0.069738,0.874722,1.395543,1
12021,133.566667,-0.069742,0.875515,1.392471,1
12022,133.577778,-0.069616,0.876149,1.389617,1
12023,133.588889,-0.069978,0.876490,1.386581,1
12024,133.600000,-0.070497,0.876936,1.383908,1
12025,133.611111,-0.070505,0.877567,1.381357,1
12026,133.622222,-0.071520,0.876709,1.378346,1
12027,133.633333,-0.071672,0.876705,1.376185,1
12028,133.644444,-0.071871,0.875966,1.374900,1
12029,133.655556,-0.071530,0.875796,1.373172,1
12030,133.666667,-0.071798,0.874236,1.370467,1
12031,133.677778,-0.072072,0.874435,1.368492,1
12032,133.688889,-0.072356,0.875027,1.366679,1
12033,133.700000,-0.072414,0.875982,1.365117,1
12034,133.711111,-0.073444,0.877011,1.363718,1
12035,133.722222,-0.073857,0.879114,1.361951,1
12036,133.733333,-0.074538,0.880832,1.360585,1
12037,133.744444,-0.075235,0.882369,1.359279,1
12038,133.755556,-0.076357,0.883522,1.358028,1
12039,133.766667,-0.077642,0.884600,1.356856,1
12040,133.777778,-0.079725,0.883995,1.356227,1
12041,133.788889,-0.080803,0.883148,1.355864,1
12042,133.800000,-0.082044,0.883012,1.354770,1
12043,133.811111,-0.083799,0.882238,1.354493,1
12044,133.822222,-0.085376,0.881669,1.353750,1
12045,133.833333,-0.086796,0.881177,1.352982,1
12046,133.844444,-0.088349,0.880486,1.352595,1
12047,133.855556,-0.089766,0.880097,1.352291,1
12048,133.866667,-0.090874,0.879540,1.351963,1
12049,133.877778,-0.092056,0.879312,1.352083,1
12050,133.888889,-0.092924,0.878937,1.352074,1
12051,133.900000,-0.095048,0.876677,1.350653,1
12052,133.911111,-0.093477,0.874927,1.350498,1
12053,133.922222,-0.094235,0.874424,1.351464,1
12054,133.933333,-0.094400,0.874086,1.352013,1
12055,133.944444,-0.095271,0.873691,1.352306,1
12056,133.955556,-0.095720,0.873432,1.352977,1
12057,133.966667,-0.096550,0.873477,1.353792,1
12058,133.977778,-0.097319,0.873674,1.354538,1
12059,133.988889,-0.097807,0.873969,1.354962,1
12060,134.000000,-0.097485,0.874489,1.356176,1
12061,134.011111,-0.098210,0.874412,1.357210,1
12062,134.022222,-0.100301,0.874743,1.358957,1
12063,134.033333,-0.107708,0.877197,1.362229,1
12064,134.044444,-0.107931,0.876442,1.363062,1
12065,134.055556,-0.108171,0.876747,1.364496,1
12066,134.066667,-0.108512,0.876539,1.365324,1
12067,134.077778,-0.108660,0.876458,1.366026,1
12068,134.088889,-0.110326,0.876455,1.366660,1
12069,134.100000,-0.110863,0.876324,1.367374,1
12070,134.111111,-0.113230,0.876533,1.367664,1
12071,134.122222,-0.115310,0.876575,1.367772,1
12072,134.133333,-0.119583,0.877068,1.365150,1
12073,134.144444,-0.120952,0.876996,1.364579,1
12074,134.155556,-0.121880,0.877457,1.364025,1
12075,134.166667,-0.122127,0.877917,1.361974,1
12076,134.177778,-0.122718,0.877946,1.362157,1
12077,134.188889,-0.123223,0.877515,1.362317,1
12078,134.200000,-0.123404,0.877530,1.362727,1
12079,134.211111,-0.123611,0.877572,1.363121,1
12080,134.222222,-0.124137,0.877325,1.362626,1
12081,134.233333,-0.124318,0.877262,1.363135,1
12082,134.244444,-0.124484,0.877232,1.363588,1
12083,134.255556,-0.124524,0.877269,1.363985,1
12084,134.266667,-0.124634,0.877317,1.364521,1
12085,134.277778,-0.124671,0.877219,1.364871,1
12086,134.288889,-0.124833,0.877047,1.365298,1
12087,134.300000,-0.125096,0.876755,1.364147,1
12088,134.311111,-0.125607,0.876644,1.363942,1
12089,134.322222,-0.126030,0.876675,1.364163,1
12090,134.333333,-0.126302,0.876233,1.362709,1
12091,134.344444,-0.126277,0.875688,1.361132,1
12092,134.355556,-0.126324,0.875469,1.360865,1
12093,134.366667,-0.126242,0.875253,1.360355,1
12094,134.377778,-0.125669,0.874774,1.359078,1
12095,134.388889,-0.125799,0.874834,1.359280,1
12096,134.400000,-0.125833,0.874683,1.359491,1
12097,134.411111,-0.125746,0.874588,1.359431,1
12098,134.422222,-0.125863,0.874578,1.359620,1
12099,134.433333,-0.125843,0.874449,1.359975,1
12100,134.444444,-0.125785,0.874638,1.360298,1
12101,134.455556,-0.125578,0.874506,1.359893,1
12102,134.466667,-0.125364,0.874311,1.359534,1
12103,134.477778,-0.125304,0.874159,1.359495,1
12104,134.488889,-0.125016,0.874017,1.359048,1
12105,134.500000,-0.125015,0.874067,1.359090,1
12106,134.511111,-0.124883,0.873974,1.358880,1
12107,134.522222,-0.124963,0.873993,1.358910,1
12108,134.533333,-0.124781,0.873843,1.358514,1
12109,134.544444,-0.124842,0.873831,1.358512,1
12110,134.555556,-0.124828,0.873779,1.358376,1
12111,134.566667,-0.124827,0.873299,1.358569,1
12112,134.577778,-0.125776,0.872676,1.359520,1
12113,134.588889,-0.125878,0.872700,1.359510,1
12114,134.600000,-0.126009,0.872794,1.359452,1
12115,134.611111,-0.126092,0.872743,1.359454,1
12116,134.622222,-0.125922,0.872658,1.359035,1
12117,134.633333,-0.125902,0.872594,1.358836,1
12118,134.644444,-0.126019,0.872575,1.358758,1
12119,134.655556,-0.126042,0.872743,1.358523,1
12120,134.666667,-0.126201,0.872808,1.358341,1
12121,134.677778,-0.126185,0.872700,1.358036,1
12122,134.688889,-0.126189,0.872563,1.358302,1
12123,134.700000,-0.126293,0.873781,1.357860,1
12124,134.711111,-0.126298,0.873914,1.357203,1
12125,134.722222,-0.126130,0.873065,1.356768,1
12126,134.733333,-0.125990,0.872999,1.356395,1
12127,134.744444,-0.125329,0.872784,1.355893,1
12128,134.755556,-0.125709,0.874045,1.355914,1
12129,134.766667,-0.125767,0.874401,1.355692,1
12130,134.777778,-0.125598,0.874533,1.355315,1
12131,134.788889,-0.125524,0.874802,1.355014,1
12132,134.800000,-0.125460,0.874793,1.354780,1
12133,134.811111,-0.125044,0.874563,1.354258,1
12134,134.822222,-0.124870,0.874640,1.353879,1
12135,134.833333,-0.124736,0.874395,1.353682,1
12136,134.844444,-0.124386,0.874260,1.353251,1
12137,134.855556,-0.124026,0.874075,1.352917,1
12138,134.866667,-0.123663,0.873872,1.352717,1
12139,134.877778,-0.123454,0.873905,1.352432,1
12140,134.888889,-0.123227,0.873804,1.352219,1
12141,134.900000,-0.122880,0.873572,1.352051,1
12142,134.911111,-0.122756,0.873573,1.352021,1
12143,134.922222,-0.122812,0.873677,1.352068,1
12144,134.933333,-0.122581,0.873640,1.351957,1
12145,134.944444,-0.122377,0.873458,1.351743,1
12146,134.955556,-0.122115,0.873267,1.351669,1
12147,134.966667,-0.121691,0.873116,1.351425,1
12148,134.977778,-0.121502,0.872996,1.351412,1
12149,134.988889,-0.121254,0.872914,1.351338,1
12150,135.000000,-0.120935,0.872641,1.351277,1
12151,135.011111,-0.120823,0.872825,1.351187,1
12152,135.022222,-0.120490,0.872704,1.351122,1
12153,135.033333,-0.120537,0.872842,1.351177,1
12154,135.044444,-0.119990,0.872439,1.351022,1
12155,135.055556,-0.119821,0.872323,1.350969,1
12156,135.066667,-0.119475,0.872229,1.351053,1
12157,135.077778,-0.119637,0.872511,1.351220,1
12158,135.088889,-0.119513,0.872543,1.351295,1
12159,135.100000,-0.119440,0.872600,1.351398,1
12160,135.111111,-0.119376,0.872725,1.351458,1
12161,135.122222,-0.119107,0.872547,1.351548,1
12162,135.133333,-0.118855,0.872533,1.351516,1
12163,135.144444,-0.118616,0.872517,1.351543,1
12164,135.155556,-0.118421,0.872484,1.351675,1
12165,135.166667,-0.118151,0.872398,1.351791,1
12166,135.177778,-0.117587,0.872836,1.351447,1
12167,135.188889,-0.117313,0.872865,1.351335,1
12168,135.200000,-0.117330,0.872898,1.351439,1
12169,135.211111,-0.117331,0.872530,1.351821,1
12170,135.222222,-0.117034,0.872822,1.351891,1
12171,135.233333,-0.117089,0.873004,1.351843,1
12172,135.244444,-0.117316,0.872714,1.352235,1
12173,135.255556,-0.117107,0.872696,1.352251,1
12174,135.266667,-0.116968,0.872715,1.352225,1
12175,135.277778,-0.116787,0.872601,1.352331,1
12176,135.288889,-0.116939,0.872762,1.352497,1
12177,135.300000,-0.116856,0.872685,1.352523,1
12178,135.311111,-0.116621,0.872650,1.352434,1
12179,135.322222,-0.116534,0.872713,1.352342,1
12180,135.333333,-0.116535,0.872803,1.352310,1
12181,135.344444,-0.116497,0.872801,1.352411,1
12182,135.355556,-0.116595,0.872966,1.352434,1
12183,135.366667,-0.116539,0.872940,1.352409,1
12184,135.377778,-0.116493,0.872945,1.352431,1
12185,135.388889,-0.116402,0.872831,1.352436,1
12186,135.400000,-0.116644,0.873144,1.352497,1
12187,135.411111,-0.116714,0.873119,1.352590,1
12188,135.422222,-0.116790,0.873290,1.352562,1
12189,135.433333,-0.116752,0.873345,1.352490,1
12190,135.444444,-0.116739,0.873187,1.352487,1
12191,135.455556,-0.116825,0.873128,1.352439,1
12192,135.466667,-0.116659,0.872897,1.352360,1
12193,135.477778,-0.116750,0.872847,1.352389,1
12194,135.488889,-0.116884,0.872909,1.352362,1
12195,135.500000,-0.116855,0.872904,1.352316,1
12196,135.511111,-0.117010,0.872975,1.352288,1
12197,135.522222,-0.116976,0.872814,1.352203,1
12198,135.533333,-0.117103,0.872792,1.352028,1
12199,135.544444,-0.116715,0.872359,1.351784,1
12200,135.555556,-0.116766,0.872331,1.351760,1
12201,135.566667,-0.116930,0.872383,1.351727,1
12202,135.577778,-0.117083,0.872301,1.351676,1
12203,135.588889,-0.117194,0.872225,1.351660,1
12204,135.600000,-0.117291,0.872226,1.351540,1
12205,135.611111,-0.117349,0.872185,1.351494,1
12206,135.622222,-0.117650,0.872111,1.351516,1
12207,135.633333,-0.117689,0.872134,1.351338,1
12208,135.644444,-0.117609,0.872023,1.351180,1
12209,135.655556,-0.117562,0.871989,1.351081,1
12210,135.666667,-0.117572,0.871912,1.350962,1
12211,135.677778,-0.117619,0.871808,1.350929,1
12212,135.688889,-0.117611,0.871818,1.350846,1
12213,135.700000,-0.117630,0.871853,1.350602,1
12214,135.711111,-0.117269,0.871434,1.350482,1
12215,135.722222,-0.116958,0.871365,1.350191,1
12216,135.733333,-0.116715,0.871138,1.350130,1
12217,135.744444,-0.116057,0.870938,1.350711,1
12218,135.755556,-0.118468,0.873244,1.351950,1
12219,135.766667,-0.118417,0.873458,1.351520,1
12220,135.777778,-0.118319,0.873419,1.351388,1
12221,135.788889,-0.118339,0.873417,1.351480,1
12222,135.800000,-0.118405,0.873687,1.351451,1
12223,135.811111,-0.118228,0.873745,1.351381,1
12224,135.822222,-0.117951,0.873599,1.351301,1
12225,135.833333,-0.118029,0.873844,1.351381,1
12226,135.844444,-0.117992,0.874087,1.351344,1
12227,135.855556,-0.117787,0.874058,1.351507,1
12228,135.866667,-0.117167,0.874069,1.351131,1
12229,135.877778,-0.116793,0.874041,1.350964,1
12230,135.888889,-0.116409,0.873956,1.350715,1
12231,135.900000,-0.115896,0.874066,1.350380,1
12232,135.911111,-0.115499,0.874168,1.349925,1
12233,135.922222,-0.115086,0.873916,1.349579,1
12234,135.933333,-0.114748,0.874485,1.349014,1
12235,135.944444,-0.113745,0.875156,1.347363,1
12236,135.955556,-0.113109,0.875121,1.346531,1
12237,135.966667,-0.112636,0.874984,1.345981,1
12238,135.977778,-0.112425,0.874929,1.345922,1
12239,135.988889,-0.112006,0.874652,1.345861,1
12240,136.000000,-0.111060,0.874455,1.345637,1
12241,136.011111,-0.109851,0.874428,1.344720,1
12242,136.022222,-0.108828,0.874322,1.344065,1
12243,136.033333,-0.107752,0.874234,1.343284,1
12244,136.044444,-0.107172,0.874447,1.343185,1
12245,136.055556,-0.106461,0.874400,1.342801,1
12246,136.066667,-0.104162,0.873870,1.341941,1
12247,136.077778,-0.102961,0.873535,1.341222,1
12248,136.088889,-0.101558,0.873166,1.340681,1
12249,136.100000,-0.100440,0.872879,1.340154,1
12250,136.111111,-0.099067,0.872326,1.339624,1
12251,136.122222,-0.097899,0.872218,1.339530,1
12252,136.133333,-0.096816,0.872197,1.339420,1
12253,136.144444,-0.095754,0.872226,1.339496,1
12254,136.155556,-0.094211,0.872303,1.339414,1
12255,136.166667,-0.092930,0.872662,1.339168,1
12256,136.177778,-0.091602,0.873168,1.338863,1
12257,136.188889,-0.090308,0.873944,1.338550,1
12258,136.200000,-0.089184,0.875003,1.338717,1
12259,136.211111,-0.088025,0.876040,1.339221,1
12260,136.222222,-0.087145,0.877011,1.340041,1
12261,136.233333,-0.086133,0.877953,1.341182,1
12262,136.244444,-0.086083,0.879813,1.343411,1
12263,136.255556,-0.082576,0.879537,1.343709,1
12264,136.266667,-0.082142,0.882371,1.346287,1
12265,136.277778,-0.081270,0.886163,1.349120,1
12266,136.288889,-0.080707,0.885470,1.347483,1
12267,136.300000,-0.081017,0.887207,1.348142,1
12268,136.311111,-0.081706,0.890589,1.350641,1
12269,136.322222,-0.083433,0.895257,1.354215,1
12270,136.333333,-0.085292,0.900623,1.357885,1
12271,136.344444,-0.087082,0.905768,1.361173,1
12272,136.355556,-0.088033,0.912159,1.364501,1
12273,136.366667,-0.087037,0.912507,1.366558,1
12274,136.377778,-0.085905,0.911740,1.368932,1
12275,136.388889,-0.084796,0.910077,1.371316,1
12276,136.400000,-0.083458,0.909756,1.373815,1
12277,136.411111,-0.081955,0.909333,1.376575,1
12278,136.422222,-0.080264,0.909188,1.379946,1
12279,136.433333,-0.079370,0.908670,1.384500,1
12280,136.444444,-0.078445,0.908260,1.387545,1
12281,136.455556,-0.077410,0.908593,1.390949,1
12282,136.466667,-0.075758,0.909122,1.394836,1
12283,136.477778,-0.074281,0.909482,1.398669,1
12284,136.488889,-0.072750,0.910191,1.402527,1
12285,136.500000,-0.071252,0.910760,1.406330,1
12286,136.511111,-0.070004,0.911362,1.410106,1
12287,136.522222,-0.068750,0.911766,1.413852,1
12288,136.533333,-0.067511,0.912129,1.417578,1
12289,136.544444,-0.066271,0.912420,1.421359,1
12290,136.555556,-0.065363,0.912143,1.424824,1
12291,136.566667,-0.064300,0.911572,1.428288,1
12292,136.577778,-0.063425,0.911210,1.431757,1
12293,136.588889,-0.062178,0.910032,1.435019,1
12294,136.600000,-0.061243,0.909596,1.438395,1
12295,136.611111,-0.060421,0.909002,1.441840,1
12296,136.622222,-0.059337,0.908674,1.445236,1
12297,136.633333,-0.058777,0.908286,1.448530,1
12298,136.644444,-0.058147,0.908026,1.451802,1
12299,136.655556,-0.057516,0.907646,1.455126,1
12300,136.666667,-0.056782,0.907456,1.458449,1
12301,136.677778,-0.055926,0.907418,1.461912,1
12302,136.688889,-0.055546,0.907004,1.465236,1
12303,136.700000,-0.054855,0.906750,1.468895,1
12304,136.711111,-0.055379,0.908469,1.473241,1
12305,136.722222,-0.055320,0.912633,1.478327,1
12306,136.733333,-0.054430,0.917711,1.483087,1
12307,136.744444,-0.051829,0.922806,1.486408,1
12308,136.755556,-0.049646,0.926908,1.489552,1
12309,136.766667,-0.048013,0.929252,1.492544,1
12310,136.777778,-0.046828,0.930348,1.495170,1
12311,136.788889,-0.045956,0.930610,1.497605,1
12312,136.800000,-0.044388,0.930317,1.500209,1
12313,136.811111,-0.043574,0.927687,1.502320,1
12314,136.822222,-0.044527,0.922276,1.504023,1
12315,136.833333,-0.045307,0.917501,1.505429,1
12316,136.844444,-0.045828,0.913378,1.506683,1
12317,136.855556,-0.045831,0.910303,1.507495,1
12318,136.866667,-0.045833,0.908459,1.508414,1
12319,136.877778,-0.046112,0.907440,1.509798,1
12320,136.888889,-0.046501,0.906742,1.511483,1
12321,136.900000,-0.046807,0.906581,1.513118,1
12322,136.911111,-0.047129,0.906369,1.514663,1
12323,136.922222,-0.047401,0.905954,1.515734,1
12324,136.933333,-0.048294,0.905703,1.517902,1
12325,136.944444,-0.049073,0.906113,1.519341,1
12326,136.955556,-0.049514,0.906084,1.520885,1
12327,136.966667,-0.050100,0.906175,1.522452,1
12328,136.977778,-0.050608,0.906346,1.523983,1
12329,136.988889,-0.050944,0.906280,1.525209,1
12330,137.000000,-0.051532,0.906064,1.526593,1
12331,137.011111,-0.052225,0.905782,1.528062,1
12332,137.022222,-0.052763,0.905816,1.529444,1
12333,137.033333,-0.053264,0.905706,1.530670,1
12334,137.044444,-0.053754,0.905430,1.531894,1
12335,137.055556,-0.053971,0.904793,1.533634,1
12336,137.066667,-0.051833,0.904287,1.533657,1
12337,137.077778,-0.052645,0.904171,1.534850,1
12338,137.088889,-0.053680,0.903892,1.536251,1
12339,137.100000,-0.054335,0.903553,1.537244,1
12340,137.111111,-0.055163,0.903168,1.538895,1
12341,137.122222,-0.055863,0.902797,1.540102,1
12342,137.133333,-0.056431,0.902605,1.541221,1
12343,137.144444,-0.056881,0.902441,1.541843,1
12344,137.155556,-0.057585,0.902397,1.542831,1
12345,137.166667,-0.057973,0.901832,1.543091,1
12346,137.177778,-0.058423,0.901624,1.543446,1
12347,137.188889,-0.058997,0.901126,1.543719,1
12348,137.200000,-0.059491,0.901141,1.543958,1
12349,137.211111,-0.060311,0.901226,1.544714,1
12350,137.222222,-0.060746,0.901158,1.544866,1
12351,137.233333,-0.061146,0.901109,1.544697,1
12352,137.244444,-0.061685,0.901241,1.544697,1
12353,137.255556,-0.062359,0.901420,1.544796,1
12354,137.266667,-0.062753,0.901501,1.544560,1
12355,137.277778,-0.063285,0.901755,1.544482,1
12356,137.288889,-0.063637,0.901986,1.544253,1
12357,137.300000,-0.064185,0.902033,1.543909,1
12358,137.311111,-0.064627,0.902342,1.543508,1
12359,137.322222,-0.065077,0.902191,1.543022,1
12360,137.333333,-0.065499,0.902235,1.542476,1
12361,137.344444,-0.065866,0.902371,1.541267,1
12362,137.355556,-0.066702,0.902315,1.541042,1
12363,137.366667,-0.066715,0.902389,1.540104,1
12364,137.377778,-0.067396,0.902218,1.539293,1
12365,137.388889,-0.067942,0.902163,1.538900,1
12366,137.400000,-0.068548,0.902319,1.538805,1
12367,137.411111,-0.069205,0.902497,1.538153,1
12368,137.422222,-0.070039,0.902506,1.537808,1
12369,137.433333,-0.070955,0.902652,1.537409,1
12370,137.444444,-0.072069,0.902732,1.537111,1
12371,137.455556,-0.072284,0.902849,1.536367,1
12372,137.466667,-0.073195,0.902858,1.535822,1
12373,137.477778,-0.074408,0.903264,1.535805,1
12374,137.488889,-0.075190,0.903378,1.535343,1
12375,137.500000,-0.076021,0.903359,1.534793,1
12376,137.511111,-0.076848,0.903562,1.534530,1
12377,137.522222,-0.077863,0.903559,1.534263,1
12378,137.533333,-0.078689,0.903520,1.533556,1
12379,137.544444,-0.079430,0.903510,1.533085,1
12380,137.555556,-0.080138,0.903583,1.532742,1
12381,137.566667,-0.080449,0.903302,1.532005,1
12382,137.577778,-0.080962,0.903278,1.531316,1
12383,137.588889,-0.081662,0.903526,1.531182,1
12384,137.600000,-0.082385,0.903762,1.530157,1
12385,137.611111,-0.084546,0.903692,1.530116,1
12386,137.622222,-0.085426,0.903718,1.529913,1
12387,137.633333,-0.086132,0.903696,1.529520,1
12388,137.644444,-0.086855,0.903862,1.529366,1
12389,137.655556,-0.087568,0.903904,1.529023,1
12390,137.666667,-0.088228,0.903765,1.528697,1
12391,137.677778,-0.088808,0.903761,1.528420,1
12392,137.688889,-0.089377,0.903725,1.528035,1
12393,137.700000,-0.089930,0.903883,1.527851,1
12394,137.711111,-0.090566,0.903932,1.527600,1
12395,137.722222,-0.091080,0.903839,1.527395,1
12396,137.733333,-0.091616,0.903676,1.527052,1
12397,137.744444,-0.092004,0.904397,1.525591,1
12398,137.755556,-0.092061,0.904572,1.525030,1
12399,137.766667,-0.092420,0.904563,1.524894,1
12400,137.777778,-0.092568,0.904581,1.525350,1
12401,137.788889,-0.093123,0.904805,1.525612,1
12402,137.800000,-0.093150,0.904502,1.525265,1
12403,137.811111,-0.093523,0.904519,1.525276,1
12404,137.822222,-0.093422,0.904593,1.525010,1
12405,137.833333,-0.093394,0.904233,1.524562,1
12406,137.844444,-0.093284,0.904458,1.524127,1
12407,137.855556,-0.093472,0.904324,1.524002,1
12408,137.866667,-0.093304,0.904167,1.523553,1
12409,137.877778,-0.093750,0.904349,1.524048,1
12410,137.888889,-0.093252,0.904202,1.527547,1
12411,137.900000,-0.093782,0.904501,1.528579,1
12412,137.911111,-0.093406,0.904335,1.528491,1
12413,137.922222,-0.093025,0.904245,1.528424,1
12414,137.933333,-0.092710,0.904120,1.528559,1
12415,137.944444,-0.092273,0.904178,1.528504,1
12416,137.955556,-0.091769,0.904191,1.528556,1
12417,137.966667,-0.091180,0.904218,1.528484,1
12418,137.977778,-0.090500,0.904271,1.528596,1
12419,137.988889,-0.090074,0.904282,1.527560,1
12420,138.000000,-0.089459,0.904357,1.527012,1
12421,138.011111,-0.088703,0.904623,1.526397,1
12422,138.022222,-0.088235,0.904665,1.527013,1
12423,138.033333,-0.087657,0.905131,1.527382,1
12424,138.044444,-0.086693,0.905332,1.527110,1
12425,138.055556,-0.086091,0.905808,1.527054,1
12426,138.066667,-0.085048,0.906147,1.525990,1
12427,138.077778,-0.084660,0.906547,1.525187,1
12428,138.088889,-0.083597,0.907047,1.524306,1
12429,138.100000,-0.082749,0.907461,1.523708,1
12430,138.111111,-0.081621,0.907963,1.522455,1
12431,138.122222,-0.080576,0.908105,1.521654,1
12432,138.133333,-0.079600,0.908426,1.520956,1
12433,138.144444,-0.078629,0.907813,1.520148,1
12434,138.155556,-0.077164,0.907424,1.519562,1
12435,138.166667,-0.075821,0.907141,1.518718,1
12436,138.177778,-0.074309,0.907043,1.517649,1
12437,138.188889,-0.072843,0.907479,1.516493,1
12438,138.200000,-0.071811,0.910840,1.516118,1
12439,138.211111,-0.071156,0.915474,1.515605,1
12440,138.222222,-0.070799,0.920106,1.515757,1
12441,138.233333,-0.069820,0.920457,1.514481,1
12442,138.244444,-0.068975,0.919123,1.513241,1
12443,138.255556,-0.067951,0.918157,1.511598,1
12444,138.266667,-0.066806,0.917361,1.509682,1
12445,138.277778,-0.065302,0.916495,1.507910,1
12446,138.288889,-0.064121,0.915967,1.505948,1
12447,138.300000,-0.063360,0.915157,1.504135,1
12448,138.311111,-0.062363,0.914473,1.501877,1
12449,138.322222,-0.061263,0.913835,1.499953,1
12450,138.333333,-0.060383,0.912781,1.498062,1
12451,138.344444,-0.060556,0.912163,1.496679,1
12452,138.355556,-0.060081,0.911549,1.495316,1
12453,138.366667,-0.059927,0.910750,1.493838,1
12454,138.377778,-0.059140,0.910108,1.492266,1
12455,138.388889,-0.060000,0.909665,1.490489,1
12456,138.400000,-0.060269,0.909865,1.488559,1
12457,138.411111,-0.060934,0.909602,1.485595,1
12458,138.422222,-0.061327,0.909858,1.482743,1
12459,138.433333,-0.062477,0.909100,1.480451,1
12460,138.444444,-0.063697,0.908911,1.477602,1
12461,138.455556,-0.064629,0.909069,1.474653,1
12462,138.466667,-0.065861,0.908783,1.471571,1
12463,138.477778,-0.066588,0.909077,1.468303,1
12464,138.488889,-0.067520,0.909508,1.464992,1
12465,138.500000,-0.070141,0.909349,1.461874,1
12466,138.511111,-0.073377,0.910761,1.459226,1
12467,138.522222,-0.075035,0.911632,1.456281,1
12468,138.533333,-0.075871,0.912075,1.453310,1
12469,138.544444,-0.076218,0.913434,1.450388,1
12470,138.555556,-0.076360,0.913716,1.447334,1
12471,138.566667,-0.076288,0.913874,1.444572,1
12472,138.577778,-0.076090,0.914492,1.441870,1
12473,138.588889,-0.076187,0.915266,1.438946,1
12474,138.600000,-0.076483,0.916152,1.436213,1
12475,138.611111,-0.076014,0.916807,1.434129,1
12476,138.622222,-0.075973,0.917435,1.432065,1
12477,138.633333,-0.075959,0.918039,1.430397,1
12478,138.644444,-0.075961,0.918363,1.428545,1
12479,138.655556,-0.077267,0.918730,1.426357,1
12480,138.666667,-0.078196,0.918973,1.424483,1
12481,138.677778,-0.078616,0.919398,1.423125,1
12482,138.688889,-0.079219,0.919978,1.421804,1
12483,138.700000,-0.080035,0.920347,1.420582,1
12484,138.711111,-0.080795,0.920649,1.418863,1
12485,138.722222,-0.081666,0.921680,1.417606,1
12486,138.733333,-0.082782,0.922179,1.416416,1
12487,138.744444,-0.083979,0.922480,1.415349,1
12488,138.755556,-0.085514,0.922643,1.414505,1
12489,138.766667,-0.086904,0.922641,1.413868,1
12490,138.777778,-0.088723,0.922417,1.413169,1
12491,138.788889,-0.090499,0.922360,1.412643,1
12492,138.800000,-0.092129,0.922204,1.412322,1
12493,138.811111,-0.093804,0.922209,1.411974,1
12494,138.822222,-0.094959,0.921559,1.413262,1
12495,138.833333,-0.096800,0.921300,1.413089,1
12496,138.844444,-0.099407,0.920915,1.413538,1
12497,138.855556,-0.101433,0.920678,1.413549,1
12498,138.866667,-0.103152,0.919416,1.413604,1
12499,138.877778,-0.105103,0.918538,1.414239,1
12500,138.888889,-0.107268,0.917560,1.414409,1
12501,138.900000,-0.109305,0.916697,1.414565,1
12502,138.911111,-0.111146,0.915781,1.414762,1
12503,138.922222,-0.112510,0.915076,1.415010,1
12504,138.933333,-0.113904,0.913963,1.415367,1
12505,138.944444,-0.115564,0.913333,1.415109,1
12506,138.955556,-0.116931,0.912347,1.415518,1
12507,138.966667,-0.118917,0.911646,1.416424,1
12508,138.977778,-0.120961,0.911266,1.417194,1
12509,138.988889,-0.122671,0.911162,1.417770,1
12510,139.000000,-0.123831,0.911215,1.418191,1
12511,139.011111,-0.124918,0.911398,1.418424,1
12512,139.022222,-0.126051,0.911621,1.418704,1
12513,139.033333,-0.126964,0.911914,1.418798,1
12514,139.044444,-0.127856,0.912464,1.418807,1
12515,139.055556,-0.128523,0.912806,1.418783,1
12516,139.066667,-0.129412,0.912949,1.419003,1
12517,139.077778,-0.130199,0.913008,1.419229,1
12518,139.088889,-0.131088,0.912877,1.419385,1
12519,139.100000,-0.131894,0.912600,1.419560,1
12520,139.111111,-0.133090,0.912289,1.419943,1
12521,139.122222,-0.133852,0.911955,1.419972,1
12522,139.133333,-0.134513,0.911462,1.420158,1
12523,139.144444,-0.135441,0.911175,1.420389,1
12524,139.155556,-0.136104,0.910818,1.420491,1
12525,139.166667,-0.136788,0.910759,1.420578,1
12526,139.177778,-0.137704,0.910502,1.421089,1
12527,139.188889,-0.138641,0.910544,1.420687,1
12528,139.200000,-0.139835,0.910127,1.420982,1
12529,139.211111,-0.140940,0.910283,1.420420,1
12530,139.222222,-0.141376,0.910035,1.419924,1
12531,139.233333,-0.142028,0.909971,1.420047,1
12532,139.244444,-0.142760,0.909895,1.419786,1
12533,139.255556,-0.143085,0.909976,1.419723,1
12534,139.266667,-0.143521,0.909828,1.419522,1
12535,139.277778,-0.144142,0.909783,1.419525,1
12536,139.288889,-0.144564,0.909896,1.419285,1
12537,139.300000,-0.145121,0.909675,1.418944,1
12538,139.311111,-0.145524,0.909643,1.418733,1
12539,139.322222,-0.145901,0.909639,1.418618,1
12540,139.333333,-0.146213,0.909475,1.418709,1
12541,139.344444,-0.146334,0.909502,1.418565,1
12542,139.355556,-0.146403,0.909531,1.418499,1
12543,139.366667,-0.146591,0.909525,1.418166,1
12544,139.377778,-0.146897,0.909534,1.418024,1
12545,139.388889,-0.147151,0.909503,1.417776,1
12546,139.400000,-0.147535,0.909462,1.417772,1
12547,139.411111,-0.147781,0.909702,1.417767,1
12548,139.422222,-0.147899,0.909521,1.418007,1
12549,139.433333,-0.148173,0.909407,1.418527,1
12550,139.444444,-0.148116,0.909607,1.418652,1
12551,139.455556,-0.148160,0.909720,1.418784,1
12552,139.466667,-0.148434,0.909957,1.418960,1
12553,139.477778,-0.148515,0.910155,1.419079,1
12554,139.488889,-0.148670,0.910287,1.419404,1
12555,139.500000,-0.148763,0.910318,1.419612,1
12556,139.511111,-0.148847,0.910357,1.419987,1
12557,139.522222,-0.148946,0.910549,1.420245,1
12558,139.533333,-0.149096,0.910601,1.420629,1
12559,139.544444,-0.149018,0.910866,1.420936,1
12560,139.555556,-0.149241,0.910986,1.421220,1
12561,139.566667,-0.149423,0.910953,1.421666,1
12562,139.577778,-0.149709,0.911066,1.422007,1
12563,139.588889,-0.149934,0.911198,1.422447,1
12564,139.600000,-0.150054,0.911209,1.422701,1
12565,139.611111,-0.150210,0.911250,1.423104,1
12566,139.622222,-0.150582,0.911292,1.423411,1
12567,139.633333,-0.150850,0.911349,1.423736,1
12568,139.644444,-0.151117,0.911217,1.424326,1
12569,139.655556,-0.151479,0.911065,1.424626,1
12570,139.666667,-0.152506,0.910635,1.425119,1
12571,139.677778,-0.153740,0.910605,1.425419,1
12572,139.688889,-0.154890,0.910435,1.425819,1
12573,139.700000,-0.155773,0.910272,1.426224,1
12574,139.711111,-0.156457,0.910054,1.426611,1
12575,139.722222,-0.157003,0.909820,1.427023,1
12576,139.733333,-0.157442,0.909626,1.427375,1
12577,139.744444,-0.157698,0.909509,1.427678,1
12578,139.755556,-0.157979,0.909350,1.428056,1
12579,139.766667,-0.158284,0.909446,1.428072,1
12580,139.777778,-0.158483,0.909223,1.428303,1
12581,139.788889,-0.158599,0.909136,1.428472,1
12582,139.800000,-0.158834,0.909177,1.428767,1
12583,139.811111,-0.159039,0.909028,1.429042,1
12584,139.822222,-0.159222,0.909082,1.429296,1
12585,139.833333,-0.159416,0.909101,1.429570,1
12586,139.844444,-0.159571,0.909099,1.429742,1
12587,139.855556,-0.159647,0.909113,1.429923,1
12588,139.866667,-0.159747,0.909090,1.430219,1
12589,139.877778,-0.159908,0.909084,1.430315,1
12590,139.888889,-0.160019,0.909036,1.430500,1
12591,139.900000,-0.160060,0.909159,1.430649,1
12592,139.911111,-0.160165,0.909051,1.431104,1
12593,139.922222,-0.160321,0.909161,1.431192,1
12594,139.933333,-0.160462,0.909221,1.431267,1
12595,139.944444,-0.160523,0.909231,1.431477,1
12596,139.955556,-0.160559,0.909243,1.431607,1
12597,139.966667,-0.160606,0.909213,1.431773,1
12598,139.977778,-0.160636,0.909268,1.431822,1
12599,139.988889,-0.160792,0.909348,1.431881,1
12600,140.000000,-0.160965,0.909338,1.431988,1
12601,140.011111,-0.161079,0.909461,1.432111,1
12602,140.022222,-0.161300,0.909428,1.432230,1
12603,140.033333,-0.161485,0.909326,1.432344,1
12604,140.044444,-0.161575,0.909292,1.432433,1
12605,140.055556,-0.161780,0.909363,1.432530,1
12606,140.066667,-0.161920,0.909350,1.432500,1
12607,140.077778,-0.161950,0.909212,1.432848,1
12608,140.088889,-0.162110,0.909181,1.433024,1
12609,140.100000,-0.162395,0.909079,1.433356,1
12610,140.111111,-0.162565,0.909013,1.433444,1
12611,140.122222,-0.162759,0.908914,1.433484,1
12612,140.133333,-0.162923,0.908944,1.433465,1
12613,140.144444,-0.163116,0.908873,1.433521,1
12614,140.155556,-0.163264,0.908809,1.433671,1
12615,140.166667,-0.163438,0.908790,1.433757,1
12616,140.177778,-0.163572,0.908703,1.433834,1
12617,140.188889,-0.163802,0.908722,1.433777,1
12618,140.200000,-0.164030,0.908768,1.433679,1
12619,140.211111,-0.164225,0.908755,1.433656,1
12620,140.222222,-0.164307,0.908808,1.433694,1
12621,140.233333,-0.164366,0.908688,1.433714,1
12622,140.244444,-0.164559,0.908721,1.433683,1
12623,140.255556,-0.164652,0.908639,1.433665,1
12624,140.266667,-0.164847,0.908571,1.433692,1
12625,140.277778,-0.165235,0.909949,1.433918,1
12626,140.288889,-0.165845,0.909628,1.434384,1
12627,140.300000,-0.166470,0.909404,1.434933,1
12628,140.311111,-0.166994,0.909007,1.435402,1
12629,140.322222,-0.167420,0.908807,1.435696,1
12630,140.333333,-0.167784,0.908685,1.435796,1
12631,140.344444,-0.167920,0.908481,1.435935,1
12632,140.355556,-0.167925,0.908304,1.435987,1
12633,140.366667,-0.168017,0.908260,1.436037,1
12634,140.377778,-0.167916,0.908287,1.436043,1
12635,140.388889,-0.167823,0.908167,1.436048,1
12636,140.400000,-0.167887,0.908086,1.435905,1
12637,140.411111,-0.167850,0.908035,1.435807,1
12638,140.422222,-0.167898,0.908062,1.435710,1
12639,140.433333,-0.167903,0.908071,1.435729,1
12640,140.444444,-0.167864,0.908026,1.435550,1
12641,140.455556,-0.167817,0.908025,1.435436,1
12642,140.466667,-0.167786,0.908055,1.435374,1
12643,140.477778,-0.167766,0.907991,1.435196,1
12644,140.488889,-0.167709,0.907934,1.435075,1
12645,140.500000,-0.167698,0.907829,1.434926,1
12646,140.511111,-0.167737,0.907868,1.434753,1
12647,140.522222,-0.167631,0.907960,1.434602,1
12648,140.533333,-0.167521,0.907964,1.434384,1
12649,140.544444,-0.167490,0.907850,1.434344,1
12650,140.555556,-0.167487,0.907920,1.434289,1
12651,140.566667,-0.167455,0.907905,1.434172,1
12652,140.577778,-0.167334,0.907823,1.434062,1
12653,140.588889,-0.167351,0.907905,1.433892,1
12654,140.600000,-0.167262,0.907873,1.433852,1
12655,140.611111,-0.167241,0.907778,1.433759,1
12656,140.622222,-0.167204,0.907806,1.433635,1
12657,140.633333,-0.167180,0.907738,1.433641,1
12658,140.644444,-0.167251,0.908007,1.433276,1
12659,140.655556,-0.167272,0.908075,1.433223,1
12660,140.666667,-0.167175,0.907967,1.433140,1
12661,140.677778,-0.167182,0.908006,1.433099,1
12662,140.688889,-0.167157,0.907990,1.432916,1
12663,140.700000,-0.167093,0.908061,1.432798,1
12664,140.711111,-0.167049,0.907997,1.432650,1
12665,140.722222,-0.167083,0.908064,1.432489,1
12666,140.733333,-0.167033,0.907948,1.432405,1
12667,140.744444,-0.166943,0.907950,1.432265,1
12668,140.755556,-0.166944,0.907933,1.432124,1
12669,140.766667,-0.166905,0.907883,1.432015,1
12670,140.777778,-0.166777,0.907890,1.431893,1
12671,140.788889,-0.166782,0.907882,1.431687,1
12672,140.800000,-0.166789,0.907876,1.431566,1
12673,140.811111,-0.166786,0.907797,1.431411,1
12674,140.822222,-0.166759,0.907787,1.431267,1
12675,140.833333,-0.166847,0.907700,1.431229,1
12676,140.844444,-0.166518,0.907566,1.430672,1
12677,140.855556,-0.166385,0.907570,1.430490,1
12678,140.866667,-0.166446,0.907844,1.430461,1
12679,140.877778,-0.166595,0.907618,1.430525,1
12680,140.888889,-0.166772,0.907653,1.430398,1
12681,140.900000,-0.166818,0.907519,1.430386,1
12682,140.911111,-0.166823,0.907545,1.430265,1
12683,140.922222,-0.166838,0.907583,1.430131,1
12684,140.933333,-0.166834,0.907517,1.430040,1
12685,140.944444,-0.166761,0.907447,1.429834,1
12686,140.955556,-0.166863,0.907346,1.429812,1
12687,140.966667,-0.166887,0.907332,1.429600,1
12688,140.977778,-0.166936,0.907413,1.429433,1
12689,140.988889,-0.166952,0.907383,1.429387,1
12690,141.000000,-0.166662,0.907152,1.428908,1
12691,141.011111,-0.166721,0.907328,1.429197,1
12692,141.022222,-0.166782,0.907298,1.429125,1
12693,141.033333,-0.166815,0.907302,1.429039,1
12694,141.044444,-0.166680,0.907152,1.428651,1
12695,141.055556,-0.166652,0.907181,1.428488,1
12696,141.066667,-0.166520,0.907199,1.428496,1
12697,141.077778,-0.166684,0.907418,1.428630,1
12698,141.088889,-0.166581,0.907164,1.428460,1
12699,141.100000,-0.166835,0.907414,1.428725,1
12700,141.111111,-0.166834,0.907253,1.428723,1
12701,141.122222,-0.166898,0.907186,1.428666,1
12702,141.133333,-0.166914,0.907256,1.428588,1
12703,141.144444,-0.166970,0.907234,1.428599,1
12704,141.155556,-0.166893,0.907284,1.428496,1
12705,141.166667,-0.166889,0.907053,1.428661,1
12706,141.177778,-0.167041,0.907252,1.428513,1
12707,141.188889,-0.166794,0.907194,1.428188,1
12708,141.200000,-0.166948,0.907516,1.428331,1
12709,141.211111,-0.166962,0.907442,1.428293,1
12710,141.222222,-0.167031,0.907314,1.428385,1
12711,141.233333,-0.166744,0.907144,1.428056,1
12712,141.244444,-0.166598,0.907050,1.428232,1
12713,141.255556,-0.166745,0.907295,1.428295,1
12714,141.266667,-0.166590,0.907072,1.428091,1
12715,141.277778,-0.166769,0.907205,1.428404,1
12716,141.288889,-0.166859,0.907187,1.428579,1
12717,141.300000,-0.166717,0.907106,1.428239,1
12718,141.311111,-0.166856,0.907150,1.428608,1
12719,141.322222,-0.166740,0.906988,1.428277,1
12720,141.333333,-0.166851,0.907228,1.428513,1
12721,141.344444,-0.166743,0.906926,1.428364,1
12722,141.355556,-0.166769,0.907039,1.428306,1
12723,141.366667,-0.166853,0.907237,1.428530,1
12724,141.377778,-0.166913,0.907343,1.428575,1
12725,141.388889,-0.167045,0.907222,1.428641,1
12726,141.400000,-0.167087,0.907262,1.428566,1
12727,141.411111,-0.167066,0.907207,1.428634,1
12728,141.422222,-0.167156,0.907171,1.428674,1
12729,141.433333,-0.167220,0.907404,1.428539,1
12730,141.444444,-0.167150,0.907439,1.428529,1
12731,141.455556,-0.166931,0.907273,1.428259,1
12732,141.466667,-0.167056,0.907513,1.428404,1
12733,141.477778,-0.167028,0.907459,1.428481,1
12734,141.488889,-0.167079,0.907556,1.428426,1
12735,141.500000,-0.167010,0.907428,1.428419,1
12736,141.511111,-0.167065,0.907461,1.428469,1
12737,141.522222,-0.167106,0.907574,1.428347,1
12738,141.533333,-0.167125,0.907599,1.428497,1
12739,141.544444,-0.167123,0.907643,1.428313,1
12740,141.555556,-0.167130,0.907651,1.428224,1
12741,141.566667,-0.166988,0.907662,1.428318,1
12742,141.577778,-0.166982,0.907643,1.428330,1
12743,141.588889,-0.166960,0.907625,1.428270,1
12744,141.600000,-0.166946,0.907687,1.428295,1
12745,141.611111,-0.166925,0.907669,1.428210,1
12746,141.622222,-0.166896,0.907647,1.428212,1
12747,141.633333,-0.166862,0.907639,1.428130,1
12748,141.644444,-0.166828,0.907678,1.428106,1
12749,141.655556,-0.166793,0.907722,1.428046,1
12750,141.666667,-0.166814,0.907709,1.428014,1
12751,141.677778,-0.166757,0.907735,1.427975,1
12752,141.688889,-0.166774,0.907794,1.427938,1
12753,141.700000,-0.166724,0.907726,1.427834,1
12754,141.711111,-0.166696,0.907720,1.427839,1
12755,141.722222,-0.166640,0.907785,1.427754,1
12756,141.733333,-0.166611,0.907784,1.427697,1
12757,141.744444,-0.166580,0.907793,1.427671,1
12758,141.755556,-0.166616,0.907804,1.427677,1
12759,141.766667,-0.166610,0.907817,1.427641,1
12760,141.777778,-0.166562,0.907839,1.427659,1
12761,141.788889,-0.166591,0.907827,1.427612,1
12762,141.800000,-0.166554,0.907763,1.427574,1
12763,141.811111,-0.166657,0.907761,1.427611,1
12764,141.822222,-0.166621,0.907824,1.427558,1
12765,141.833333,-0.166562,0.907791,1.427532,1
12766,141.844444,-0.166665,0.907866,1.427491,1
12767,141.855556,-0.166641,0.907888,1.427549,1
12768,141.866667,-0.166690,0.907805,1.427574,1
12769,141.877778,-0.166731,0.907818,1.427558,1
12770,141.888889,-0.166706,0.907809,1.427600,1
12771,141.900000,-0.166726,0.907817,1.427645,1
12772,141.911111,-0.166777,0.907867,1.427664,1
12773,141.922222,-0.166740,0.907907,1.427700,1
12774,141.933333,-0.166776,0.907895,1.427746,1
12775,141.944444,-0.166804,0.907882,1.427782,1
12776,141.955556,-0.166814,0.907841,1.427840,1
12777,141.966667,-0.166819,0.907872,1.427830,1
12778,141.977778,-0.166810,0.907955,1.427884,1
12779,141.988889,-0.166840,0.907863,1.427888,1
12780,142.000000,-0.166909,0.907840,1.427967,1
12781,142.011111,-0.167008,0.907862,1.427909,1
12782,142.022222,-0.166999,0.907884,1.427933,1
12783,142.033333,-0.167064,0.907891,1.427984,1
12784,142.044444,-0.167147,0.907823,1.428009,1
12785,142.055556,-0.167114,0.907811,1.428007,1
12786,142.066667,-0.167044,0.907808,1.428152,1
12787,142.077778,-0.167092,0.907773,1.428282,1
12788,142.088889,-0.167166,0.907837,1.428152,1
12789,142.100000,-0.167090,0.907725,1.428274,1
12790,142.111111,-0.167105,0.907801,1.428356,1
12791,142.122222,-0.167097,0.907860,1.428355,1
12792,142.133333,-0.167168,0.907827,1.428441,1
12793,142.144444,-0.167268,0.907796,1.428342,1
12794,142.155556,-0.167334,0.907856,1.428348,1
12795,142.166667,-0.167317,0.907905,1.428254,1
12796,142.177778,-0.167402,0.907907,1.428424,1
12797,142.188889,-0.167307,0.907923,1.428423,1
12798,142.200000,-0.167372,0.907897,1.428424,1
12799,142.211111,-0.167437,0.907953,1.428391,1
12800,142.222222,-0.167351,0.907991,1.428466,1
12801,142.233333,-0.167295,0.907937,1.428617,1
12802,142.244444,-0.167314,0.908003,1.428619,1
12803,142.255556,-0.167288,0.908040,1.428761,1
12804,142.266667,-0.167285,0.908010,1.428896,1
12805,142.277778,-0.167282,0.907974,1.428973,1
12806,142.288889,-0.167269,0.908012,1.429141,1
12807,142.300000,-0.167244,0.908111,1.429315,1
12808,142.311111,-0.167173,0.908200,1.429564,1
12809,142.322222,-0.167142,0.908305,1.429791,1
12810,142.333333,-0.167110,0.908464,1.430189,1
12811,142.344444,-0.167082,0.908612,1.430456,1
12812,142.355556,-0.167119,0.908850,1.430837,1
12813,142.366667,-0.167068,0.909060,1.431270,1
12814,142.377778,-0.167070,0.909347,1.431801,1
12815,142.388889,-0.167024,0.909604,1.432208,1
12816,142.400000,-0.167120,0.909987,1.432758,1
12817,142.411111,-0.167171,0.910317,1.433301,1
12818,142.422222,-0.167229,0.910614,1.434020,1
12819,142.433333,-0.167455,0.910907,1.434749,1
12820,142.444444,-0.168163,0.911004,1.435254,1
12821,142.455556,-0.168772,0.910521,1.434380,1
12822,142.466667,-0.167744,0.912532,1.436757,1
12823,142.477778,-0.167959,0.912901,1.437481,1
12824,142.488889,-0.168279,0.913426,1.437895,1
12825,142.500000,-0.168484,0.913892,1.438721,1
12826,142.511111,-0.168675,0.914504,1.439242,1
12827,142.522222,-0.169022,0.915049,1.440084,1
12828,142.533333,-0.169524,0.915601,1.440695,1
12829,142.544444,-0.170058,0.916211,1.441305,1
12830,142.555556,-0.170608,0.917072,1.441706,1
12831,142.566667,-0.170981,0.917890,1.442189,1
12832,142.577778,-0.171365,0.918633,1.442596,1
12833,142.588889,-0.171725,0.919282,1.443151,1
12834,142.600000,-0.172050,0.919710,1.443759,1
12835,142.611111,-0.172368,0.920278,1.444164,1
12836,142.622222,-0.172630,0.920791,1.444535,1
12837,142.633333,-0.172868,0.921174,1.444771,1
12838,142.644444,-0.173112,0.921617,1.444986,1
12839,142.655556,-0.173290,0.922048,1.445199,1
12840,142.666667,-0.173475,0.922404,1.445342,1
12841,142.677778,-0.173663,0.922692,1.445536,1
12842,142.688889,-0.173784,0.923063,1.445730,1
12843,142.700000,-0.173796,0.923513,1.445834,1
12844,142.711111,-0.173942,0.923899,1.445786,1
12845,142.722222,-0.173730,0.923780,1.446534,1
12846,142.733333,-0.174567,0.924724,1.445696,1
12847,142.744444,-0.173722,0.925713,1.444971,1
12848,142.755556,-0.173226,0.926190,1.444381,1
12849,142.766667,-0.173052,0.926307,1.443763,1
12850,142.777778,-0.172956,0.926321,1.443113,1
12851,142.788889,-0.172979,0.926320,1.442596,1
12852,142.800000,-0.172990,0.926352,1.442190,1
12853,142.811111,-0.173045,0.926314,1.441898,1
12854,142.822222,-0.173141,0.926395,1.441583,1
12855,142.833333,-0.173173,0.926452,1.441293,1
12856,142.844444,-0.173271,0.926571,1.440957,1
12857,142.855556,-0.173422,0.926605,1.440729,1
12858,142.866667,-0.173566,0.926689,1.440568,1
12859,142.877778,-0.173675,0.926789,1.440486,1
12860,142.888889,-0.173844,0.926845,1.440498,1
12861,142.900000,-0.174037,0.926933,1.440572,1
12862,142.911111,-0.174098,0.926982,1.440592,1
12863,142.922222,-0.174296,0.927001,1.440523,1
12864,142.933333,-0.174532,0.927042,1.440483,1
12865,142.944444,-0.174592,0.927048,1.440455,1
12866,142.955556,-0.174774,0.927064,1.440480,1
12867,142.966667,-0.174925,0.926972,1.440291,1
12868,142.977778,-0.175021,0.927025,1.440212,1
12869,142.988889,-0.175084,0.927044,1.440036,1
12870,143.000000,-0.175274,0.927061,1.439874,1
12871,143.011111,-0.175193,0.927103,1.439633,1
12872,143.022222,-0.175350,0.927130,1.439410,1
12873,143.033333,-0.175321,0.927279,1.439131,1
12874,143.044444,-0.175392,0.927623,1.438818,1
12875,143.055556,-0.175627,0.927927,1.438459,1
12876,143.066667,-0.176042,0.928314,1.438094,1
12877,143.077778,-0.176059,0.928282,1.439173,1
12878,143.088889,-0.176749,0.928234,1.441675,1
12879,143.100000,-0.177020,0.929627,1.441555,1
12880,143.111111,-0.177232,0.930038,1.441386,1
12881,143.122222,-0.177372,0.930481,1.441189,1
12882,143.133333,-0.177454,0.930810,1.441072,1
12883,143.144444,-0.177623,0.931160,1.440999,1
12884,143.155556,-0.177767,0.931332,1.440899,1
12885,143.166667,-0.177888,0.931604,1.440740,1
12886,143.177778,-0.177924,0.931770,1.440729,1
12887,143.188889,-0.178018,0.931835,1.440758,1
12888,143.200000,-0.177974,0.931966,1.440712,1
12889,143.211111,-0.178017,0.932033,1.440728,1
12890,143.222222,-0.178004,0.931953,1.440739,1
12891,143.233333,-0.177935,0.931743,1.440916,1
12892,143.244444,-0.177945,0.931713,1.440880,1
12893,143.255556,-0.177953,0.931583,1.440829,1
12894,143.266667,-0.178028,0.931553,1.440855,1
12895,143.277778,-0.178037,0.931540,1.440862,1
12896,143.288889,-0.178280,0.931443,1.440891,1
12897,143.300000,-0.178395,0.931416,1.440882,1
12898,143.311111,-0.178477,0.931437,1.440741,1
12899,143.322222,-0.178522,0.931447,1.440650,1
12900,143.333333,-0.178606,0.931396,1.440579,1
12901,143.344444,-0.178764,0.931357,1.440557,1
12902,143.355556,-0.178985,0.931320,1.440483,1
12903,143.366667,-0.178976,0.931232,1.440485,1
12904,143.377778,-0.178971,0.931136,1.440491,1
12905,143.388889,-0.179025,0.931104,1.440554,1
12906,143.400000,-0.179183,0.931092,1.440606,1
12907,143.411111,-0.179276,0.930877,1.440529,1
12908,143.422222,-0.179356,0.930769,1.440491,1
12909,143.433333,-0.179419,0.930707,1.440417,1
12910,143.444444,-0.179453,0.930563,1.440273,1
12911,143.455556,-0.179483,0.930485,1.440242,1
12912,143.466667,-0.179582,0.930347,1.440174,1
12913,143.477778,-0.179679,0.930289,1.440109,1
12914,143.488889,-0.179811,0.930294,1.440029,1
12915,143.500000,-0.179897,0.930248,1.439881,1
12916,143.511111,-0.180079,0.930232,1.439823,1
12917,143.522222,-0.180191,0.930268,1.439693,1
12918,143.533333,-0.180274,0.930212,1.439613,1
12919,143.544444,-0.180400,0.930340,1.439482,1
12920,143.555556,-0.180442,0.930301,1.439386,1
12921,143.566667,-0.180491,0.930303,1.439223,1
12922,143.577778,-0.180518,0.930344,1.439176,1
12923,143.588889,-0.180577,0.930342,1.439098,1
12924,143.600000,-0.180681,0.930511,1.439063,1
12925,143.611111,-0.180725,0.930626,1.439069,1
12926,143.622222,-0.180862,0.930725,1.439218,1
12927,143.633333,-0.181027,0.930886,1.439190,1
12928,143.644444,-0.181271,0.931125,1.439173,1
12929,143.655556,-0.181492,0.931350,1.439240,1
12930,143.666667,-0.181692,0.931493,1.439331,1
12931,143.677778,-0.181803,0.931630,1.439203,1
12932,143.688889,-0.181975,0.931686,1.439184,1
12933,143.700000,-0.182120,0.931740,1.439140,1
12934,143.711111,-0.182349,0.931803,1.439031,1
12935,143.722222,-0.182461,0.931985,1.438930,1
12936,143.733333,-0.182499,0.931965,1.439001,1
12937,143.744444,-0.182588,0.932135,1.438882,1
12938,143.755556,-0.182708,0.932268,1.438898,1
12939,143.766667,-0.182833,0.932388,1.438861,1
12940,143.777778,-0.182982,0.932402,1.438800,1
12941,143.788889,-0.183083,0.932497,1.438877,1
12942,143.800000,-0.183251,0.932630,1.438834,1
12943,143.811111,-0.183332,0.932625,1.438813,1
12944,143.822222,-0.183478,0.932695,1.438691,1
12945,143.833333,-0.183572,0.932738,1.438651,1
12946,143.844444,-0.183682,0.932836,1.438541,1
12947,143.855556,-0.183749,0.932944,1.438431,1
12948,143.866667,-0.183864,0.932945,1.438341,1
12949,143.877778,-0.183953,0.933009,1.438220,1
12950,143.888889,-0.184067,0.933079,1.438112,1
12951,143.900000,-0.184136,0.933018,1.437899,1
12952,143.911111,-0.184180,0.933109,1.437838,1
12953,143.922222,-0.184282,0.933084,1.437725,1
12954,143.933333,-0.184376,0.933091,1.437626,1
12955,143.944444,-0.184465,0.933107,1.437555,1
12956,143.955556,-0.184548,0.933123,1.437541,1
12957,143.966667,-0.184639,0.933153,1.437598,1
12958,143.977778,-0.184758,0.933098,1.437669,1
12959,143.988889,-0.184836,0.933145,1.437697,1
12960,144.000000,-0.184942,0.933228,1.437777,1
12961,144.011111,-0.185033,0.933212,1.437822,1
12962,144.022222,-0.185105,0.933201,1.437974,1
12963,144.033333,-0.185207,0.933262,1.438031,1
12964,144.044444,-0.185271,0.933216,1.438085,1
12965,144.055556,-0.185385,0.933314,1.438048,1
12966,144.066667,-0.185326,0.933287,1.438006,1
12967,144.077778,-0.185343,0.933374,1.437985,1
12968,144.088889,-0.185357,0.933409,1.438002,1
12969,144.100000,-0.185342,0.933432,1.437993,1
12970,144.111111,-0.185240,0.933478,1.437997,1
12971,144.122222,-0.185232,0.933552,1.437981,1
12972,144.133333,-0.185205,0.933577,1.438054,1
12973,144.144444,-0.185146,0.933653,1.438096,1
12974,144.155556,-0.185108,0.933721,1.438023,1
12975,144.166667,-0.185100,0.933779,1.438127,1
12976,144.177778,-0.185120,0.933945,1.438096,1
12977,144.188889,-0.185116,0.933985,1.437957,1
12978,144.200000,-0.185082,0.934008,1.437896,1
12979,144.211111,-0.185122,0.934092,1.437860,1
12980,144.222222,-0.185181,0.934178,1.437825,1
12981,144.233333,-0.185225,0.934263,1.437691,1
12982,144.244444,-0.185251,0.934277,1.437630,1
12983,144.255556,-0.185318,0.934375,1.437667,1
12984,144.266667,-0.185353,0.934358,1.437635,1
12985,144.277778,-0.185337,0.934417,1.437655,1
12986,144.288889,-0.185381,0.934459,1.437653,1
12987,144.300000,-0.185402,0.934553,1.437566,1
12988,144.311111,-0.185381,0.934404,1.437524,1
12989,144.322222,-0.185363,0.934336,1.437592,1
12990,144.333333,-0.185330,0.934430,1.437545,1
12991,144.344444,-0.185240,0.934253,1.437635,1
12992,144.355556,-0.185189,0.933972,1.437614,1
12993,144.366667,-0.185146,0.933912,1.437585,1
12994,144.377778,-0.185038,0.933774,1.437617,1
12995,144.388889,-0.185026,0.933705,1.437649,1
12996,144.400000,-0.185004,0.933616,1.437653,1
12997,144.411111,-0.184972,0.933502,1.437645,1
12998,144.422222,-0.184922,0.933395,1.437667,1
12999,144.433333,-0.184852,0.933337,1.437635,1
13000,144.444444,-0.184747,0.933290,1.437668,1
13001,144.455556,-0.184660,0.933156,1.437647,1
13002,144.466667,-0.184567,0.932962,1.437681,1
13003,144.477778,-0.184494,0.932819,1.437651,1
13004,144.488889,-0.184509,0.932660,1.437734,1
13005,144.500000,-0.184735,0.931831,1.437993,1
13006,144.511111,-0.184774,0.930904,1.438229,1
13007,144.522222,-0.184646,0.930263,1.438400,1
13008,144.533333,-0.184570,0.929875,1.438511,1
13009,144.544444,-0.184506,0.929719,1.438542,1
13010,144.555556,-0.184528,0.929707,1.438609,1
13011,144.566667,-0.184527,0.929596,1.438667,1
13012,144.577778,-0.184542,0.929617,1.438652,1
13013,144.588889,-0.184526,0.930694,1.438429,1
13014,144.600000,-0.184555,0.931090,1.438277,1
13015,144.611111,-0.184598,0.931382,1.438326,1
13016,144.622222,-0.184649,0.931643,1.438285,1
13017,144.633333,-0.184667,0.931790,1.438229,1
13018,144.644444,-0.184662,0.931957,1.438301,1
13019,144.655556,-0.184655,0.932067,1.438323,1
13020,144.666667,-0.184612,0.932231,1.438279,1
13021,144.677778,-0.184534,0.932309,1.438310,1
13022,144.688889,-0.184501,0.932325,1.438296,1
13023,144.700000,-0.184438,0.932481,1.438266,1
13024,144.711111,-0.184463,0.932470,1.438273,1
13025,144.722222,-0.184485,0.932461,1.438258,1
13026,144.733333,-0.184515,0.932383,1.438279,1
13027,144.744444,-0.184578,0.932380,1.438199,1
13028,144.755556,-0.184654,0.932365,1.438118,1
13029,144.766667,-0.184700,0.932343,1.437999,1
13030,144.777778,-0.184705,0.932255,1.437905,1
13031,144.788889,-0.184713,0.932194,1.437799,1
13032,144.800000,-0.184707,0.932132,1.437597,1
13033,144.811111,-0.184659,0.932085,1.437489,1
13034,144.822222,-0.184639,0.932045,1.437432,1
13035,144.833333,-0.184630,0.931965,1.437350,1
13036,144.844444,-0.184679,0.931678,1.437270,1
13037,144.855556,-0.184872,0.930609,1.437395,1
13038,144.866667,-0.184766,0.929642,1.437513,1
13039,144.877778,-0.184591,0.929088,1.437550,1
13040,144.888889,-0.184493,0.928654,1.437604,1
13041,144.900000,-0.184514,0.928728,1.437553,1
13042,144.911111,-0.184543,0.928743,1.437567,1
13043,144.922222,-0.184657,0.928786,1.437491,1
13044,144.933333,-0.184709,0.928891,1.437536,1
13045,144.944444,-0.184787,0.928989,1.437557,1
13046,144.955556,-0.184830,0.929034,1.437482,1
13047,144.966667,-0.184979,0.929225,1.437405,1
13048,144.977778,-0.184997,0.928985,1.437467,1
13049,144.988889,-0.184974,0.929101,1.437441,1
13050,145.000000,-0.184903,0.929037,1.437564,1
13051,145.011111,-0.184833,0.929250,1.437458,1
13052,145.022222,-0.184204,0.929959,1.436981,1
13053,145.033333,-0.183222,0.930691,1.436769,1
13054,145.044444,-0.182068,0.931620,1.436751,1
13055,145.055556,-0.180858,0.932321,1.436876,1
13056,145.066667,-0.180043,0.932845,1.436928,1
13057,145.077778,-0.179489,0.933130,1.436789,1
13058,145.088889,-0.179122,0.933198,1.436707,1
13059,145.100000,-0.178893,0.933176,1.436686,1
13060,145.111111,-0.178565,0.933002,1.436565,1
13061,145.122222,-0.178268,0.932774,1.436462,1
13062,145.133333,-0.177990,0.932614,1.436266,1
13063,145.144444,-0.177669,0.932420,1.436157,1
13064,145.155556,-0.177311,0.932167,1.435997,1
13065,145.166667,-0.176707,0.930818,1.435742,1
13066,145.177778,-0.175975,0.929796,1.435546,1
13067,145.188889,-0.175756,0.927159,1.434494,1
13068,145.200000,-0.175186,0.926123,1.434150,1
13069,145.211111,-0.174720,0.925015,1.433587,1
13070,145.222222,-0.175984,0.923984,1.432523,1
13071,145.233333,-0.175759,0.923401,1.432058,1
13072,145.244444,-0.175407,0.922902,1.432097,1
13073,145.255556,-0.175266,0.922593,1.431714,1
13074,145.266667,-0.175333,0.922325,1.431766,1
13075,145.277778,-0.174990,0.922047,1.431519,1
13076,145.288889,-0.174675,0.921829,1.431053,1
13077,145.300000,-0.174395,0.921470,1.430597,1
13078,145.311111,-0.174138,0.921175,1.430148,1
13079,145.322222,-0.173859,0.920814,1.429666,1
13080,145.333333,-0.173554,0.920552,1.429441,1
13081,145.344444,-0.173324,0.920378,1.429078,1
13082,145.355556,-0.173124,0.920143,1.428615,1
13083,145.366667,-0.172923,0.919951,1.428239,1
13084,145.377778,-0.172736,0.919789,1.427923,1
13085,145.388889,-0.172123,0.918278,1.428219,1
13086,145.400000,-0.171834,0.917783,1.428128,1
13087,145.411111,-0.171518,0.917393,1.428005,1
13088,145.422222,-0.171168,0.916890,1.427759,1
13089,145.433333,-0.170941,0.916640,1.427253,1
13090,145.444444,-0.170681,0.916408,1.426764,1
13091,145.455556,-0.170461,0.916254,1.426354,1
13092,145.466667,-0.170290,0.916103,1.425955,1
13093,145.477778,-0.170089,0.915986,1.425507,1
13094,145.488889,-0.169349,0.915193,1.424609,1
13095,145.500000,-0.169010,0.914815,1.424259,1
13096,145.511111,-0.168683,0.914220,1.423899,1
13097,145.522222,-0.168326,0.914156,1.423219,1
13098,145.533333,-0.167961,0.913737,1.422749,1
13099,145.544444,-0.167751,0.913476,1.422412,1
13100,145.555556,-0.167511,0.913264,1.422034,1
13101,145.566667,-0.167392,0.912836,1.421617,1
13102,145.577778,-0.168593,0.912312,1.424070,1
13103,145.588889,-0.168447,0.912233,1.423616,1
13104,145.600000,-0.168269,0.912083,1.423118,1
13105,145.611111,-0.168136,0.911975,1.422756,1
13106,145.622222,-0.168262,0.911505,1.422498,1
13107,145.633333,-0.168088,0.911340,1.422231,1
13108,145.644444,-0.167965,0.911268,1.421886,1
13109,145.655556,-0.167944,0.910991,1.421650,1
13110,145.666667,-0.167940,0.910773,1.421388,1
13111,145.677778,-0.167876,0.910680,1.421101,1
13112,145.688889,-0.167802,0.910560,1.420878,1
13113,145.700000,-0.167839,0.910378,1.420710,1
13114,145.711111,-0.167893,0.910219,1.420438,1
13115,145.722222,-0.167831,0.910041,1.420119,1
13116,145.733333,-0.167793,0.909912,1.419988,1
13117,145.744444,-0.167859,0.909781,1.419706,1
13118,145.755556,-0.167826,0.909763,1.419477,1
13119,145.766667,-0.167825,0.909595,1.419322,1
13120,145.777778,-0.167951,0.909586,1.419064,1
13121,145.788889,-0.167946,0.909437,1.418906,1
13122,145.800000,-0.167909,0.909268,1.418806,1
13123,145.811111,-0.167995,0.909191,1.418776,1
13124,145.822222,-0.168013,0.909086,1.418753,1
13125,145.833333,-0.168176,0.909024,1.418614,1
13126,145.844444,-0.168297,0.908955,1.418434,1
13127,145.855556,-0.168633,0.908659,1.417855,1
13128,145.866667,-0.168948,0.908351,1.417379,1
13129,145.877778,-0.169198,0.908234,1.417183,1
13130,145.888889,-0.169322,0.908109,1.417160,1
13131,145.900000,-0.169430,0.908054,1.417211,1
13132,145.911111,-0.169525,0.908094,1.417373,1
13133,145.922222,-0.169658,0.908108,1.417555,1
13134,145.933333,-0.169668,0.908073,1.417675,1
13135,145.944444,-0.169718,0.908030,1.417909,1
13136,145.955556,-0.169770,0.908024,1.418084,1
13137,145.966667,-0.169860,0.908013,1.418417,1
13138,145.977778,-0.169911,0.907949,1.418624,1
13139,145.988889,-0.169986,0.908086,1.418932,1
13140,146.000000,-0.170049,0.908062,1.419284,1
13141,146.011111,-0.170120,0.907993,1.419436,1
13142,146.022222,-0.170199,0.908079,1.419731,1
13143,146.033333,-0.170323,0.907974,1.419907,1
13144,146.044444,-0.170450,0.908089,1.420103,1
13145,146.055556,-0.170473,0.908210,1.420114,1
13146,146.066667,-0.170389,0.908191,1.420386,1
13147,146.077778,-0.170461,0.908262,1.420623,1
13148,146.088889,-0.170421,0.908388,1.420935,1
13149,146.100000,-0.170451,0.908376,1.421217,1
13150,146.111111,-0.170537,0.908449,1.421190,1
13151,146.122222,-0.170497,0.908447,1.421354,1
13152,146.133333,-0.170486,0.908389,1.421548,1
13153,146.144444,-0.170610,0.908373,1.421738,1
13154,146.155556,-0.170683,0.908374,1.421828,1
13155,146.166667,-0.170720,0.908401,1.421798,1
13156,146.177778,-0.170714,0.908370,1.421832,1
13157,146.188889,-0.170762,0.908371,1.421974,1
13158,146.200000,-0.170771,0.908349,1.422084,1
13159,146.211111,-0.170798,0.908314,1.422148,1
13160,146.222222,-0.170841,0.908348,1.422219,1
13161,146.233333,-0.170836,0.908415,1.422240,1
13162,146.244444,-0.170884,0.908319,1.422237,1
13163,146.255556,-0.170833,0.908300,1.422244,1
13164,146.266667,-0.170882,0.908280,1.422231,1
13165,146.277778,-0.170907,0.908209,1.422266,1
13166,146.288889,-0.170905,0.908260,1.422255,1
13167,146.300000,-0.170878,0.908220,1.422188,1
13168,146.311111,-0.170924,0.908225,1.422092,1
13169,146.322222,-0.170937,0.908189,1.422108,1
13170,146.333333,-0.170933,0.908031,1.422054,1
13171,146.344444,-0.170937,0.908097,1.422043,1
13172,146.355556,-0.170949,0.908089,1.421975,1
13173,146.366667,-0.170957,0.908097,1.421965,1
13174,146.377778,-0.170970,0.908055,1.421874,1
13175,146.388889,-0.170972,0.908074,1.421834,1
13176,146.400000,-0.170926,0.908061,1.421744,1
13177,146.411111,-0.170959,0.907996,1.421704,1
13178,146.422222,-0.170848,0.907947,1.421599,1
13179,146.433333,-0.170886,0.908042,1.421589,1
13180,146.444444,-0.170948,0.908023,1.421509,1
13181,146.455556,-0.170977,0.908015,1.421582,1
13182,146.466667,-0.170916,0.907991,1.421564,1
13183,146.477778,-0.170927,0.907963,1.421526,1
13184,146.488889,-0.170946,0.907891,1.421503,1
13185,146.500000,-0.170997,0.907828,1.421526,1
13186,146.511111,-0.171007,0.907841,1.421535,1
13187,146.522222,-0.171029,0.907885,1.421567,1
13188,146.533333,-0.171032,0.907897,1.421625,1
13189,146.544444,-0.171036,0.907815,1.421765,1
13190,146.555556,-0.171060,0.907789,1.421816,1
13191,146.566667,-0.171175,0.907732,1.421818,1
13192,146.577778,-0.171126,0.907833,1.421830,1
13193,146.588889,-0.171110,0.907866,1.421951,1
13194,146.600000,-0.171119,0.907824,1.422108,1
13195,146.611111,-0.171166,0.907800,1.422309,1
13196,146.622222,-0.171238,0.907790,1.422331,1
13197,146.633333,-0.171222,0.907738,1.422482,1
13198,146.644444,-0.171257,0.907733,1.422692,1
13199,146.655556,-0.171272,0.907730,1.422715,1
13200,146.666667,-0.171327,0.907824,1.422902,1
13201,146.677778,-0.171302,0.907791,1.423070,1
13202,146.688889,-0.171345,0.907801,1.423300,1
13203,146.700000,-0.171401,0.907766,1.423495,1
13204,146.711111,-0.171426,0.907754,1.423687,1
13205,146.722222,-0.171408,0.907812,1.423931,1
13206,146.733333,-0.171576,0.907778,1.424104,1
13207,146.744444,-0.171517,0.907759,1.424314,1
13208,146.755556,-0.171616,0.907694,1.424559,1
13209,146.766667,-0.171799,0.907685,1.424804,1
13210,146.777778,-0.171768,0.907743,1.424915,1
13211,146.788889,-0.171817,0.907730,1.425178,1
13212,146.800000,-0.171933,0.907827,1.425373,1
13213,146.811111,-0.172035,0.907885,1.425527,1
13214,146.822222,-0.172159,0.908045,1.426040,1
13215,146.833333,-0.172200,0.907988,1.426202,1
13216,146.844444,-0.172251,0.908011,1.426358,1
13217,146.855556,-0.172324,0.908039,1.426565,1
13218,146.866667,-0.172310,0.908076,1.426908,1
13219,146.877778,-0.172392,0.908098,1.427115,1
13220,146.888889,-0.172484,0.908078,1.427366,1
13221,146.900000,-0.172584,0.908055,1.427596,1
13222,146.911111,-0.172689,0.908110,1.427811,1
13223,146.922222,-0.172728,0.908185,1.428053,1
13224,146.933333,-0.172791,0.908156,1.428102,1
13225,146.944444,-0.172884,0.908226,1.428290,1
13226,146.955556,-0.172979,0.908098,1.428554,1
13227,146.966667,-0.173024,0.908071,1.428681,1
13228,146.977778,-0.173041,0.908085,1.428901,1
13229,146.988889,-0.173109,0.908030,1.429024,1
13230,147.000000,-0.173165,0.907970,1.429209,1
13231,147.011111,-0.173191,0.908069,1.429302,1
13232,147.022222,-0.173176,0.908030,1.429404,1
13233,147.033333,-0.173214,0.908001,1.429544,1
13234,147.044444,-0.173289,0.907995,1.429630,1
13235,147.055556,-0.173311,0.907960,1.429702,1
13236,147.066667,-0.173277,0.907929,1.429795,1
13237,147.077778,-0.173328,0.907965,1.429841,1
13238,147.088889,-0.173314,0.907919,1.429783,1
13239,147.100000,-0.173294,0.907899,1.429830,1
13240,147.111111,-0.173295,0.907843,1.429833,1
13241,147.122222,-0.173268,0.907890,1.429848,1
13242,147.133333,-0.173220,0.907845,1.429890,1
13243,147.144444,-0.173232,0.907832,1.429799,1
13244,147.155556,-0.173259,0.907756,1.429752,1
13245,147.166667,-0.173263,0.907732,1.429777,1
13246,147.177778,-0.173131,0.907746,1.429620,1
13247,147.188889,-0.173038,0.907650,1.429550,1
13248,147.200000,-0.172990,0.907713,1.429514,1
13249,147.211111,-0.172994,0.907632,1.429430,1
13250,147.222222,-0.172955,0.907541,1.429384,1
13251,147.233333,-0.172902,0.907653,1.429223,1
13252,147.244444,-0.172744,0.907678,1.429058,1
13253,147.255556,-0.172724,0.907534,1.428986,1
13254,147.266667,-0.172692,0.907552,1.428928,1
13255,147.277778,-0.172519,0.907599,1.428806,1
13256,147.288889,-0.172522,0.907596,1.428641,1
13257,147.300000,-0.172473,0.907525,1.428575,1
13258,147.311111,-0.172330,0.907537,1.428440,1
13259,147.322222,-0.172210,0.907616,1.428292,1
13260,147.333333,-0.172246,0.907580,1.428236,1
13261,147.344444,-0.172170,0.907493,1.428157,1
13262,147.355556,-0.172144,0.907526,1.428010,1
13263,147.366667,-0.172112,0.907427,1.427905,1
13264,147.377778,-0.172039,0.907523,1.427772,1
13265,147.388889,-0.171874,0.907423,1.427668,1
13266,147.400000,-0.171784,0.907344,1.427625,1
13267,147.411111,-0.171679,0.907396,1.427378,1
13268,147.422222,-0.171680,0.907390,1.427335,1
13269,147.433333,-0.171674,0.907435,1.427219,1
13270,147.444444,-0.171545,0.907369,1.427262,1
13271,147.455556,-0.171589,0.907366,1.427145,1
13272,147.466667,-0.171450,0.907433,1.427052,1
13273,147.477778,-0.171435,0.907440,1.427029,1
13274,147.488889,-0.171413,0.907424,1.426880,1
13275,147.500000,-0.171395,0.907464,1.426719,1
13276,147.511111,-0.171305,0.907438,1.426633,1
13277,147.522222,-0.171220,0.907499,1.426746,1
13278,147.533333,-0.171236,0.907437,1.426697,1
13279,147.544444,-0.171187,0.907310,1.426609,1
13280,147.555556,-0.171178,0.907395,1.426521,1
13281,147.566667,-0.171094,0.907362,1.426431,1
13282,147.577778,-0.171050,0.907333,1.426367,1
13283,147.588889,-0.171031,0.907422,1.426338,1
13284,147.600000,-0.171015,0.907392,1.426243,1
13285,147.611111,-0.171054,0.907481,1.426039,1
13286,147.622222,-0.170997,0.907445,1.426121,1
13287,147.633333,-0.170928,0.907427,1.426139,1
13288,147.644444,-0.170952,0.907414,1.426079,1
13289,147.655556,-0.170942,0.907517,1.426083,1
13290,147.666667,-0.170935,0.907527,1.426033,1
13291,147.677778,-0.170914,0.907444,1.425975,1
13292,147.688889,-0.170853,0.907483,1.426029,1
13293,147.700000,-0.170855,0.907437,1.425965,1
13294,147.711111,-0.170872,0.907486,1.425935,1
13295,147.722222,-0.170897,0.907556,1.425787,1
13296,147.733333,-0.170821,0.907503,1.425691,1
13297,147.744444,-0.170768,0.907419,1.425749,1
13298,147.755556,-0.170791,0.907351,1.425625,1
13299,147.766667,-0.170820,0.907400,1.425563,1
13300,147.777778,-0.170802,0.907441,1.425466,1
13301,147.788889,-0.170781,0.907513,1.425484,1
13302,147.800000,-0.170615,0.907216,1.424886,1
13303,147.811111,-0.170545,0.907245,1.424709,1
13304,147.822222,-0.170624,0.907421,1.424768,1
13305,147.833333,-0.170628,0.907376,1.424695,1
13306,147.844444,-0.170748,0.907447,1.424625,1
13307,147.855556,-0.170840,0.907361,1.424634,1
13308,147.866667,-0.170908,0.907244,1.424471,1
13309,147.877778,-0.170954,0.907199,1.424413,1
13310,147.888889,-0.170956,0.907147,1.424386,1
13311,147.900000,-0.170935,0.907205,1.424252,1
13312,147.911111,-0.170991,0.907205,1.424167,1
13313,147.922222,-0.170985,0.907268,1.423940,1
13314,147.933333,-0.170952,0.907325,1.423921,1
13315,147.944444,-0.171005,0.907204,1.423744,1
13316,147.955556,-0.171025,0.907258,1.423670,1
13317,147.966667,-0.171065,0.907257,1.423548,1
13318,147.977778,-0.171039,0.907223,1.423452,1
13319,147.988889,-0.171050,0.907205,1.423374,1
13320,148.000000,-0.171077,0.907248,1.423262,1
13321,148.011111,-0.171076,0.907116,1.423098,1
13322,148.022222,-0.171073,0.907109,1.423004,1
13323,148.033333,-0.171076,0.907127,1.422932,1
13324,148.044444,-0.171130,0.907164,1.422788,1
13325,148.055556,-0.171115,0.907250,1.422706,1
13326,148.066667,-0.171100,0.907149,1.422511,1
13327,148.077778,-0.171122,0.907194,1.422348,1
13328,148.088889,-0.171107,0.907183,1.422279,1
13329,148.100000,-0.171080,0.907164,1.422224,1
13330,148.111111,-0.171119,0.907137,1.422099,1
13331,148.122222,-0.171062,0.907242,1.422122,1
13332,148.133333,-0.171079,0.907109,1.421984,1
13333,148.144444,-0.171084,0.907138,1.421915,1
13334,148.155556,-0.171111,0.907083,1.421771,1
13335,148.166667,-0.171136,0.907126,1.421774,1
13336,148.177778,-0.171182,0.907131,1.421658,1
13337,148.188889,-0.171129,0.907178,1.421666,1
13338,148.200000,-0.171134,0.907139,1.421598,1
13339,148.211111,-0.171190,0.907107,1.421541,1
13340,148.222222,-0.171260,0.907093,1.421429,1
13341,148.233333,-0.171245,0.907113,1.421429,1
13342,148.244444,-0.171312,0.907162,1.421469,1
13343,148.255556,-0.171354,0.907196,1.421348,1
13344,148.266667,-0.171411,0.907129,1.421299,1
13345,148.277778,-0.171462,0.907107,1.421172,1
13346,148.288889,-0.171498,0.907025,1.421152,1
13347,148.300000,-0.171599,0.907011,1.421124,1
13348,148.311111,-0.171602,0.906971,1.421080,1
13349,148.322222,-0.171635,0.906948,1.421059,1
13350,148.333333,-0.171683,0.906927,1.421037,1
13351,148.344444,-0.171724,0.906968,1.420975,1
13352,148.355556,-0.171803,0.906925,1.420899,1
13353,148.366667,-0.171872,0.906909,1.420802,1
13354,148.377778,-0.171898,0.906980,1.420692,1
13355,148.388889,-0.171945,0.907089,1.420565,1
13356,148.400000,-0.171980,0.907112,1.420600,1
13357,148.411111,-0.172045,0.906974,1.420650,1
13358,148.422222,-0.172137,0.907093,1.420544,1
13359,148.433333,-0.172113,0.906906,1.420596,1
13360,148.444444,-0.172208,0.906935,1.420512,1
13361,148.455556,-0.172292,0.907089,1.420465,1
13362,148.466667,-0.172283,0.907057,1.420505,1
13363,148.477778,-0.172430,0.907055,1.420380,1
13364,148.488889,-0.172428,0.906923,1.420375,1
13365,148.500000,-0.172492,0.906955,1.420277,1
13366,148.511111,-0.172553,0.907002,1.420263,1
13367,148.522222,-0.172611,0.907025,1.420200,1
13368,148.533333,-0.172667,0.907052,1.420105,1
13369,148.544444,-0.172719,0.906999,1.420041,1
13370,148.555556,-0.172773,0.907028,1.419950,1
13371,148.566667,-0.172862,0.907022,1.419907,1
13372,148.577778,-0.172858,0.906920,1.419936,1
13373,148.588889,-0.172890,0.907015,1.419809,1
13374,148.600000,-0.172926,0.906992,1.419727,1
13375,148.611111,-0.172873,0.907057,1.419851,1
13376,148.622222,-0.172911,0.906988,1.419804,1
13377,148.633333,-0.172982,0.907007,1.419761,1
13378,148.644444,-0.173034,0.907006,1.419747,1
13379,148.655556,-0.173081,0.907010,1.419643,1
13380,148.666667,-0.173066,0.906963,1.419609,1
13381,148.677778,-0.173111,0.907025,1.419578,1
13382,148.688889,-0.173123,0.907005,1.419495,1
13383,148.700000,-0.173146,0.907007,1.419407,1
13384,148.711111,-0.173105,0.906941,1.419507,1
13385,148.722222,-0.173146,0.907046,1.419438,1
13386,148.733333,-0.173137,0.906962,1.419520,1
13387,148.744444,-0.173128,0.907098,1.419577,1
13388,148.755556,-0.173074,0.907112,1.419759,1
13389,148.766667,-0.173048,0.907274,1.419853,1
13390,148.777778,-0.172930,0.907471,1.420193,1
13391,148.788889,-0.172866,0.907631,1.420553,1
13392,148.800000,-0.172807,0.907934,1.420980,1
13393,148.811111,-0.172697,0.908168,1.421521,1
13394,148.822222,-0.172659,0.908511,1.422167,1
13395,148.833333,-0.172585,0.908937,1.422958,1
13396,148.844444,-0.172618,0.909379,1.423739,1
13397,148.855556,-0.172648,0.909886,1.424467,1
13398,148.866667,-0.172525,0.910302,1.425377,1
13399,148.877778,-0.172190,0.911866,1.427396,1
13400,148.888889,-0.172181,0.912520,1.428128,1
13401,148.900000,-0.172198,0.913058,1.428907,1
13402,148.911111,-0.172135,0.913640,1.429667,1
13403,148.922222,-0.172207,0.913959,1.430456,1
13404,148.933333,-0.172216,0.914246,1.431168,1
13405,148.944444,-0.172250,0.914467,1.431808,1
13406,148.955556,-0.172260,0.914758,1.432344,1
13407,148.966667,-0.172230,0.915059,1.432738,1
13408,148.977778,-0.172196,0.915246,1.433114,1
13409,148.988889,-0.172087,0.915551,1.433550,1
13410,149.000000,-0.172146,0.915868,1.433775,1
13411,149.011111,-0.172123,0.916127,1.434006,1
13412,149.022222,-0.172106,0.916433,1.434379,1
13413,149.033333,-0.172095,0.916693,1.434736,1
13414,149.044444,-0.172039,0.917846,1.435846,1
13415,149.055556,-0.172110,0.917416,1.435631,1
13416,149.066667,-0.172024,0.918296,1.436333,1
13417,149.077778,-0.171947,0.918478,1.436617,1
13418,149.088889,-0.172016,0.918622,1.436747,1
13419,149.100000,-0.171973,0.918706,1.436951,1
13420,149.111111,-0.171988,0.918327,1.437125,1
13421,149.122222,-0.172002,0.918317,1.437358,1
13422,149.133333,-0.171967,0.918167,1.437426,1
13423,149.144444,-0.171934,0.918102,1.437368,1
13424,149.155556,-0.171803,0.918047,1.437322,1
13425,149.166667,-0.171709,0.917839,1.437177,1
13426,149.177778,-0.171628,0.917722,1.437161,1
13427,149.188889,-0.171606,0.917562,1.436961,1
13428,149.200000,-0.171577,0.917473,1.436737,1
13429,149.211111,-0.171511,0.917159,1.436632,1
13430,149.222222,-0.170692,0.916984,1.436517,1
13431,149.233333,-0.169051,0.916437,1.435644,1
13432,149.244444,-0.167428,0.915283,1.433832,1
13433,149.255556,-0.166903,0.913836,1.431683,1
13434,149.266667,-0.167253,0.912742,1.430033,1
13435,149.277778,-0.167735,0.912083,1.428962,1
13436,149.288889,-0.167928,0.911660,1.428370,1
13437,149.300000,-0.167963,0.911477,1.427878,1
13438,149.311111,-0.167917,0.911237,1.427480,1
13439,149.322222,-0.167869,0.910986,1.427099,1
13440,149.333333,-0.167961,0.910834,1.426656,1
13441,149.344444,-0.167825,0.910711,1.426289,1
13442,149.355556,-0.167601,0.910547,1.426229,1
13443,149.366667,-0.167418,0.910395,1.425711,1
13444,149.377778,-0.167393,0.910171,1.425527,1
13445,149.388889,-0.167293,0.910039,1.425158,1
13446,149.400000,-0.167156,0.909943,1.424794,1
13447,149.411111,-0.166979,0.909798,1.424529,1
13448,149.422222,-0.166886,0.909638,1.424235,1
13449,149.433333,-0.166774,0.909550,1.423883,1
13450,149.444444,-0.166815,0.909404,1.423576,1
13451,149.455556,-0.166784,0.909294,1.423301,1
13452,149.466667,-0.166958,0.910143,1.424078,1
13453,149.477778,-0.166930,0.910279,1.424156,1
13454,149.488889,-0.166842,0.910288,1.424199,1
13455,149.500000,-0.166822,0.910382,1.424231,1
13456,149.511111,-0.166827,0.910517,1.424057,1
13457,149.522222,-0.166732,0.910412,1.423841,1
13458,149.533333,-0.166636,0.910352,1.423684,1
13459,149.544444,-0.166632,0.910357,1.423399,1
13460,149.555556,-0.166490,0.910436,1.423307,1
13461,149.566667,-0.166500,0.910355,1.423137,1
13462,149.577778,-0.166426,0.910273,1.422919,1
13463,149.588889,-0.166387,0.910206,1.422765,1
13464,149.600000,-0.166388,0.910164,1.422616,1
13465,149.611111,-0.166374,0.910111,1.422537,1
13466,149.622222,-0.166303,0.909936,1.422378,1
13467,149.633333,-0.166318,0.909967,1.422322,1
13468,149.644444,-0.166193,0.909803,1.422146,1
13469,149.655556,-0.166206,0.909309,1.421880,1
13470,149.666667,-0.166151,0.909776,1.421824,1
13471,149.677778,-0.166114,0.909749,1.421832,1
13472,149.688889,-0.166205,0.909719,1.421651,1
13473,149.700000,-0.166184,0.909701,1.421621,1
13474,149.711111,-0.166197,0.909241,1.421544,1
13475,149.722222,-0.166218,0.908985,1.421369,1
13476,149.733333,-0.166228,0.908759,1.421208,1
13477,149.744444,-0.166344,0.908682,1.420984,1
13478,149.755556,-0.166363,0.908612,1.420818,1
13479,149.766667,-0.166475,0.908541,1.420666,1
13480,149.777778,-0.166723,0.908550,1.420694,1
13481,149.788889,-0.166987,0.908461,1.420380,1
13482,149.800000,-0.167224,0.908454,1.420233,1
13483,149.811111,-0.167483,0.908519,1.420045,1
13484,149.822222,-0.167596,0.908496,1.420001,1
13485,149.833333,-0.167764,0.908562,1.419830,1
13486,149.844444,-0.167817,0.908412,1.419786,1
13487,149.855556,-0.167907,0.908517,1.419690,1
13488,149.866667,-0.167996,0.908426,1.419693,1
13489,149.877778,-0.168171,0.908399,1.419701,1
13490,149.888889,-0.168268,0.908412,1.419614,1
13491,149.900000,-0.168241,0.908285,1.419587,1
13492,149.911111,-0.168442,0.908473,1.419574,1
13493,149.922222,-0.168458,0.908301,1.419602,1
13494,149.933333,-0.168639,0.908196,1.419703,1
13495,149.944444,-0.168802,0.908164,1.419694,1
13496,149.955556,-0.168833,0.908242,1.419585,1
13497,149.966667,-0.168919,0.908352,1.419713,1
13498,149.977778,-0.169162,0.908279,1.419697,1
13499,149.988889,-0.169242,0.908152,1.419816,1
13500,150.000000,-0.169381,0.908200,1.419839,1
13501,150.011111,-0.169477,0.908099,1.419824,1
13502,150.022222,-0.169523,0.908103,1.419782,1
13503,150.033333,-0.169621,0.908211,1.419715,1
13504,150.044444,-0.169710,0.908154,1.419834,1
13505,150.055556,-0.169823,0.908127,1.419902,1
13506,150.066667,-0.169910,0.908205,1.419847,1
13507,150.077778,-0.169995,0.908191,1.419997,1
13508,150.088889,-0.170126,0.908243,1.420067,1
13509,150.100000,-0.170141,0.908163,1.420086,1
13510,150.111111,-0.170144,0.908147,1.420105,1
13511,150.122222,-0.170250,0.908186,1.420136,1
13512,150.133333,-0.170351,0.908169,1.420151,1
13513,150.144444,-0.170476,0.908212,1.420182,1
13514,150.155556,-0.170523,0.908112,1.420172,1
13515,150.166667,-0.170699,0.907976,1.420258,1
13516,150.177778,-0.170886,0.907944,1.420332,1
13517,150.188889,-0.170877,0.907953,1.420328,1
13518,150.200000,-0.170883,0.907963,1.420352,1
13519,150.211111,-0.170977,0.908042,1.420324,1
13520,150.222222,-0.171015,0.907987,1.420331,1
13521,150.233333,-0.171160,0.908012,1.420362,1
13522,150.244444,-0.171234,0.907905,1.420381,1
13523,150.255556,-0.171243,0.907992,1.420403,1
13524,150.266667,-0.171268,0.907916,1.420373,1
13525,150.277778,-0.171350,0.907976,1.420253,1
13526,150.288889,-0.171348,0.908027,1.420404,1
13527,150.300000,-0.171404,0.907961,1.420369,1
13528,150.311111,-0.171482,0.908005,1.420293,1
13529,150.322222,-0.171520,0.907869,1.420273,1
13530,150.333333,-0.171553,0.907844,1.420221,1
13531,150.344444,-0.171620,0.907796,1.420189,1
13532,150.355556,-0.171701,0.907764,1.420179,1
13533,150.366667,-0.171735,0.907808,1.420160,1
13534,150.377778,-0.171811,0.907822,1.420163,1
13535,150.388889,-0.171804,0.907765,1.420062,1
13536,150.400000,-0.171885,0.907807,1.419975,1
13537,150.411111,-0.171939,0.907837,1.419953,1
13538,150.422222,-0.171995,0.907797,1.419956,1
13539,150.433333,-0.172048,0.907764,1.419780,1
13540,150.444444,-0.172107,0.907890,1.419694,1
13541,150.455556,-0.172162,0.907956,1.419644,1
13542,150.466667,-0.172201,0.907860,1.419552,1
13543,150.477778,-0.172245,0.907920,1.419413,1
13544,150.488889,-0.172249,0.907843,1.419323,1
13545,150.500000,-0.172288,0.907831,1.419396,1
13546,150.511111,-0.172355,0.907851,1.419280,1
13547,150.522222,-0.172424,0.907880,1.419176,1
13548,150.533333,-0.172463,0.907902,1.419088,1
13549,150.544444,-0.172538,0.907871,1.419083,1
13550,150.555556,-0.172557,0.907889,1.418976,1
13551,150.566667,-0.172623,0.907807,1.418923,1
13552,150.577778,-0.172672,0.907812,1.418753,1
13553,150.588889,-0.172765,0.907854,1.418689,1
13554,150.600000,-0.172797,0.907876,1.418657,1
13555,150.611111,-0.172817,0.907919,1.418699,1
13556,150.622222,-0.172832,0.907885,1.418500,1
13557,150.633333,-0.172920,0.907898,1.418575,1
13558,150.644444,-0.172956,0.907947,1.418391,1
13559,150.655556,-0.172922,0.907847,1.418422,1
13560,150.666667,-0.173015,0.907892,1.418339,1
13561,150.677778,-0.173016,0.907848,1.418268,1
13562,150.688889,-0.173116,0.907883,1.418265,1
13563,150.700000,-0.173211,0.907947,1.418200,1
13564,150.711111,-0.173251,0.907969,1.418160,1
13565,150.722222,-0.173265,0.907867,1.418065,1
13566,150.733333,-0.173251,0.907837,1.418040,1
13567,150.744444,-0.173308,0.907896,1.418081,1
13568,150.755556,-0.173386,0.907905,1.417951,1
13569,150.766667,-0.173436,0.907923,1.417944,1
13570,150.777778,-0.173472,0.908000,1.417895,1
13571,150.788889,-0.173487,0.907978,1.417845,1
13572,150.800000,-0.173558,0.907891,1.417865,1
13573,150.811111,-0.173577,0.907786,1.417893,1
13574,150.822222,-0.173609,0.907846,1.417849,1
13575,150.833333,-0.173651,0.907861,1.417849,1
13576,150.844444,-0.173668,0.907880,1.417854,1
13577,150.855556,-0.173674,0.907854,1.417821,1
13578,150.866667,-0.173668,0.907863,1.417804,1
13579,150.877778,-0.173683,0.907830,1.417809,1
13580,150.888889,-0.173730,0.907844,1.417779,1
13581,150.900000,-0.173764,0.907840,1.417792,1
13582,150.911111,-0.173751,0.907829,1.417818,1
13583,150.922222,-0.173745,0.907858,1.417860,1
13584,150.933333,-0.173779,0.907845,1.417877,1
13585,150.944444,-0.173807,0.907868,1.417879,1
13586,150.955556,-0.173785,0.907801,1.417941,1
13587,150.966667,-0.173780,0.907852,1.417885,1
13588,150.977778,-0.173788,0.907810,1.417959,1
13589,150.988889,-0.173795,0.907832,1.417948,1
13590,151.000000,-0.173797,0.907830,1.417985,1
13591,151.011111,-0.173753,0.907853,1.417988,1
13592,151.022222,-0.173698,0.907865,1.418030,1
13593,151.033333,-0.173691,0.907844,1.418091,1
13594,151.044444,-0.173681,0.907863,1.418101,1
13595,151.055556,-0.173663,0.907889,1.418069,1
13596,151.066667,-0.173651,0.907899,1.418115,1
13597,151.077778,-0.173585,0.907915,1.418174,1
13598,151.088889,-0.173551,0.907934,1.418184,1
13599,151.100000,-0.173532,0.907933,1.418314,1
13600,151.111111,-0.173517,0.907909,1.418298,1
13601,151.122222,-0.173494,0.907904,1.418338,1
13602,151.133333,-0.173433,0.907952,1.418415,1
13603,151.144444,-0.173398,0.908004,1.418419,1
13604,151.155556,-0.173343,0.908074,1.418462,1
13605,151.166667,-0.173301,0.908064,1.418561,1
13606,151.177778,-0.173239,0.907971,1.418615,1
13607,151.188889,-0.173196,0.907974,1.418680,1
13608,151.200000,-0.173158,0.907993,1.418720,1
13609,151.211111,-0.173150,0.908018,1.418701,1
13610,151.222222,-0.173092,0.908097,1.418778,1
13611,151.233333,-0.173052,0.907986,1.418794,1
13612,151.244444,-0.172970,0.907950,1.418842,1
13613,151.255556,-0.172955,0.908017,1.418845,1
13614,151.266667,-0.172908,0.908047,1.418845,1
13615,151.277778,-0.172824,0.908005,1.418935,1
13616,151.288889,-0.173166,0.908692,1.419256,1
13617,151.300000,-0.172790,0.908765,1.419462,1
13618,151.311111,-0.172586,0.908887,1.419651,1
13619,151.322222,-0.172413,0.909061,1.419839,1
13620,151.333333,-0.172257,0.909039,1.419875,1
13621,151.344444,-0.172180,0.909024,1.419960,1
13622,151.355556,-0.172157,0.909160,1.419920,1
13623,151.366667,-0.172096,0.909166,1.420043,1
13624,151.377778,-0.172070,0.909141,1.420119,1
13625,151.388889,-0.172039,0.909285,1.419992,1
13626,151.400000,-0.172022,0.909342,1.420005,1
13627,151.411111,-0.171980,0.909290,1.420077,1
13628,151.422222,-0.171981,0.909323,1.420069,1
13629,151.433333,-0.171925,0.909357,1.420024,1
13630,151.444444,-0.171916,0.909355,1.419989,1
13631,151.455556,-0.171842,0.909319,1.420043,1
13632,151.466667,-0.171815,0.909294,1.420089,1
13633,151.477778,-0.171772,0.909280,1.420104,1
13634,151.488889,-0.171739,0.909321,1.420138,1
13635,151.500000,-0.171712,0.909294,1.420064,1
13636,151.511111,-0.171660,0.909376,1.420073,1
13637,151.522222,-0.171606,0.909426,1.420120,1
13638,151.533333,-0.171557,0.909373,1.420160,1
13639,151.544444,-0.171520,0.909335,1.420117,1
13640,151.555556,-0.171504,0.909361,1.420179,1
13641,151.566667,-0.171433,0.909411,1.420216,1
13642,151.577778,-0.171376,0.909446,1.420204,1
13643,151.588889,-0.171320,0.909240,1.420226,1
13644,151.600000,-0.171370,0.909343,1.420254,1
13645,151.611111,-0.171320,0.909324,1.420225,1
13646,151.622222,-0.171252,0.909353,1.420282,1
13647,151.633333,-0.171236,0.909345,1.420261,1
13648,151.644444,-0.171203,0.909390,1.420317,1
13649,151.655556,-0.171145,0.909298,1.420318,1
13650,151.666667,-0.171136,0.909320,1.420332,1
13651,151.677778,-0.171118,0.909332,1.420347,1
13652,151.688889,-0.171085,0.909169,1.420386,1
13653,151.700000,-0.171070,0.909245,1.420403,1
13654,151.711111,-0.171025,0.909300,1.420321,1
13655,151.722222,-0.170940,0.909270,1.420441,1
13656,151.733333,-0.170933,0.909302,1.420390,1
13657,151.744444,-0.170935,0.909237,1.420458,1
13658,151.755556,-0.170906,0.909191,1.420496,1
13659,151.766667,-0.170967,0.909227,1.420504,1
13660,151.777778,-0.170948,0.909276,1.420467,1
13661,151.788889,-0.170874,0.909246,1.420560,1
13662,151.800000,-0.170784,0.909247,1.420761,1
13663,151.811111,-0.170604,0.909269,1.420702,1
13664,151.822222,-0.170452,0.909310,1.420780,1
13665,151.833333,-0.170414,0.909227,1.420800,1
13666,151.844444,-0.170317,0.909265,1.420805,1
13667,151.855556,-0.170232,0.909315,1.420877,1
13668,151.866667,-0.170226,0.909316,1.420932,1
13669,151.877778,-0.170129,0.909315,1.421052,1
13670,151.888889,-0.170062,0.909299,1.421063,1
13671,151.900000,-0.169993,0.909200,1.421205,1
13672,151.911111,-0.169849,0.909211,1.421162,1
13673,151.922222,-0.169730,0.909136,1.421349,1
13674,151.933333,-0.169628,0.909137,1.421389,1
13675,151.944444,-0.169634,0.909276,1.421419,1
13676,151.955556,-0.169505,0.909265,1.421420,1
13677,151.966667,-0.169476,0.909369,1.421459,1
13678,151.977778,-0.169480,0.909329,1.421525,1
13679,151.988889,-0.169530,0.909320,1.421617,1
13680,152.000000,-0.169516,0.909196,1.421628,1
13681,152.011111,-0.169544,0.909168,1.421661,1
13682,152.022222,-0.169434,0.909102,1.421671,1
13683,152.033333,-0.169320,0.909025,1.421622,1
13684,152.044444,-0.169132,0.909192,1.421627,1
13685,152.055556,-0.168893,0.909066,1.421710,1
13686,152.066667,-0.168792,0.909073,1.421639,1
13687,152.077778,-0.168670,0.909044,1.421585,1
13688,152.088889,-0.168460,0.908975,1.421699,1
13689,152.100000,-0.168358,0.909111,1.421602,1
13690,152.111111,-0.168213,0.909220,1.421646,1
13691,152.122222,-0.167972,0.909228,1.421605,1
13692,152.133333,-0.167830,0.909171,1.421491,1
13693,152.144444,-0.167599,0.909188,1.421373,1
13694,152.155556,-0.167375,0.909278,1.421356,1
13695,152.166667,-0.167190,0.909217,1.421282,1
13696,152.177778,-0.166931,0.909271,1.421184,1
13697,152.188889,-0.166648,0.909315,1.420912,1
13698,152.200000,-0.166425,0.909197,1.420631,1
13699,152.211111,-0.166239,0.909145,1.420508,1
13700,152.222222,-0.166058,0.909155,1.420206,1
13701,152.233333,-0.165812,0.909278,1.419942,1
13702,152.244444,-0.165582,0.909224,1.419820,1
13703,152.255556,-0.165434,0.909191,1.419614,1
13704,152.266667,-0.165194,0.909069,1.419363,1
13705,152.277778,-0.164942,0.909037,1.419064,1
13706,152.288889,-0.164732,0.908921,1.418768,1
13707,152.300000,-0.164646,0.908908,1.418405,1
13708,152.311111,-0.164505,0.908935,1.418197,1
13709,152.322222,-0.164302,0.908838,1.417871,1
13710,152.333333,-0.164073,0.908872,1.417629,1
13711,152.344444,-0.163935,0.908831,1.417256,1
13712,152.355556,-0.163727,0.908744,1.417027,1
13713,152.366667,-0.163517,0.908492,1.417002,1
13714,152.377778,-0.163042,0.908134,1.417279,1
13715,152.388889,-0.162794,0.908120,1.417039,1
13716,152.400000,-0.162630,0.908250,1.416668,1
13717,152.411111,-0.162487,0.908331,1.416432,1
13718,152.422222,-0.162340,0.908422,1.416442,1
13719,152.433333,-0.162160,0.908452,1.416289,1
13720,152.444444,-0.162027,0.908410,1.416314,1
13721,152.455556,-0.161879,0.908425,1.416418,1
13722,152.466667,-0.161598,0.908557,1.416559,1
13723,152.477778,-0.161320,0.908682,1.416622,1
13724,152.488889,-0.161165,0.908740,1.416850,1
13725,152.500000,-0.160972,0.908996,1.416786,1
13726,152.511111,-0.160864,0.909120,1.417221,1
13727,152.522222,-0.160361,0.909182,1.417390,1
13728,152.533333,-0.159982,0.909196,1.418078,1
13729,152.544444,-0.160037,0.909364,1.418702,1
13730,152.555556,-0.159933,0.909591,1.419505,1
13731,152.566667,-0.159691,0.909733,1.419994,1
13732,152.577778,-0.159510,0.909830,1.420940,1
13733,152.588889,-0.159326,0.910126,1.421391,1
13734,152.600000,-0.159071,0.910235,1.421710,1
13735,152.611111,-0.158671,0.910529,1.421932,1
13736,152.622222,-0.158462,0.910738,1.422408,1
13737,152.633333,-0.158089,0.910924,1.422626,1
13738,152.644444,-0.157805,0.911079,1.423188,1
13739,152.655556,-0.157475,0.911554,1.423389,1
13740,152.666667,-0.157406,0.911789,1.422421,1
13741,152.677778,-0.156794,0.912374,1.421722,1
13742,152.688889,-0.156282,0.912607,1.421509,1
13743,152.700000,-0.155689,0.912857,1.421558,1
13744,152.711111,-0.154857,0.913182,1.421991,1
13745,152.722222,-0.154254,0.912928,1.422462,1
13746,152.733333,-0.153750,0.912612,1.423743,1
13747,152.744444,-0.152792,0.912511,1.424595,1
13748,152.755556,-0.151774,0.912441,1.425344,1
13749,152.766667,-0.150642,0.912410,1.425981,1
13750,152.777778,-0.149262,0.912474,1.426682,1
13751,152.788889,-0.148317,0.912384,1.427483,1
13752,152.800000,-0.147392,0.912300,1.427718,1
13753,152.811111,-0.146272,0.912442,1.427873,1
13754,152.822222,-0.144830,0.912737,1.428677,1
13755,152.833333,-0.143542,0.912106,1.428673,1
13756,152.844444,-0.142721,0.912077,1.428517,1
13757,152.855556,-0.142148,0.912108,1.428279,1
13758,152.866667,-0.140924,0.911790,1.428309,1
13759,152.877778,-0.138959,0.911758,1.428379,1
13760,152.888889,-0.137006,0.911887,1.427677,1
13761,152.900000,-0.135174,0.911903,1.427345,1
13762,152.911111,-0.133327,0.911963,1.426992,1
13763,152.922222,-0.131634,0.912175,1.426698,1
13764,152.933333,-0.130211,0.912253,1.426235,1
13765,152.944444,-0.128757,0.912575,1.425563,1
13766,152.955556,-0.126795,0.912387,1.425471,1
13767,152.966667,-0.124403,0.912356,1.425580,1
13768,152.977778,-0.121643,0.912783,1.426147,1
13769,152.988889,-0.119413,0.912647,1.426513,1
13770,153.000000,-0.117273,0.912608,1.426986,1
13771,153.011111,-0.115007,0.912819,1.427556,1
13772,153.022222,-0.112717,0.913168,1.428145,1
13773,153.033333,-0.110231,0.913919,1.428734,1
13774,153.044444,-0.107822,0.915021,1.429454,1
13775,153.055556,-0.105463,0.915858,1.430220,1
13776,153.066667,-0.102920,0.917666,1.431507,1
13777,153.077778,-0.100431,0.919135,1.432377,1
13778,153.088889,-0.097479,0.920665,1.432772,1
13779,153.100000,-0.095197,0.921832,1.433680,1
13780,153.111111,-0.092809,0.922423,1.435019,1
13781,153.122222,-0.090400,0.923011,1.436290,1
13782,153.133333,-0.087763,0.923466,1.437760,1
13783,153.144444,-0.085265,0.923906,1.439226,1
13784,153.155556,-0.082746,0.924111,1.440681,1
13785,153.166667,-0.080361,0.924410,1.442105,1
13786,153.177778,-0.077727,0.924328,1.443940,1
13787,153.188889,-0.075387,0.924577,1.445629,1
13788,153.200000,-0.073052,0.924478,1.447043,1
13789,153.211111,-0.070162,0.924482,1.448443,1
13790,153.222222,-0.067721,0.924686,1.449986,1
13791,153.233333,-0.065438,0.924969,1.451533,1
13792,153.244444,-0.060380,0.924794,1.453474,1
13793,153.255556,-0.058506,0.924843,1.455218,1
13794,153.266667,-0.056645,0.924558,1.457010,1
13795,153.277778,-0.054785,0.924213,1.458980,1
13796,153.288889,-0.052974,0.922816,1.460825,1
13797,153.300000,-0.051175,0.922479,1.463115,1
13798,153.311111,-0.049303,0.921848,1.465591,1
13799,153.322222,-0.047466,0.921499,1.468313,1
13800,153.333333,-0.045809,0.920797,1.470987,1
13801,153.344444,-0.043753,0.920300,1.473666,1
13802,153.355556,-0.041708,0.919989,1.476728,1
13803,153.366667,-0.039502,0.919671,1.479734,1
13804,153.377778,-0.037461,0.919317,1.482762,1
13805,153.388889,-0.035992,0.919536,1.485814,1
13806,153.400000,-0.034814,0.920100,1.489041,1
13807,153.411111,-0.033466,0.921679,1.492607,1
13808,153.422222,-0.031661,0.923521,1.496222,1
13809,153.433333,-0.029754,0.925000,1.499457,1
13810,153.444444,-0.027072,0.924257,1.502124,1
13811,153.455556,-0.024016,0.928345,1.505528,1
13812,153.466667,-0.021363,0.933232,1.508641,1
13813,153.477778,-0.018494,0.934924,1.510909,1
13814,153.488889,-0.015936,0.934543,1.513282,1
13815,153.500000,-0.013803,0.934970,1.515665,1
13816,153.511111,-0.012103,0.933850,1.517788,1
13817,153.522222,-0.010590,0.933307,1.519861,1
13818,153.533333,-0.009852,0.932759,1.520995,1
13819,153.544444,-0.009230,0.932291,1.522070,1
13820,153.555556,-0.008698,0.930229,1.523117,1
13821,153.566667,-0.007885,0.930934,1.524722,1
13822,153.577778,-0.007061,0.930823,1.526371,1
13823,153.588889,-0.006901,0.931103,1.527897,1
13824,153.600000,-0.007105,0.931784,1.529533,1
13825,153.611111,-0.007430,0.931329,1.531056,1
13826,153.622222,-0.007393,0.930734,1.532626,1
13827,153.633333,-0.007722,0.930835,1.534368,1
13828,153.644444,-0.007321,0.929753,1.536215,1
13829,153.655556,-0.008057,0.926392,1.537627,1
13830,153.666667,-0.008599,0.923043,1.538049,1
13831,153.677778,-0.008730,0.919899,1.538322,1
13832,153.688889,-0.009132,0.917148,1.538701,1
13833,153.700000,-0.009328,0.915316,1.539676,1
13834,153.711111,-0.009747,0.913802,1.540350,1
13835,153.722222,-0.010002,0.912699,1.541139,1
13836,153.733333,-0.010262,0.912039,1.541637,1
13837,153.744444,-0.010451,0.911585,1.541921,1
13838,153.755556,-0.010448,0.910815,1.541910,1
13839,153.766667,-0.010632,0.910356,1.541969,1
13840,153.777778,-0.010803,0.910040,1.542074,1
13841,153.788889,-0.010827,0.909779,1.542004,1
13842,153.800000,-0.010937,0.909486,1.541860,1
13843,153.811111,-0.011004,0.909183,1.541582,1
13844,153.822222,-0.011269,0.909001,1.541673,1
13845,153.833333,-0.011458,0.908862,1.541245,1
13846,153.844444,-0.011609,0.908616,1.540596,1
13847,153.855556,-0.011752,0.908416,1.540108,1
13848,153.866667,-0.011901,0.907973,1.539427,1
13849,153.877778,-0.012280,0.907751,1.539014,1
13850,153.888889,-0.012654,0.907421,1.538456,1
13851,153.900000,-0.013097,0.907029,1.537821,1
13852,153.911111,-0.013489,0.906834,1.537234,1
13853,153.922222,-0.013826,0.906506,1.536564,1
13854,153.933333,-0.014200,0.906424,1.535970,1
13855,153.944444,-0.014506,0.906344,1.535390,1
13856,153.955556,-0.014990,0.906245,1.534775,1
13857,153.966667,-0.015453,0.906362,1.534433,1
13858,153.977778,-0.015849,0.906198,1.533876,1
13859,153.988889,-0.016201,0.906185,1.533397,1
13860,154.000000,-0.016695,0.906229,1.532972,1
13861,154.011111,-0.017343,0.906235,1.532776,1
13862,154.022222,-0.017679,0.906126,1.532235,1
13863,154.033333,-0.018181,0.906138,1.531796,1
13864,154.044444,-0.018752,0.906251,1.531505,1
13865,154.055556,-0.019156,0.906124,1.531109,1
13866,154.066667,-0.019596,0.905998,1.530757,1
13867,154.077778,-0.020102,0.906018,1.530501,1
13868,154.088889,-0.020450,0.905903,1.530228,1
13869,154.100000,-0.020871,0.906212,1.530320,1
13870,154.111111,-0.021245,0.906278,1.530045,1
13871,154.122222,-0.021660,0.906442,1.529840,1
13872,154.133333,-0.021889,0.906271,1.529526,1
13873,154.144444,-0.022051,0.906338,1.529317,1
13874,154.155556,-0.022369,0.906486,1.529313,1
13875,154.166667,-0.022788,0.906627,1.529332,1
13876,154.177778,-0.023096,0.906758,1.529373,1
13877,154.188889,-0.023318,0.906740,1.529349,1
13878,154.200000,-0.023395,0.906693,1.529287,1
13879,154.211111,-0.023522,0.906670,1.529303,1
13880,154.222222,-0.023687,0.906776,1.529542,1
13881,154.233333,-0.023856,0.906867,1.529851,1
13882,154.244444,-0.023878,0.906705,1.529901,1
13883,154.255556,-0.023943,0.906642,1.530142,1
13884,154.266667,-0.023989,0.906517,1.530355,1
13885,154.277778,-0.024072,0.906375,1.530470,1
13886,154.288889,-0.024152,0.906317,1.530605,1
13887,154.300000,-0.024370,0.906273,1.530909,1
13888,154.311111,-0.024566,0.906360,1.531339,1
13889,154.322222,-0.024424,0.906236,1.531457,1
13890,154.333333,-0.024361,0.906148,1.531000,1
13891,154.344444,-0.024292,0.906101,1.531238,1
13892,154.355556,-0.024239,0.906021,1.531553,1
13893,154.366667,-0.024274,0.906055,1.531921,1
13894,154.377778,-0.024219,0.906041,1.532201,1
13895,154.388889,-0.024083,0.905866,1.532232,1
13896,154.400000,-0.024085,0.905744,1.532451,1
13897,154.411111,-0.024123,0.905799,1.532622,1
13898,154.422222,-0.023958,0.905693,1.532612,1
13899,154.433333,-0.024009,0.905612,1.532960,1
13900,154.444444,-0.023933,0.905517,1.533107,1
13901,154.455556,-0.023838,0.905417,1.533090,1
13902,154.466667,-0.023936,0.905385,1.533391,1
13903,154.477778,-0.023715,0.905219,1.533352,1
13904,154.488889,-0.023785,0.905078,1.533510,1
13905,154.500000,-0.023817,0.904972,1.533586,1
13906,154.511111,-0.023786,0.904947,1.533648,1
13907,154.522222,-0.023798,0.905014,1.533813,1
13908,154.533333,-0.023821,0.904970,1.533940,1
13909,154.544444,-0.023867,0.904845,1.534085,1
13910,154.555556,-0.023967,0.904832,1.534162,1
13911,154.566667,-0.024110,0.904757,1.534262,1
13912,154.577778,-0.024159,0.904661,1.534448,1
13913,154.588889,-0.024190,0.904678,1.534552,1
13914,154.600000,-0.024165,0.904551,1.534512,1
13915,154.611111,-0.024288,0.904368,1.534525,1
13916,154.622222,-0.024435,0.904175,1.534567,1
13917,154.633333,-0.024522,0.904237,1.534709,1
13918,154.644444,-0.024538,0.904165,1.534703,1
13919,154.655556,-0.024662,0.904096,1.534724,1
13920,154.666667,-0.024833,0.904082,1.534970,1
13921,154.677778,-0.024953,0.904031,1.535208,1
13922,154.688889,-0.024982,0.904060,1.535186,1
13923,154.700000,-0.025058,0.904110,1.535207,1
13924,154.711111,-0.025208,0.904115,1.535227,1
13925,154.722222,-0.025455,0.904190,1.535413,1
13926,154.733333,-0.025606,0.904173,1.535493,1
13927,154.744444,-0.025603,0.904176,1.535435,1
13928,154.755556,-0.025689,0.904143,1.535467,1
13929,154.766667,-0.025791,0.904203,1.535501,1
13930,154.777778,-0.025834,0.904199,1.535516,1
13931,154.788889,-0.025909,0.904154,1.535546,1
13932,154.800000,-0.025994,0.904107,1.535508,1
13933,154.811111,-0.026002,0.904104,1.535490,1
13934,154.822222,-0.026117,0.904119,1.535592,1
13935,154.833333,-0.026202,0.904239,1.535719,1
13936,154.844444,-0.026250,0.904169,1.535662,1
13937,154.855556,-0.026309,0.904273,1.535746,1
13938,154.866667,-0.026371,0.904434,1.535825,1
13939,154.877778,-0.026340,0.904448,1.535827,1
13940,154.888889,-0.026368,0.904378,1.535894,1
13941,154.900000,-0.026416,0.904362,1.535889,1
13942,154.911111,-0.026320,0.904315,1.535793,1
13943,154.922222,-0.026326,0.904294,1.535693,1
13944,154.933333,-0.026397,0.904387,1.535712,1
13945,154.944444,-0.026375,0.904348,1.535675,1
13946,154.955556,-0.026319,0.904317,1.535656,1
13947,154.966667,-0.026292,0.904408,1.535672,1
13948,154.977778,-0.026215,0.904392,1.535668,1
13949,154.988889,-0.026217,0.904296,1.535823,1
13950,155.000000,-0.026081,0.904361,1.535764,1
13951,155.011111,-0.026116,0.904364,1.535693,1
13952,155.022222,-0.026155,0.904360,1.535714,1
13953,155.033333,-0.026099,0.904306,1.535689,1
13954,155.044444,-0.025893,0.904316,1.535599,1
13955,155.055556,-0.025860,0.904353,1.535550,1
13956,155.066667,-0.025957,0.904329,1.535579,1
13957,155.077778,-0.025905,0.904348,1.535471,1
13958,155.088889,-0.025883,0.904353,1.535532,1
13959,155.100000,-0.025754,0.904296,1.535474,1
13960,155.111111,-0.025764,0.904336,1.535470,1
13961,155.122222,-0.025672,0.904323,1.535363,1
13962,155.133333,-0.025675,0.904445,1.535351,1
13963,155.144444,-0.025653,0.904476,1.535282,1
13964,155.155556,-0.025656,0.904523,1.535236,1
13965,155.166667,-0.025755,0.904533,1.535294,1
13966,155.177778,-0.025675,0.904583,1.535287,1
13967,155.188889,-0.025656,0.904514,1.535179,1
13968,155.200000,-0.025742,0.904528,1.535162,1
13969,155.211111,-0.025726,0.904581,1.535101,1
13970,155.222222,-0.025737,0.904520,1.534933,1
13971,155.233333,-0.025860,0.904492,1.534876,1
13972,155.244444,-0.025939,0.904582,1.534866,1
13973,155.255556,-0.025982,0.904561,1.534737,1
13974,155.266667,-0.026061,0.904666,1.534757,1
13975,155.277778,-0.026146,0.904705,1.534673,1
13976,155.288889,-0.026322,0.904815,1.534647,1
13977,155.300000,-0.026408,0.904905,1.534595,1
13978,155.311111,-0.026499,0.905049,1.534547,1
13979,155.322222,-0.026551,0.905223,1.534489,1
13980,155.333333,-0.026629,0.905268,1.534434,1
13981,155.344444,-0.026789,0.905456,1.534512,1
13982,155.355556,-0.026859,0.905555,1.534545,1
13983,155.366667,-0.026790,0.905755,1.534388,1
13984,155.377778,-0.026868,0.905733,1.534373,1
13985,155.388889,-0.026813,0.906038,1.534417,1
13986,155.400000,-0.026798,0.906116,1.534263,1
13987,155.411111,-0.026818,0.906298,1.534270,1
13988,155.422222,-0.026742,0.906343,1.534043,1
13989,155.433333,-0.026648,0.906515,1.534011,1
13990,155.444444,-0.026607,0.906623,1.533935,1
13991,155.455556,-0.026474,0.906816,1.533760,1
13992,155.466667,-0.026051,0.906798,1.533366,1
13993,155.477778,-0.025845,0.906937,1.533884,1
13994,155.488889,-0.025689,0.906969,1.533270,1
13995,155.500000,-0.025479,0.907145,1.533247,1
13996,155.511111,-0.025111,0.907054,1.532874,1
13997,155.522222,-0.024730,0.907242,1.532537,1
13998,155.533333,-0.024351,0.907443,1.532290,1
13999,155.544444,-0.023998,0.907681,1.531960,1
14000,155.555556,-0.023696,0.908938,1.532705,1
14001,155.566667,-0.023343,0.909448,1.532135,1
14002,155.577778,-0.022834,0.909712,1.531806,1
14003,155.588889,-0.022404,0.910257,1.531475,1
14004,155.600000,-0.021796,0.910969,1.531117,1
14005,155.611111,-0.021125,0.911434,1.530787,1
14006,155.622222,-0.020452,0.912057,1.530650,1
14007,155.633333,-0.019734,0.912615,1.530501,1
14008,155.644444,-0.018705,0.913051,1.530626,1
14009,155.655556,-0.017923,0.913559,1.530589,1
14010,155.666667,-0.017076,0.914071,1.530249,1
14011,155.677778,-0.016114,0.914541,1.529871,1
14012,155.688889,-0.015417,0.915086,1.529792,1
14013,155.700000,-0.014837,0.915691,1.529606,1
14014,155.711111,-0.014199,0.916287,1.529528,1
14015,155.722222,-0.013561,0.916701,1.529452,1
14016,155.733333,-0.012833,0.917376,1.529634,1
14017,155.744444,-0.012550,0.918128,1.529301,1
14018,155.755556,-0.012222,0.918580,1.529308,1
14019,155.766667,-0.011512,0.919087,1.529462,1
14020,155.777778,-0.010926,0.919420,1.529471,1
14021,155.788889,-0.010427,0.919741,1.529464,1
14022,155.800000,-0.009930,0.919918,1.529391,1
14023,155.811111,-0.009610,0.920256,1.529636,1
14024,155.822222,-0.009201,0.920304,1.529792,1
14025,155.833333,-0.008981,0.920514,1.530061,1
14026,155.844444,-0.008775,0.920710,1.530248,1
14027,155.855556,-0.008586,0.920826,1.530439,1
14028,155.866667,-0.008359,0.920925,1.530588,1
14029,155.877778,-0.008267,0.920975,1.530800,1
14030,155.888889,-0.008283,0.921064,1.531051,1
14031,155.900000,-0.008255,0.920921,1.531206,1
14032,155.911111,-0.008254,0.920988,1.531354,1
14033,155.922222,-0.008291,0.920975,1.531451,1
14034,155.933333,-0.008361,0.920909,1.531635,1
14035,155.944444,-0.008430,0.920741,1.531748,1
14036,155.955556,-0.008519,0.920701,1.531867,1
14037,155.966667,-0.008754,0.920486,1.532001,1
14038,155.977778,-0.009049,0.920408,1.532308,1
14039,155.988889,-0.009281,0.920305,1.532524,1
14040,156.000000,-0.009538,0.920162,1.532698,1
14041,156.011111,-0.009806,0.920101,1.533018,1
14042,156.022222,-0.010014,0.919949,1.533143,1
14043,156.033333,-0.010430,0.919981,1.533455,1
14044,156.044444,-0.010663,0.919843,1.533565,1
14045,156.055556,-0.010974,0.919787,1.533839,1
14046,156.066667,-0.011287,0.919618,1.534093,1
14047,156.077778,-0.011441,0.919460,1.534128,1
14048,156.088889,-0.011670,0.919492,1.534382,1
14049,156.100000,-0.011883,0.919483,1.534595,1
14050,156.111111,-0.012069,0.919529,1.534804,1
14051,156.122222,-0.012274,0.919436,1.535018,1
14052,156.133333,-0.012463,0.919405,1.535286,1
14053,156.144444,-0.012555,0.919257,1.535377,1
14054,156.155556,-0.012666,0.919215,1.535523,1
14055,156.166667,-0.012817,0.919140,1.535707,1
14056,156.177778,-0.012903,0.919203,1.535953,1
14057,156.188889,-0.013060,0.919110,1.536122,1
14058,156.200000,-0.013133,0.919108,1.536222,1
14059,156.211111,-0.013172,0.919017,1.536254,1
14060,156.222222,-0.013186,0.918863,1.536258,1
14061,156.233333,-0.013287,0.918773,1.536324,1
14062,156.244444,-0.013236,0.918496,1.536334,1
14063,156.255556,-0.013248,0.918416,1.536313,1
14064,156.266667,-0.013169,0.918136,1.536235,1
14065,156.277778,-0.013450,0.918174,1.536523,1
14066,156.288889,-0.013545,0.918170,1.536505,1
14067,156.300000,-0.013649,0.918096,1.536443,1
14068,156.311111,-0.013777,0.918093,1.536560,1
14069,156.322222,-0.013847,0.918072,1.536630,1
14070,156.333333,-0.014066,0.918039,1.536833,1
14071,156.344444,-0.014111,0.918084,1.536919,1
14072,156.355556,-0.014262,0.918064,1.537093,1
14073,156.366667,-0.014411,0.918056,1.537201,1
14074,156.377778,-0.014462,0.917813,1.537156,1
14075,156.388889,-0.014524,0.917889,1.537296,1
14076,156.400000,-0.014640,0.917791,1.537374,1
14077,156.411111,-0.014663,0.917902,1.537529,1
14078,156.422222,-0.014709,0.917760,1.537500,1
14079,156.433333,-0.014819,0.917826,1.537623,1
14080,156.444444,-0.014861,0.917888,1.537690,1
14081,156.455556,-0.014899,0.917831,1.537674,1
14082,156.466667,-0.014914,0.917802,1.537694,1
14083,156.477778,-0.014935,0.917771,1.537662,1
14084,156.488889,-0.015016,0.917703,1.537631,1
14085,156.500000,-0.015079,0.917638,1.537650,1
14086,156.511111,-0.015106,0.917578,1.537575,1
14087,156.522222,-0.015151,0.917605,1.537548,1
14088,156.533333,-0.015326,0.917458,1.537617,1
14089,156.544444,-0.015322,0.917299,1.537536,1
14090,156.555556,-0.015501,0.917409,1.537745,1
14091,156.566667,-0.015572,0.917293,1.537723,1
14092,156.577778,-0.015757,0.917243,1.537778,1
14093,156.588889,-0.015810,0.917257,1.537767,1
14094,156.600000,-0.015819,0.917214,1.537790,1
14095,156.611111,-0.015842,0.917143,1.537801,1
14096,156.622222,-0.015863,0.917128,1.537820,1
14097,156.633333,-0.015743,0.917148,1.537793,1
14098,156.644444,-0.015836,0.917106,1.537916,1
14099,156.655556,-0.015793,0.917029,1.537853,1
14100,156.666667,-0.015784,0.917043,1.537918,1
14101,156.677778,-0.015622,0.916998,1.537820,1
14102,156.688889,-0.015623,0.917023,1.537838,1
14103,156.700000,-0.015505,0.917019,1.537711,1
14104,156.711111,-0.015532,0.917103,1.537775,1
14105,156.722222,-0.015446,0.917065,1.537657,1
14106,156.733333,-0.015432,0.917134,1.537725,1
14107,156.744444,-0.015421,0.917135,1.537690,1
14108,156.755556,-0.015471,0.917185,1.537679,1
14109,156.766667,-0.015356,0.917089,1.537539,1
14110,156.777778,-0.015326,0.917174,1.537555,1
14111,156.788889,-0.015261,0.917063,1.537464,1
14112,156.800000,-0.015229,0.917160,1.537407,1
14113,156.811111,-0.015250,0.917239,1.537404,1
14114,156.822222,-0.015349,0.917126,1.537435,1
14115,156.833333,-0.015318,0.917259,1.537466,1
14116,156.844444,-0.015311,0.917378,1.537552,1
14117,156.855556,-0.015313,0.917317,1.537554,1
14118,156.866667,-0.015214,0.917141,1.537367,1
14119,156.877778,-0.015171,0.917307,1.537427,1
14120,156.888889,-0.015195,0.917350,1.537574,1
14121,156.900000,-0.015151,0.917284,1.537550,1
14122,156.911111,-0.015140,0.917346,1.537695,1
14123,156.922222,-0.015143,0.917369,1.537743,1
14124,156.933333,-0.015061,0.917293,1.537651,1
14125,156.944444,-0.015060,0.917191,1.537664,1
14126,156.955556,-0.015117,0.917235,1.537718,1
14127,156.966667,-0.015101,0.917107,1.537730,1
14128,156.977778,-0.015155,0.916998,1.537733,1
14129,156.988889,-0.015173,0.917153,1.537825,1
14130,157.000000,-0.015169,0.917074,1.537841,1
14131,157.011111,-0.015268,0.917090,1.537959,1
14132,157.022222,-0.015264,0.917166,1.537945,1
14133,157.033333,-0.015340,0.917201,1.537994,1
14134,157.044444,-0.015457,0.917167,1.538090,1
14135,157.055556,-0.015501,0.917257,1.538235,1
14136,157.066667,-0.015584,0.917336,1.538310,1
14137,157.077778,-0.015619,0.917367,1.538313,1
14138,157.088889,-0.015766,0.917273,1.538371,1
14139,157.100000,-0.015838,0.917258,1.538444,1
14140,157.111111,-0.015827,0.917243,1.538439,1
14141,157.122222,-0.015856,0.917276,1.538499,1
14142,157.133333,-0.015909,0.917258,1.538527,1
14143,157.144444,-0.015934,0.917231,1.538603,1
14144,157.155556,-0.015979,0.917158,1.538703,1
14145,157.166667,-0.016089,0.917175,1.538883,1
14146,157.177778,-0.016020,0.917220,1.538885,1
14147,157.188889,-0.016011,0.917242,1.538913,1
14148,157.200000,-0.015928,0.917101,1.538779,1
14149,157.211111,-0.015890,0.917005,1.538743,1
14150,157.222222,-0.015887,0.917037,1.538809,1
14151,157.233333,-0.015945,0.917011,1.538836,1
14152,157.244444,-0.015948,0.916969,1.538837,1
14153,157.255556,-0.015968,0.916899,1.538778,1
14154,157.266667,-0.016108,0.916845,1.538883,1
14155,157.277778,-0.016068,0.916748,1.538727,1
14156,157.288889,-0.016098,0.916712,1.538675,1
14157,157.300000,-0.016119,0.916716,1.538599,1
14158,157.311111,-0.016231,0.916661,1.538480,1
14159,157.322222,-0.016284,0.916539,1.538309,1
14160,157.333333,-0.016284,0.916661,1.538330,1
14161,157.344444,-0.015881,0.917027,1.537829,1
14162,157.355556,-0.015822,0.917040,1.537704,1
14163,157.366667,-0.015794,0.916942,1.537664,1
14164,157.377778,-0.015878,0.917025,1.537634,1
14165,157.388889,-0.015948,0.917275,1.537671,1
14166,157.400000,-0.015935,0.917192,1.537541,1
14167,157.411111,-0.016175,0.916926,1.537678,1
14168,157.422222,-0.016103,0.916934,1.537678,1
14169,157.433333,-0.016021,0.916956,1.537595,1
14170,157.444444,-0.015965,0.916922,1.537555,1
14171,157.455556,-0.016188,0.916823,1.537800,1
14172,157.466667,-0.016133,0.916792,1.537692,1
14173,157.477778,-0.016082,0.916764,1.537606,1
14174,157.488889,-0.016026,0.916738,1.537522,1
14175,157.500000,-0.015894,0.916804,1.537463,1
14176,157.511111,-0.015830,0.916763,1.537393,1
14177,157.522222,-0.015760,0.916844,1.537443,1
14178,157.533333,-0.015689,0.916850,1.537410,1
14179,157.544444,-0.015600,0.916761,1.537374,1
14180,157.555556,-0.015586,0.916749,1.537354,1
14181,157.566667,-0.015538,0.916797,1.537351,1
14182,157.577778,-0.015501,0.917063,1.537451,1
14183,157.588889,-0.015341,0.916883,1.537300,1
14184,157.600000,-0.015209,0.917061,1.537325,1
14185,157.611111,-0.015131,0.917107,1.537300,1
14186,157.622222,-0.015034,0.917262,1.537324,1
14187,157.633333,-0.014926,0.917015,1.537270,1
14188,157.644444,-0.014839,0.917046,1.537261,1
14189,157.655556,-0.014768,0.917036,1.537218,1
14190,157.666667,-0.014674,0.916732,1.537092,1
14191,157.677778,-0.014636,0.916827,1.537154,1
14192,157.688889,-0.014649,0.916771,1.537058,1
14193,157.700000,-0.014855,0.916780,1.537163,1
14194,157.711111,-0.014862,0.916600,1.536975,1
14195,157.722222,-0.014966,0.916705,1.536848,1
14196,157.733333,-0.015005,0.916728,1.536699,1
14197,157.744444,-0.015100,0.916586,1.536568,1
14198,157.755556,-0.015140,0.916613,1.536462,1
14199,157.766667,-0.015217,0.916505,1.536333,1
14200,157.777778,-0.015356,0.916389,1.536228,1
14201,157.788889,-0.015596,0.916443,1.536259,1
14202,157.800000,-0.015704,0.916444,1.536199,1
14203,157.811111,-0.015914,0.916414,1.536093,1
14204,157.822222,-0.016074,0.916441,1.536076,1
14205,157.833333,-0.016143,0.916543,1.535982,1
14206,157.844444,-0.016245,0.916501,1.535929,1
14207,157.855556,-0.016241,0.916461,1.535829,1
14208,157.866667,-0.016247,0.916354,1.535771,1
14209,157.877778,-0.016322,0.916304,1.535775,1
14210,157.888889,-0.016413,0.916387,1.535904,1
14211,157.900000,-0.016472,0.916375,1.535918,1
14212,157.911111,-0.016408,0.916503,1.535922,1
14213,157.922222,-0.016381,0.916536,1.535867,1
14214,157.933333,-0.016460,0.916528,1.535953,1
14215,157.944444,-0.016543,0.916680,1.536074,1
14216,157.955556,-0.016582,0.916687,1.536046,1
14217,157.966667,-0.016756,0.916723,1.536150,1
14218,157.977778,-0.016805,0.916714,1.536147,1
14219,157.988889,-0.016699,0.916765,1.536205,1
14220,158.000000,-0.016646,0.916676,1.536311,1
14221,158.011111,-0.016611,0.916775,1.536444,1
14222,158.022222,-0.016586,0.916801,1.536538,1
14223,158.033333,-0.016595,0.916925,1.536636,1
14224,158.044444,-0.016599,0.917028,1.536854,1
14225,158.055556,-0.016529,0.917129,1.536868,1
14226,158.066667,-0.016481,0.917089,1.536902,1
14227,158.077778,-0.016508,0.917329,1.536956,1
14228,158.088889,-0.016531,0.917458,1.537052,1
14229,158.100000,-0.016486,0.917616,1.537161,1
14230,158.111111,-0.016459,0.917767,1.537330,1
14231,158.122222,-0.016338,0.917834,1.537341,1
14232,158.133333,-0.016282,0.917847,1.537383,1
14233,158.144444,-0.016172,0.917948,1.537483,1
14234,158.155556,-0.016264,0.918082,1.537634,1
14235,158.166667,-0.016243,0.918158,1.537791,1
14236,158.177778,-0.016146,0.918138,1.537784,1
14237,158.188889,-0.016150,0.918309,1.537842,1
14238,158.200000,-0.016165,0.918526,1.538019,1
14239,158.211111,-0.016145,0.918560,1.538123,1
14240,158.222222,-0.016098,0.918554,1.538147,1
14241,158.233333,-0.016108,0.918745,1.538254,1
14242,158.244444,-0.016006,0.918741,1.538202,1
14243,158.255556,-0.016044,0.918720,1.538209,1
14244,158.266667,-0.015999,0.918561,1.538129,1
14245,158.277778,-0.015989,0.918477,1.538223,1
14246,158.288889,-0.016037,0.918372,1.538302,1
14247,158.300000,-0.016245,0.918313,1.538374,1
14248,158.311111,-0.016260,0.918075,1.538261,1
14249,158.322222,-0.016355,0.917995,1.538334,1
14250,158.333333,-0.016632,0.917831,1.538395,1
14251,158.344444,-0.016889,0.917679,1.538520,1
14252,158.355556,-0.017252,0.917723,1.538710,1
14253,158.366667,-0.017494,0.917524,1.538826,1
14254,158.377778,-0.017681,0.917372,1.538948,1
14255,158.388889,-0.017953,0.917231,1.539046,1
14256,158.400000,-0.018227,0.917116,1.539264,1
14257,158.411111,-0.015240,0.919412,1.539695,1
14258,158.422222,-0.015360,0.919311,1.539597,1
14259,158.433333,-0.015570,0.919110,1.539561,1
14260,158.444444,-0.015826,0.919134,1.539567,1
14261,158.455556,-0.015545,0.919105,1.539813,1
14262,158.466667,-0.015599,0.919087,1.539706,1
14263,158.477778,-0.015615,0.919133,1.539775,1
14264,158.488889,-0.015741,0.919074,1.539839,1
14265,158.500000,-0.015773,0.919180,1.539959,1
14266,158.511111,-0.015772,0.919154,1.539991,1
14267,158.522222,-0.015768,0.919157,1.540064,1
14268,158.533333,-0.015823,0.919201,1.540216,1
14269,158.544444,-0.015693,0.919297,1.540309,1
14270,158.555556,-0.015916,0.919243,1.540534,1
14271,158.566667,-0.015784,0.919157,1.540446,1
14272,158.577778,-0.015827,0.919091,1.540536,1
14273,158.588889,-0.015842,0.919158,1.540641,1
14274,158.600000,-0.015874,0.919161,1.540823,1
14275,158.611111,-0.015853,0.918970,1.540769,1
14276,158.622222,-0.015835,0.919017,1.540779,1
14277,158.633333,-0.015827,0.918808,1.540770,1
14278,158.644444,-0.015846,0.918779,1.540870,1
14279,158.655556,-0.015838,0.918880,1.540950,1
14280,158.666667,-0.015841,0.918806,1.540922,1
14281,158.677778,-0.015804,0.918619,1.540786,1
14282,158.688889,-0.015878,0.918468,1.540849,1
14283,158.700000,-0.015888,0.918572,1.540980,1
14284,158.711111,-0.015881,0.918479,1.540924,1
14285,158.722222,-0.015853,0.918434,1.540861,1
14286,158.733333,-0.015851,0.918466,1.540910,1
14287,158.744444,-0.015771,0.918489,1.540972,1
14288,158.755556,-0.015734,0.918441,1.541004,1
14289,158.766667,-0.015743,0.918444,1.541034,1
14290,158.777778,-0.015645,0.918403,1.541075,1
14291,158.788889,-0.015564,0.918247,1.541002,1
14292,158.800000,-0.015446,0.918164,1.540971,1
14293,158.811111,-0.015425,0.918337,1.541122,1
14294,158.822222,-0.015244,0.918236,1.541086,1
14295,158.833333,-0.015162,0.918177,1.541074,1
14296,158.844444,-0.015032,0.918150,1.541085,1
14297,158.855556,-0.014944,0.918173,1.541143,1
14298,158.866667,-0.014749,0.918139,1.541169,1
14299,158.877778,-0.014652,0.918155,1.541268,1
14300,158.888889,-0.014516,0.918286,1.541247,1
14301,158.900000,-0.014397,0.918246,1.541221,1
14302,158.911111,-0.014234,0.918224,1.541189,1
14303,158.922222,-0.014185,0.918163,1.541208,1
14304,158.933333,-0.014080,0.918213,1.541213,1
14305,158.944444,-0.013956,0.918339,1.541205,1
14306,158.955556,-0.013903,0.918351,1.541249,1
14307,158.966667,-0.013920,0.918351,1.541362,1
14308,158.977778,-0.013911,0.918341,1.541326,1
14309,158.988889,-0.013853,0.918281,1.541305,1
14310,159.000000,-0.013795,0.918214,1.541241,1
14311,159.011111,-0.013752,0.918253,1.541272,1
14312,159.022222,-0.013738,0.918198,1.541246,1
14313,159.033333,-0.013753,0.918349,1.541349,1
14314,159.044444,-0.013765,0.918266,1.541444,1
14315,159.055556,-0.013744,0.918068,1.541355,1
14316,159.066667,-0.013706,0.918213,1.541426,1
14317,159.077778,-0.013654,0.918011,1.541316,1
14318,159.088889,-0.013624,0.918052,1.541450,1
14319,159.100000,-0.013619,0.918008,1.541540,1
14320,159.111111,-0.013557,0.918118,1.541627,1
14321,159.122222,-0.013585,0.917947,1.541625,1
14322,159.133333,-0.013517,0.917921,1.541563,1
14323,159.144444,-0.013511,0.917923,1.541614,1
14324,159.155556,-0.013480,0.917890,1.541661,1
14325,159.166667,-0.013427,0.917775,1.541657,1
14326,159.177778,-0.013449,0.917904,1.541815,1
14327,159.188889,-0.013418,0.917841,1.541777,1
14328,159.200000,-0.013505,0.917877,1.541924,1
14329,159.211111,-0.013383,0.917671,1.541817,1
14330,159.222222,-0.013435,0.917764,1.541914,1
14331,159.233333,-0.013381,0.917753,1.541898,1
14332,159.244444,-0.013445,0.917723,1.541987,1
14333,159.255556,-0.013445,0.917723,1.542056,1
14334,159.266667,-0.013390,0.917787,1.542145,1
14335,159.277778,-0.013431,0.917722,1.542162,1
14336,159.288889,-0.013443,0.917769,1.542226,1
14337,159.300000,-0.013452,0.917627,1.542265,1
14338,159.311111,-0.013469,0.917596,1.542351,1
14339,159.322222,-0.013469,0.917653,1.542470,1
14340,159.333333,-0.013479,0.917722,1.542505,1
14341,159.344444,-0.013525,0.917626,1.542562,1
14342,159.355556,-0.013538,0.917581,1.542625,1
14343,159.366667,-0.013556,0.917547,1.542665,1
14344,159.377778,-0.013531,0.917475,1.542679,1
14345,159.388889,-0.013565,0.917402,1.542780,1
14346,159.400000,-0.013655,0.917463,1.542965,1
14347,159.411111,-0.013677,0.917480,1.543002,1
14348,159.422222,-0.013624,0.917339,1.543082,1
14349,159.433333,-0.013709,0.917326,1.543260,1
14350,159.444444,-0.013680,0.917359,1.543266,1
14351,159.455556,-0.013643,0.917317,1.543235,1
14352,159.466667,-0.013619,0.917276,1.543200,1
14353,159.477778,-0.013615,0.917308,1.543223,1
14354,159.488889,-0.013612,0.917382,1.543303,1
14355,159.500000,-0.013559,0.917405,1.543249,1
14356,159.511111,-0.013496,0.917374,1.543308,1
14357,159.522222,-0.013386,0.917359,1.543503,1
14358,159.533333,-0.013419,0.917389,1.543468,1
14359,159.544444,-0.013421,0.917416,1.543435,1
14360,159.555556,-0.013354,0.917614,1.543412,1
14361,159.566667,-0.013343,0.917625,1.543335,1
14362,159.577778,-0.013294,0.917759,1.543284,1
14363,159.588889,-0.013362,0.917876,1.543327,1
14364,159.600000,-0.013309,0.917883,1.543218,1
14365,159.611111,-0.013412,0.917802,1.542913,1
14366,159.622222,-0.013563,0.918131,1.543077,1
14367,159.633333,-0.014466,0.919555,1.544238,1
14368,159.644444,-0.015072,0.922413,1.545617,1
14369,159.655556,-0.015228,0.926003,1.546810,1
14370,159.666667,-0.015042,0.929561,1.547473,1
14371,159.677778,-0.014696,0.932657,1.547727,1
14372,159.688889,-0.014508,0.935219,1.547853,1
14373,159.700000,-0.014313,0.937455,1.547806,1
14374,159.711111,-0.014177,0.939549,1.547706,1
14375,159.722222,-0.018402,0.965631,1.541607,1
14376,159.733333,-0.018363,0.965477,1.541706,1
14377,159.744444,-0.018399,0.965656,1.541522,1
14378,159.755556,-0.018492,0.965880,1.541374,1
14379,159.766667,-0.017880,0.964151,1.542117,1
14380,159.777778,-0.017539,0.962333,1.542055,1
14381,159.788889,-0.015440,0.947425,1.546330,1
14382,159.800000,-0.014624,0.937400,1.546914,1
14383,159.811111,-0.014254,0.929756,1.546227,1
14384,159.822222,-0.014011,0.924671,1.545065,1
14385,159.833333,-0.013848,0.921681,1.544090,1
14386,159.844444,-0.013619,0.920038,1.543339,1
14387,159.855556,-0.013480,0.919213,1.542933,1
14388,159.866667,-0.013371,0.918659,1.542606,1
14389,159.877778,-0.013120,0.918291,1.542295,1
14390,159.888889,-0.012830,0.917817,1.541859,1
14391,159.900000,-0.012738,0.917896,1.541815,1
14392,159.911111,-0.012808,0.917969,1.542013,1
14393,159.922222,-0.012677,0.917854,1.541805,1
14394,159.933333,-0.012658,0.917792,1.541809,1
14395,159.944444,-0.012528,0.917785,1.541744,1
14396,159.955556,-0.012528,0.917704,1.541690,1
14397,159.966667,-0.012571,0.917740,1.541747,1
14398,159.977778,-0.012587,0.917695,1.541700,1
14399,159.988889,-0.012569,0.917665,1.541698,1
14400,160.000000,-0.012499,0.917530,1.541613,1
14401,160.011111,-0.012574,0.917572,1.541655,1
14402,160.022222,-0.012475,0.917580,1.541496,1
14403,160.033333,-0.012488,0.917578,1.541514,1
14404,160.044444,-0.012431,0.917655,1.541440,1
14405,160.055556,-0.012304,0.917692,1.541315,1
14406,160.066667,-0.012206,0.917743,1.541234,1
14407,160.077778,-0.012161,0.917701,1.541064,1
14408,160.088889,-0.012256,0.917597,1.541059,1
14409,160.100000,-0.012124,0.917483,1.540802,1
14410,160.111111,-0.012066,0.917409,1.540676,1
14411,160.122222,-0.011993,0.917440,1.540513,1
14412,160.133333,-0.012093,0.917564,1.540529,1
14413,160.144444,-0.012184,0.917644,1.540384,1
14414,160.155556,-0.012162,0.917636,1.540167,1
14415,160.166667,-0.012133,0.917531,1.540005,1
14416,160.177778,-0.012219,0.917517,1.539836,1
14417,160.188889,-0.012015,0.917497,1.539728,1
14418,160.200000,-0.011985,0.917409,1.539541,1
14419,160.211111,-0.011967,0.917117,1.539316,1
14420,160.222222,-0.012000,0.917095,1.539147,1
14421,160.233333,-0.011918,0.916894,1.538829,1
14422,160.244444,-0.011872,0.916883,1.538637,1
14423,160.255556,-0.011895,0.916977,1.538498,1
14424,160.266667,-0.011955,0.916992,1.538413,1
14425,160.277778,-0.011952,0.916951,1.538238,1
14426,160.288889,-0.011975,0.916845,1.538096,1
14427,160.300000,-0.012006,0.916864,1.538097,1
14428,160.311111,-0.011965,0.916990,1.537986,1
14429,160.322222,-0.011932,0.917000,1.537871,1
14430,160.333333,-0.011937,0.917064,1.537860,1
14431,160.344444,-0.011870,0.916942,1.537655,1
14432,160.355556,-0.011881,0.916915,1.537600,1
14433,160.366667,-0.011889,0.916906,1.537597,1
14434,160.377778,-0.011852,0.916924,1.537591,1
14435,160.388889,-0.011790,0.916890,1.537507,1
14436,160.400000,-0.011760,0.916873,1.537466,1
14437,160.411111,-0.011677,0.916837,1.537359,1
14438,160.422222,-0.011699,0.916899,1.537321,1
14439,160.433333,-0.011607,0.916612,1.537525,1
14440,160.444444,-0.011606,0.916245,1.538022,1
14441,160.455556,-0.011633,0.915984,1.538442,1
14442,160.466667,-0.011598,0.915759,1.538646,1
14443,160.477778,-0.011501,0.915643,1.538626,1
14444,160.488889,-0.011411,0.915576,1.538570,1
14445,160.500000,-0.011265,0.916677,1.537496,1
14446,160.511111,-0.011309,0.915900,1.538169,1
14447,160.522222,-0.011177,0.916534,1.537056,1
14448,160.533333,-0.011178,0.916580,1.536957,1
14449,160.544444,-0.011285,0.916762,1.536916,1
14450,160.555556,-0.011335,0.916878,1.536752,1
14451,160.566667,-0.011364,0.917024,1.536642,1
14452,160.577778,-0.011343,0.917106,1.536459,1
14453,160.588889,-0.011254,0.917022,1.536050,1
14454,160.600000,-0.011224,0.917050,1.535851,1
14455,160.611111,-0.011314,0.917305,1.535780,1
14456,160.622222,-0.011276,0.917535,1.535682,1
14457,160.633333,-0.011390,0.917570,1.535334,1
14458,160.644444,-0.011479,0.917850,1.535234,1
14459,160.655556,-0.011495,0.917960,1.535126,1
14460,160.666667,-0.011435,0.918109,1.535045,1
14461,160.677778,-0.011489,0.918174,1.534987,1
14462,160.688889,-0.011612,0.918262,1.534954,1
14463,160.700000,-0.011647,0.918479,1.534839,1
14464,160.711111,-0.011766,0.918491,1.534749,1
14465,160.722222,-0.011817,0.918548,1.534669,1
14466,160.733333,-0.011866,0.918545,1.534532,1
14467,160.744444,-0.012022,0.918596,1.534510,1
14468,160.755556,-0.012080,0.918600,1.534345,1
14469,160.766667,-0.012150,0.918810,1.534330,1
14470,160.777778,-0.012125,0.918780,1.534273,1
14471,160.788889,-0.011930,0.918711,1.534762,1
14472,160.800000,-0.011848,0.918625,1.534776,1
14473,160.811111,-0.011891,0.918763,1.534739,1
14474,160.822222,-0.011744,0.918813,1.534620,1
14475,160.833333,-0.012152,0.919027,1.534150,1
14476,160.844444,-0.012369,0.919346,1.534101,1
14477,160.855556,-0.012317,0.919525,1.534278,1
14478,160.866667,-0.012185,0.919451,1.534252,1
14479,160.877778,-0.012107,0.919760,1.534423,1
14480,160.888889,-0.012025,0.919887,1.534474,1
14481,160.900000,-0.011686,0.919972,1.534629,1
14482,160.911111,-0.011565,0.920110,1.534817,1
14483,160.922222,-0.011501,0.920205,1.534898,1
14484,160.933333,-0.011665,0.920182,1.535062,1
14485,160.944444,-0.011695,0.920316,1.535125,1
14486,160.955556,-0.011742,0.920414,1.535222,1
14487,160.966667,-0.011623,0.920360,1.535149,1
14488,160.977778,-0.011583,0.920477,1.535182,1
14489,160.988889,-0.011576,0.920498,1.535199,1
14490,161.000000,-0.011661,0.920504,1.535253,1
14491,161.011111,-0.011701,0.920751,1.535331,1
14492,161.022222,-0.011850,0.920897,1.535491,1
14493,161.033333,-0.011969,0.921008,1.535484,1
14494,161.044444,-0.012106,0.921238,1.535617,1
14495,161.055556,-0.012147,0.921179,1.535463,1
14496,161.066667,-0.012302,0.921230,1.535450,1
14497,161.077778,-0.012405,0.921418,1.535448,1
14498,161.088889,-0.012686,0.921524,1.535551,1
14499,161.100000,-0.012904,0.921557,1.535539,1
14500,161.111111,-0.013089,0.921553,1.535563,1
14501,161.122222,-0.013257,0.921553,1.535580,1
14502,161.133333,-0.013545,0.921686,1.535604,1
14503,161.144444,-0.013851,0.921738,1.535671,1
14504,161.155556,-0.014196,0.921724,1.535720,1
14505,161.166667,-0.014574,0.921645,1.535718,1
14506,161.177778,-0.015050,0.921428,1.535781,1
14507,161.188889,-0.015455,0.921278,1.535883,1
14508,161.200000,-0.015953,0.920986,1.535883,1
14509,161.211111,-0.016001,0.920812,1.536354,1
14510,161.222222,-0.016241,0.920541,1.536555,1
14511,161.233333,-0.016667,0.920296,1.536685,1
14512,161.244444,-0.017347,0.920154,1.536983,1
14513,161.255556,-0.017897,0.919821,1.536968,1
14514,161.266667,-0.018360,0.919668,1.537156,1
14515,161.277778,-0.018825,0.919482,1.537474,1
14516,161.288889,-0.019297,0.919334,1.537765,1
14517,161.300000,-0.019823,0.919032,1.537916,1
14518,161.311111,-0.020304,0.918871,1.538135,1
14519,161.322222,-0.020793,0.918680,1.538245,1
14520,161.333333,-0.021323,0.918547,1.538235,1
14521,161.344444,-0.021804,0.918508,1.538534,1
14522,161.355556,-0.022429,0.918526,1.538843,1
14523,161.366667,-0.022799,0.918202,1.538944,1
14524,161.377778,-0.023288,0.918023,1.539181,1
14525,161.388889,-0.023623,0.917695,1.539176,1
14526,161.400000,-0.024127,0.917540,1.539543,1
14527,161.411111,-0.024614,0.917237,1.539681,1
14528,161.422222,-0.024945,0.916853,1.539933,1
14529,161.433333,-0.025268,0.916555,1.540207,1
14530,161.444444,-0.026050,0.916659,1.539948,1
14531,161.455556,-0.026507,0.916545,1.539900,1
14532,161.466667,-0.026810,0.916360,1.540093,1
14533,161.477778,-0.027055,0.916297,1.540277,1
14534,161.488889,-0.027266,0.916139,1.540410,1
14535,161.500000,-0.027353,0.915845,1.540930,1
14536,161.511111,-0.027740,0.915374,1.541741,1
14537,161.522222,-0.028000,0.914976,1.542355,1
14538,161.533333,-0.028357,0.914567,1.542831,1
14539,161.544444,-0.028566,0.914300,1.543162,1
14540,161.555556,-0.028807,0.913901,1.543433,1
14541,161.566667,-0.029072,0.913688,1.543808,1
14542,161.577778,-0.029304,0.913433,1.544152,1
14543,161.588889,-0.029558,0.913125,1.544411,1
14544,161.600000,-0.029886,0.912794,1.544728,1
14545,161.611111,-0.029833,0.912458,1.545114,1
14546,161.622222,-0.029497,0.912178,1.545435,1
14547,161.633333,-0.029188,0.911843,1.546003,1
14548,161.644444,-0.028937,0.911617,1.546778,1
14549,161.655556,-0.028746,0.911401,1.547458,1
14550,161.666667,-0.028668,0.911354,1.548173,1
14551,161.677778,-0.028549,0.911114,1.548559,1
14552,161.688889,-0.028679,0.911199,1.549005,1
14553,161.700000,-0.028666,0.911146,1.549177,1
14554,161.711111,-0.028704,0.911132,1.549375,1
14555,161.722222,-0.028740,0.911119,1.549426,1
14556,161.733333,-0.028738,0.911230,1.549624,1
14557,161.744444,-0.028612,0.911348,1.549437,1
14558,161.755556,-0.028506,0.911449,1.549336,1
14559,161.766667,-0.028269,0.911488,1.549450,1
14560,161.777778,-0.027834,0.911619,1.549366,1
14561,161.788889,-0.027596,0.912018,1.549219,1
14562,161.800000,-0.027116,0.912139,1.548849,1
14563,161.811111,-0.026656,0.912473,1.548501,1
14564,161.822222,-0.026003,0.912612,1.548106,1
14565,161.833333,-0.025491,0.913145,1.547852,1
14566,161.844444,-0.024966,0.913370,1.547500,1
14567,161.855556,-0.024241,0.913701,1.547035,1
14568,161.866667,-0.025588,0.915077,1.544335,1
14569,161.877778,-0.024843,0.915624,1.543278,1
14570,161.888889,-0.024327,0.916270,1.542805,1
14571,161.900000,-0.023531,0.916793,1.542095,1
14572,161.911111,-0.022753,0.917473,1.541513,1
14573,161.922222,-0.021783,0.919170,1.539830,1
14574,161.933333,-0.021222,0.918917,1.540194,1
14575,161.944444,-0.020514,0.920568,1.538838,1
14576,161.955556,-0.019641,0.921104,1.538262,1
14577,161.966667,-0.018968,0.921927,1.537944,1
14578,161.977778,-0.017923,0.922480,1.538278,1
14579,161.988889,-0.017118,0.923020,1.538209,1
14580,162.000000,-0.016527,0.923605,1.537995,1
14581,162.011111,-0.015880,0.924125,1.537656,1
14582,162.022222,-0.015225,0.924649,1.537440,1
14583,162.033333,-0.014759,0.925079,1.537197,1
14584,162.044444,-0.014251,0.925568,1.537081,1
14585,162.055556,-0.013825,0.926059,1.536835,1
14586,162.066667,-0.013343,0.926436,1.536870,1
14587,162.077778,-0.012991,0.926712,1.536856,1
14588,162.088889,-0.012603,0.926890,1.536859,1
14589,162.100000,-0.012262,0.927135,1.536822,1
14590,162.111111,-0.011960,0.927177,1.536993,1
14591,162.122222,-0.011671,0.927127,1.537064,1
14592,162.133333,-0.011531,0.927190,1.537217,1
14593,162.144444,-0.011364,0.927076,1.537220,1
14594,162.155556,-0.011278,0.927130,1.537344,1
14595,162.166667,-0.011561,0.927074,1.537138,1
14596,162.177778,-0.011544,0.927185,1.537272,1
14597,162.188889,-0.011666,0.927181,1.537797,1
14598,162.200000,-0.011734,0.927201,1.537867,1
14599,162.211111,-0.012123,0.927342,1.538081,1
14600,162.222222,-0.012159,0.927301,1.538172,1
14601,162.233333,-0.012265,0.927266,1.538258,1
14602,162.244444,-0.012497,0.927409,1.538461,1
14603,162.255556,-0.012744,0.927558,1.538858,1
14604,162.266667,-0.012866,0.927641,1.539107,1
14605,162.277778,-0.012822,0.927410,1.539467,1
14606,162.288889,-0.013031,0.927341,1.539563,1
14607,162.300000,-0.013826,0.927683,1.539214,1
14608,162.311111,-0.013875,0.927712,1.539199,1
14609,162.322222,-0.013737,0.927733,1.539246,1
14610,162.333333,-0.013761,0.927682,1.539315,1
14611,162.344444,-0.013840,0.927566,1.539310,1
14612,162.355556,-0.013969,0.927560,1.539405,1
14613,162.366667,-0.013950,0.927379,1.539396,1
14614,162.377778,-0.014065,0.927340,1.539549,1
14615,162.388889,-0.014225,0.927372,1.539715,1
14616,162.400000,-0.014210,0.927258,1.539735,1
14617,162.411111,-0.014219,0.927353,1.539779,1
14618,162.422222,-0.014215,0.927203,1.539735,1
14619,162.433333,-0.014066,0.927123,1.539647,1
14620,162.444444,-0.014024,0.927118,1.539648,1
14621,162.455556,-0.014054,0.927157,1.539739,1
14622,162.466667,-0.013958,0.926996,1.539677,1
14623,162.477778,-0.013942,0.926904,1.539668,1
14624,162.488889,-0.013882,0.926834,1.539749,1
14625,162.500000,-0.013890,0.927022,1.539854,1
14626,162.511111,-0.013886,0.926829,1.539888,1
14627,162.522222,-0.013772,0.926731,1.539888,1
14628,162.533333,-0.013337,0.926671,1.540247,1
14629,162.544444,-0.013324,0.926509,1.540249,1
14630,162.555556,-0.012912,0.926252,1.540551,1
14631,162.566667,-0.012988,0.925851,1.540394,1
14632,162.577778,-0.013056,0.925572,1.540162,1
14633,162.588889,-0.013113,0.925309,1.540047,1
14634,162.600000,-0.013488,0.925151,1.540155,1
14635,162.611111,-0.013786,0.924889,1.540201,1
14636,162.622222,-0.013897,0.924673,1.540173,1
14637,162.633333,-0.013949,0.924407,1.540040,1
14638,162.644444,-0.013815,0.923928,1.540286,1
14639,162.655556,-0.013918,0.923764,1.540378,1
14640,162.666667,-0.014015,0.923744,1.540353,1
14641,162.677778,-0.014122,0.923429,1.540211,1
14642,162.688889,-0.014282,0.923155,1.540205,1
14643,162.700000,-0.014387,0.923226,1.540072,1
14644,162.711111,-0.014358,0.923114,1.540138,1
14645,162.722222,-0.014412,0.922969,1.540211,1
14646,162.733333,-0.014359,0.922939,1.540245,1
14647,162.744444,-0.014348,0.922734,1.540215,1
14648,162.755556,-0.014260,0.922583,1.540277,1
14649,162.766667,-0.014206,0.922488,1.540399,1
14650,162.777778,-0.014126,0.922202,1.540337,1
14651,162.788889,-0.014014,0.921928,1.540266,1
14652,162.800000,-0.013894,0.921744,1.540118,1
14653,162.811111,-0.013832,0.921617,1.540110,1
14654,162.822222,-0.013778,0.921611,1.540214,1
14655,162.833333,-0.013730,0.921554,1.540320,1
14656,162.844444,-0.013769,0.921422,1.540350,1
14657,162.855556,-0.013753,0.921546,1.540394,1
14658,162.866667,-0.014265,0.921729,1.539970,1
14659,162.877778,-0.014089,0.921877,1.539830,1
14660,162.888889,-0.014005,0.921984,1.539994,1
14661,162.900000,-0.013934,0.922118,1.540068,1
14662,162.911111,-0.013902,0.922378,1.540198,1
14663,162.922222,-0.013789,0.922412,1.540160,1
14664,162.933333,-0.013773,0.922659,1.540211,1
14665,162.944444,-0.013796,0.922956,1.540327,1
14666,162.955556,-0.013820,0.923081,1.540405,1
14667,162.966667,-0.013837,0.923157,1.540440,1
14668,162.977778,-0.013608,0.923473,1.540591,1
14669,162.988889,-0.013502,0.923672,1.540576,1
14670,163.000000,-0.013540,0.924048,1.540764,1
14671,163.011111,-0.013482,0.924225,1.540825,1
14672,163.022222,-0.013574,0.924455,1.541002,1
14673,163.033333,-0.013606,0.924606,1.541052,1
14674,163.044444,-0.013574,0.924660,1.541012,1
14675,163.055556,-0.013625,0.924684,1.541021,1
14676,163.066667,-0.013741,0.924711,1.541082,1
14677,163.077778,-0.013693,0.924675,1.540980,1
14678,163.088889,-0.013746,0.924718,1.541051,1
14679,163.100000,-0.013804,0.924711,1.541021,1
14680,163.111111,-0.014080,0.924753,1.541146,1
14681,163.122222,-0.014267,0.924697,1.541177,1
14682,163.133333,-0.014293,0.924649,1.541145,1
14683,163.144444,-0.014381,0.924697,1.541116,1
14684,163.155556,-0.014461,0.924580,1.541226,1
14685,163.166667,-0.014602,0.924556,1.541202,1
14686,163.177778,-0.014740,0.924447,1.541198,1
14687,163.188889,-0.014921,0.924589,1.541368,1
14688,163.200000,-0.015072,0.924726,1.541516,1
14689,163.211111,-0.015151,0.924758,1.541581,1
14690,163.222222,-0.015226,0.924756,1.541644,1
14691,163.233333,-0.015408,0.924826,1.541843,1
14692,163.244444,-0.015524,0.924709,1.541831,1
14693,163.255556,-0.015579,0.924736,1.541853,1
14694,163.266667,-0.015981,0.924878,1.542109,1
14695,163.277778,-0.016103,0.924809,1.542191,1
14696,163.288889,-0.016163,0.924835,1.542299,1
14697,163.300000,-0.016124,0.924884,1.542396,1
14698,163.311111,-0.016133,0.925071,1.542517,1
14699,163.322222,-0.016084,0.925156,1.542638,1
14700,163.333333,-0.015977,0.925134,1.542721,1
14701,163.344444,-0.015847,0.925247,1.542782,1
14702,163.355556,-0.015762,0.925306,1.542807,1
14703,163.366667,-0.015683,0.925208,1.542825,1
14704,163.377778,-0.015628,0.925250,1.542884,1
14705,163.388889,-0.015419,0.925346,1.542945,1
14706,163.400000,-0.015367,0.925325,1.542992,1
14707,163.411111,-0.015238,0.925339,1.543062,1
14708,163.422222,-0.015286,0.925393,1.543215,1
14709,163.433333,-0.015377,0.925423,1.543347,1
14710,163.444444,-0.015427,0.925401,1.543357,1
14711,163.455556,-0.015344,0.925377,1.543417,1
14712,163.466667,-0.015421,0.925450,1.543577,1
14713,163.477778,-0.015425,0.925444,1.543590,1
14714,163.488889,-0.015481,0.925389,1.543673,1
14715,163.500000,-0.015422,0.925319,1.543634,1
14716,163.511111,-0.015478,0.925265,1.543694,1
14717,163.522222,-0.015483,0.925231,1.543754,1
14718,163.533333,-0.015537,0.925219,1.543798,1
14719,163.544444,-0.015580,0.925252,1.543896,1
14720,163.555556,-0.015580,0.925325,1.544029,1
14721,163.566667,-0.015633,0.925458,1.544205,1
14722,163.577778,-0.015713,0.925442,1.544249,1
14723,163.588889,-0.015736,0.925601,1.544340,1
14724,163.600000,-0.015727,0.925589,1.544317,1
14725,163.611111,-0.015764,0.925668,1.544410,1
14726,163.622222,-0.015759,0.925736,1.544556,1
14727,163.633333,-0.015681,0.925678,1.544511,1
14728,163.644444,-0.015699,0.925706,1.544578,1
14729,163.655556,-0.015646,0.925731,1.544577,1
14730,163.666667,-0.015681,0.925628,1.544623,1
14731,163.677778,-0.015475,0.925479,1.544465,1
14732,163.688889,-0.015462,0.925346,1.544484,1
14733,163.700000,-0.015569,0.925219,1.544465,1
14734,163.711111,-0.015614,0.925062,1.544363,1
14735,163.722222,-0.015564,0.924911,1.544347,1
14736,163.733333,-0.015570,0.924805,1.544332,1
14737,163.744444,-0.015752,0.924763,1.544442,1
14738,163.755556,-0.015720,0.924607,1.544252,1
14739,163.766667,-0.015735,0.924567,1.544170,1
14740,163.777778,-0.015815,0.924241,1.543975,1
14741,163.788889,-0.015912,0.923933,1.543782,1
14742,163.800000,-0.016003,0.923754,1.543686,1
14743,163.811111,-0.016071,0.923590,1.543623,1
14744,163.822222,-0.016148,0.923426,1.543451,1
14745,163.833333,-0.016179,0.923219,1.543302,1
14746,163.844444,-0.016360,0.923209,1.543301,1
14747,163.855556,-0.016374,0.923340,1.543491,1
14748,163.866667,-0.016611,0.923224,1.543474,1
14749,163.877778,-0.016640,0.922988,1.543423,1
14750,163.888889,-0.016806,0.922970,1.543544,1
14751,163.900000,-0.016746,0.922958,1.543509,1
14752,163.911111,-0.016812,0.922921,1.543456,1
14753,163.922222,-0.016687,0.922820,1.543379,1
14754,163.933333,-0.016552,0.922738,1.543397,1
14755,163.944444,-0.016467,0.922629,1.543342,1
14756,163.955556,-0.016404,0.922525,1.543288,1
14757,163.966667,-0.016229,0.922408,1.543151,1
14758,163.977778,-0.016170,0.922427,1.543194,1
14759,163.988889,-0.016064,0.922202,1.543146,1
14760,164.000000,-0.015998,0.922272,1.543250,1
14761,164.011111,-0.015937,0.922228,1.543202,1
14762,164.022222,-0.015862,0.922189,1.543200,1
14763,164.033333,-0.015865,0.922214,1.543229,1
14764,164.044444,-0.015824,0.922298,1.543183,1
14765,164.055556,-0.015896,0.922432,1.543332,1
14766,164.066667,-0.015852,0.922417,1.543283,1
14767,164.077778,-0.016160,0.922657,1.543316,1
14768,164.088889,-0.016343,0.923013,1.543449,1
14769,164.100000,-0.016357,0.922989,1.543423,1
14770,164.111111,-0.016409,0.923205,1.543446,1
14771,164.122222,-0.016468,0.923348,1.543539,1
14772,164.133333,-0.016664,0.923320,1.543595,1
14773,164.144444,-0.016593,0.923435,1.543592,1
14774,164.155556,-0.016632,0.923437,1.543618,1
14775,164.166667,-0.016821,0.923505,1.543784,1
14776,164.177778,-0.016952,0.923605,1.543889,1
14777,164.188889,-0.017011,0.923513,1.543860,1
14778,164.200000,-0.017171,0.923568,1.543936,1
14779,164.211111,-0.017370,0.923438,1.544061,1
14780,164.222222,-0.017468,0.923200,1.544026,1
14781,164.233333,-0.017766,0.923096,1.544132,1
14782,164.244444,-0.017932,0.922977,1.543910,1
14783,164.255556,-0.018242,0.922503,1.544143,1
14784,164.266667,-0.018408,0.922397,1.544299,1
14785,164.277778,-0.018622,0.921846,1.544120,1
14786,164.288889,-0.018915,0.921404,1.544145,1
14787,164.300000,-0.019168,0.921055,1.544105,1
14788,164.311111,-0.019516,0.920622,1.544097,1
14789,164.322222,-0.019854,0.920211,1.544136,1
14790,164.333333,-0.020216,0.919905,1.544328,1
14791,164.344444,-0.020432,0.919487,1.544241,1
14792,164.355556,-0.020860,0.919093,1.544373,1
14793,164.366667,-0.021155,0.918919,1.544222,1
14794,164.377778,-0.021560,0.918653,1.544311,1
14795,164.388889,-0.021958,0.918302,1.544348,1
14796,164.400000,-0.022364,0.917940,1.544493,1
14797,164.411111,-0.022726,0.917663,1.544498,1
14798,164.422222,-0.023128,0.917260,1.544556,1
14799,164.433333,-0.023521,0.916946,1.544646,1
14800,164.444444,-0.023823,0.916555,1.544695,1
14801,164.455556,-0.024318,0.916346,1.545022,1
14802,164.466667,-0.024740,0.916174,1.545191,1
14803,164.477778,-0.025079,0.916076,1.545369,1
14804,164.488889,-0.025474,0.915816,1.545577,1
14805,164.500000,-0.025967,0.915546,1.546008,1
14806,164.511111,-0.026380,0.915243,1.546281,1
14807,164.522222,-0.027019,0.915236,1.546384,1
14808,164.533333,-0.027441,0.915006,1.546494,1
14809,164.544444,-0.027936,0.914905,1.546867,1
14810,164.555556,-0.028345,0.914883,1.547099,1
14811,164.566667,-0.028788,0.914687,1.547326,1
14812,164.577778,-0.029239,0.914508,1.547634,1
14813,164.588889,-0.029734,0.914402,1.547983,1
14814,164.600000,-0.030132,0.914218,1.548170,1
14815,164.611111,-0.030628,0.914168,1.548611,1
14816,164.622222,-0.031008,0.913920,1.548960,1
14817,164.633333,-0.031499,0.913873,1.549399,1
14818,164.644444,-0.031650,0.913477,1.549795,1
14819,164.655556,-0.031482,0.913131,1.550203,1
14820,164.666667,-0.031342,0.912770,1.550723,1
14821,164.677778,-0.031333,0.912644,1.551307,1
14822,164.688889,-0.031264,0.912540,1.551879,1
14823,164.700000,-0.031368,0.912446,1.552537,1
14824,164.711111,-0.031671,0.912535,1.553082,1
14825,164.722222,-0.031915,0.912650,1.553534,1
14826,164.733333,-0.032254,0.912664,1.553890,1
14827,164.744444,-0.032660,0.912524,1.554688,1
14828,164.755556,-0.034826,0.913285,1.553617,1
14829,164.766667,-0.035439,0.913071,1.554170,1
14830,164.777778,-0.036145,0.913182,1.554759,1
14831,164.788889,-0.036472,0.913035,1.554943,1
14832,164.800000,-0.036721,0.912992,1.555122,1
14833,164.811111,-0.036950,0.912442,1.555632,1
14834,164.822222,-0.036937,0.913059,1.555598,1
14835,164.833333,-0.036868,0.913073,1.555981,1
14836,164.844444,-0.036991,0.913119,1.556178,1
14837,164.855556,-0.037100,0.913123,1.556277,1
14838,164.866667,-0.037246,0.913287,1.556572,1
14839,164.877778,-0.037272,0.913123,1.556490,1
14840,164.888889,-0.037292,0.912995,1.556503,1
14841,164.900000,-0.037204,0.912910,1.556444,1
14842,164.911111,-0.037122,0.912743,1.556404,1
14843,164.922222,-0.037152,0.912763,1.556659,1
14844,164.933333,-0.037087,0.912577,1.556704,1
14845,164.944444,-0.036950,0.912302,1.556727,1
14846,164.955556,-0.036784,0.912135,1.556706,1
14847,164.966667,-0.036824,0.912249,1.556982,1
14848,164.977778,-0.036683,0.912269,1.557024,1
14849,164.988889,-0.036628,0.912318,1.557043,1
14850,165.000000,-0.036570,0.912265,1.557025,1
14851,165.011111,-0.036445,0.912082,1.557029,1
14852,165.022222,-0.036274,0.912188,1.557253,1
14853,165.033333,-0.036101,0.912178,1.557255,1
14854,165.044444,-0.035922,0.912102,1.557076,1
14855,165.055556,-0.035866,0.911985,1.557045,1
14856,165.066667,-0.035777,0.912006,1.557182,1
14857,165.077778,-0.035714,0.911986,1.557316,1
14858,165.088889,-0.035659,0.912149,1.557460,1
14859,165.100000,-0.035503,0.912069,1.557325,1
14860,165.111111,-0.035364,0.911975,1.557136,1
14861,165.122222,-0.035302,0.911910,1.557154,1
14862,165.133333,-0.035284,0.911776,1.557149,1
14863,165.144444,-0.035185,0.911876,1.557113,1
14864,165.155556,-0.035085,0.911848,1.557001,1
14865,165.166667,-0.035078,0.911852,1.557124,1
14866,165.177778,-0.035054,0.911780,1.557053,1
14867,165.188889,-0.035118,0.911711,1.557043,1
14868,165.200000,-0.035006,0.911625,1.556990,1
14869,165.211111,-0.034956,0.911675,1.556993,1
14870,165.222222,-0.034977,0.911818,1.556967,1
14871,165.233333,-0.034964,0.911990,1.556916,1
14872,165.244444,-0.034914,0.912038,1.556802,1
14873,165.255556,-0.034934,0.912051,1.556757,1
14874,165.266667,-0.034894,0.911962,1.556674,1
14875,165.277778,-0.034906,0.912020,1.556721,1
14876,165.288889,-0.034936,0.912001,1.556577,1
14877,165.300000,-0.034976,0.912198,1.556579,1
14878,165.311111,-0.035068,0.912184,1.556649,1
14879,165.322222,-0.035139,0.912197,1.556613,1
14880,165.333333,-0.035288,0.912202,1.556611,1
14881,165.344444,-0.035245,0.912051,1.556558,1
14882,165.355556,-0.035247,0.912269,1.556598,1
14883,165.366667,-0.035357,0.912289,1.556495,1
14884,165.377778,-0.035517,0.912236,1.556521,1
14885,165.388889,-0.035548,0.912275,1.556462,1
14886,165.400000,-0.035640,0.912174,1.556482,1
14887,165.411111,-0.035644,0.912194,1.556519,1
14888,165.422222,-0.035803,0.912340,1.556551,1
14889,165.433333,-0.035840,0.912387,1.556577,1
14890,165.444444,-0.035948,0.912305,1.556582,1
14891,165.455556,-0.036080,0.912269,1.556610,1
14892,165.466667,-0.036009,0.912374,1.556565,1
14893,165.477778,-0.036071,0.912278,1.556587,1
14894,165.488889,-0.036172,0.912253,1.556633,1
14895,165.500000,-0.036206,0.912231,1.556666,1
14896,165.511111,-0.036373,0.912335,1.556720,1
14897,165.522222,-0.036439,0.912053,1.556713,1
14898,165.533333,-0.036500,0.912031,1.556813,1
14899,165.544444,-0.036580,0.912007,1.556820,1
14900,165.555556,-0.036636,0.911993,1.556833,1
14901,165.566667,-0.036740,0.912047,1.556986,1
14902,165.577778,-0.036719,0.911978,1.556929,1
14903,165.588889,-0.036817,0.912039,1.556999,1
14904,165.600000,-0.036865,0.912003,1.557036,1
14905,165.611111,-0.036854,0.912037,1.557134,1
14906,165.622222,-0.036911,0.912031,1.557232,1
14907,165.633333,-0.036913,0.911951,1.557210,1
14908,165.644444,-0.037007,0.911999,1.557333,1
14909,165.655556,-0.037052,0.911808,1.557319,1
14910,165.666667,-0.037044,0.911908,1.557350,1
14911,165.677778,-0.037063,0.912042,1.557455,1
14912,165.688889,-0.037126,0.912016,1.557537,1
14913,165.700000,-0.037136,0.911895,1.557451,1
14914,165.711111,-0.037179,0.911948,1.557504,1
14915,165.722222,-0.037294,0.911802,1.557531,1
14916,165.733333,-0.037224,0.911901,1.557521,1
14917,165.744444,-0.037334,0.911924,1.557652,1
14918,165.755556,-0.037412,0.911626,1.557815,1
14919,165.766667,-0.037100,0.911475,1.558160,1
14920,165.777778,-0.037061,0.911930,1.557741,1
14921,165.788889,-0.037076,0.911986,1.557912,1
14922,165.800000,-0.037095,0.911897,1.557805,1
14923,165.811111,-0.037206,0.911896,1.557774,1
14924,165.822222,-0.037333,0.911890,1.557807,1
14925,165.833333,-0.037336,0.911933,1.557741,1
14926,165.844444,-0.037448,0.911978,1.557899,1
14927,165.855556,-0.037359,0.911849,1.557697,1
14928,165.866667,-0.037479,0.912008,1.557849,1
14929,165.877778,-0.037454,0.912017,1.557840,1
14930,165.888889,-0.037452,0.912002,1.557796,1
14931,165.900000,-0.037417,0.912068,1.557676,1
14932,165.911111,-0.037455,0.912081,1.557720,1
14933,165.922222,-0.037490,0.912116,1.557673,1
14934,165.933333,-0.037436,0.912032,1.557600,1
14935,165.944444,-0.037466,0.912030,1.557645,1
14936,165.955556,-0.037583,0.911802,1.557756,1
14937,165.966667,-0.037185,0.911504,1.557986,1
14938,165.977778,-0.036633,0.911448,1.558306,1
14939,165.988889,-0.036247,0.911293,1.558547,1
14940,166.000000,-0.035901,0.911147,1.558634,1
14941,166.011111,-0.035833,0.911085,1.558740,1
14942,166.022222,-0.035807,0.911040,1.558777,1
14943,166.033333,-0.035850,0.911071,1.558825,1
14944,166.044444,-0.035893,0.911156,1.558871,1
14945,166.055556,-0.035895,0.911096,1.558888,1
14946,166.066667,-0.037179,0.911716,1.558126,1
14947,166.077778,-0.037339,0.911907,1.558003,1
14948,166.088889,-0.037511,0.911961,1.557931,1
14949,166.100000,-0.037599,0.911963,1.557913,1
14950,166.111111,-0.037677,0.911857,1.557855,1
14951,166.122222,-0.037731,0.911779,1.557822,1
14952,166.133333,-0.037754,0.911926,1.557825,1
14953,166.144444,-0.037811,0.911929,1.557768,1
14954,166.155556,-0.037833,0.911832,1.557702,1
14955,166.166667,-0.037848,0.911845,1.557633,1
14956,166.177778,-0.037841,0.911769,1.557470,1
14957,166.188889,-0.037789,0.911778,1.557366,1
14958,166.200000,-0.037723,0.911839,1.557238,1
14959,166.211111,-0.037731,0.911778,1.556994,1
14960,166.222222,-0.037665,0.911924,1.556864,1
14961,166.233333,-0.037550,0.912141,1.556620,1
14962,166.244444,-0.037348,0.912457,1.556263,1
14963,166.255556,-0.037129,0.912935,1.556035,1
14964,166.266667,-0.036925,0.913351,1.555704,1
14965,166.277778,-0.036579,0.913729,1.555193,1
14966,166.288889,-0.036252,0.914432,1.554896,1
14967,166.300000,-0.035542,0.914949,1.554096,1
14968,166.311111,-0.035047,0.915712,1.553749,1
14969,166.322222,-0.034474,0.916092,1.553535,1
14970,166.333333,-0.033689,0.916995,1.552794,1
14971,166.344444,-0.032656,0.919202,1.550644,1
14972,166.355556,-0.031792,0.920190,1.550206,1
14973,166.366667,-0.031005,0.921279,1.549798,1
14974,166.377778,-0.030377,0.921591,1.549758,1
14975,166.388889,-0.029766,0.923618,1.548631,1
14976,166.400000,-0.029008,0.924441,1.548303,1
14977,166.411111,-0.028145,0.925582,1.547811,1
14978,166.422222,-0.027481,0.926966,1.547609,1
14979,166.433333,-0.026768,0.927810,1.546999,1
14980,166.444444,-0.025976,0.928738,1.546348,1
14981,166.455556,-0.025407,0.929591,1.545941,1
14982,166.466667,-0.024974,0.930389,1.545499,1
14983,166.477778,-0.024515,0.931083,1.545138,1
14984,166.488889,-0.024022,0.931852,1.544896,1
14985,166.500000,-0.023702,0.932542,1.544588,1
14986,166.511111,-0.023413,0.933085,1.544346,1
14987,166.522222,-0.023085,0.933577,1.544265,1
14988,166.533333,-0.022700,0.933948,1.544130,1
14989,166.544444,-0.022455,0.934403,1.544029,1
14990,166.555556,-0.022265,0.934707,1.543978,1
14991,166.566667,-0.022024,0.934921,1.543937,1
14992,166.577778,-0.021844,0.935199,1.543921,1
14993,166.588889,-0.021616,0.935344,1.543784,1
14994,166.600000,-0.021567,0.935544,1.543847,1
14995,166.611111,-0.021354,0.935670,1.543854,1
14996,166.622222,-0.021323,0.935696,1.543949,1
14997,166.633333,-0.021285,0.935644,1.543968,1
14998,166.644444,-0.021393,0.935703,1.544123,1
14999,166.655556,-0.021499,0.935673,1.544222,1
15000,166.666667,-0.021611,0.935622,1.544338,1
15001,166.677778,-0.021699,0.935534,1.544307,1
15002,166.688889,-0.021673,0.935450,1.544660,1
15003,166.700000,-0.021917,0.935351,1.544794,1
15004,166.711111,-0.021972,0.935226,1.544783,1
15005,166.722222,-0.022118,0.935141,1.544863,1
15006,166.733333,-0.022281,0.935214,1.544904,1
15007,166.744444,-0.022498,0.935232,1.545041,1
15008,166.755556,-0.022650,0.935324,1.545120,1
15009,166.766667,-0.022925,0.935411,1.544504,1
15010,166.777778,-0.022900,0.935424,1.544745,1
15011,166.788889,-0.022916,0.935527,1.544784,1
15012,166.800000,-0.022829,0.935500,1.544648,1
15013,166.811111,-0.022718,0.935206,1.544431,1
15014,166.822222,-0.022725,0.935232,1.544491,1
15015,166.833333,-0.022698,0.935484,1.544654,1
15016,166.844444,-0.022713,0.935300,1.544575,1
15017,166.855556,-0.022770,0.935419,1.544536,1
15018,166.866667,-0.022681,0.935380,1.544329,1
15019,166.877778,-0.022646,0.935336,1.544235,1
15020,166.888889,-0.022609,0.935323,1.544125,1
15021,166.900000,-0.022601,0.935277,1.544093,1
15022,166.911111,-0.022615,0.935321,1.544147,1
15023,166.922222,-0.022531,0.935388,1.544093,1
15024,166.933333,-0.022574,0.935386,1.543945,1
15025,166.944444,-0.022542,0.935314,1.543732,1
15026,166.955556,-0.022498,0.935197,1.544161,1
15027,166.966667,-0.022829,0.935206,1.543973,1
15028,166.977778,-0.022876,0.935261,1.543844,1
15029,166.988889,-0.022885,0.935197,1.543656,1
15030,167.000000,-0.023075,0.935416,1.543580,1
15031,167.011111,-0.023170,0.935506,1.543422,1
15032,167.022222,-0.023270,0.935542,1.543342,1
15033,167.033333,-0.023421,0.935611,1.543269,1
15034,167.044444,-0.023484,0.935777,1.543198,1
15035,167.055556,-0.023459,0.935866,1.543062,1
15036,167.066667,-0.023331,0.935724,1.542624,1
15037,167.077778,-0.023476,0.935826,1.542545,1
15038,167.088889,-0.023482,0.935678,1.542492,1
15039,167.100000,-0.023443,0.935613,1.542414,1
15040,167.111111,-0.023422,0.935481,1.542301,1
15041,167.122222,-0.023438,0.935489,1.542311,1
15042,167.133333,-0.023440,0.935397,1.542254,1
15043,167.144444,-0.023473,0.935358,1.542250,1
15044,167.155556,-0.023527,0.935121,1.542245,1
15045,167.166667,-0.023459,0.934938,1.542276,1
15046,167.177778,-0.023551,0.934813,1.542270,1
15047,167.188889,-0.023496,0.934675,1.542213,1
15048,167.200000,-0.023494,0.934676,1.542194,1
15049,167.211111,-0.023539,0.934778,1.542207,1
15050,167.222222,-0.023493,0.934480,1.542015,1
15051,167.233333,-0.023437,0.934408,1.541946,1
15052,167.244444,-0.023287,0.934343,1.541858,1
15053,167.255556,-0.023289,0.934481,1.541800,1
15054,167.266667,-0.023272,0.934540,1.541722,1
15055,167.277778,-0.023229,0.934615,1.541633,1
15056,167.288889,-0.023295,0.934718,1.541684,1
15057,167.300000,-0.023271,0.934673,1.541630,1
15058,167.311111,-0.023315,0.934758,1.541627,1
15059,167.322222,-0.023387,0.934714,1.541497,1
15060,167.333333,-0.023476,0.934739,1.541519,1
15061,167.344444,-0.023608,0.934740,1.541508,1
15062,167.355556,-0.023755,0.934808,1.541507,1
15063,167.366667,-0.023880,0.934635,1.541385,1
15064,167.377778,-0.023963,0.934721,1.541432,1
15065,167.388889,-0.024144,0.934622,1.541440,1
15066,167.400000,-0.024254,0.934602,1.541449,1
15067,167.411111,-0.024509,0.934553,1.541496,1
15068,167.422222,-0.024706,0.934266,1.541405,1
15069,167.433333,-0.024880,0.934386,1.541508,1
15070,167.444444,-0.025068,0.934147,1.541484,1
15071,167.455556,-0.025364,0.933804,1.541477,1
15072,167.466667,-0.025599,0.933604,1.541522,1
15073,167.477778,-0.025930,0.933322,1.541752,1
15074,167.488889,-0.026289,0.932887,1.541687,1
15075,167.500000,-0.026614,0.932472,1.541779,1
15076,167.511111,-0.026819,0.932062,1.541851,1
15077,167.522222,-0.027089,0.931605,1.541933,1
15078,167.533333,-0.027285,0.931096,1.541952,1
15079,167.544444,-0.027533,0.930538,1.541937,1
15080,167.555556,-0.027845,0.929953,1.541923,1
15081,167.566667,-0.028197,0.929378,1.542019,1
15082,167.577778,-0.028391,0.929000,1.541955,1
15083,167.588889,-0.028786,0.928591,1.542277,1
15084,167.600000,-0.029135,0.927850,1.542128,1
15085,167.611111,-0.029596,0.927070,1.542304,1
15086,167.622222,-0.029524,0.926317,1.542594,1
15087,167.633333,-0.029195,0.925467,1.542879,1
15088,167.644444,-0.029018,0.925060,1.543242,1
15089,167.655556,-0.029956,0.925436,1.542692,1
15090,167.666667,-0.029766,0.923983,1.543534,1
15091,167.677778,-0.030052,0.923422,1.543804,1
15092,167.688889,-0.030164,0.923029,1.543957,1
15093,167.700000,-0.030312,0.922421,1.544070,1
15094,167.711111,-0.030524,0.921910,1.544308,1
15095,167.722222,-0.030831,0.921437,1.544530,1
15096,167.733333,-0.031162,0.921005,1.544682,1
15097,167.744444,-0.031511,0.920398,1.544900,1
15098,167.755556,-0.031897,0.920193,1.545225,1
15099,167.766667,-0.032315,0.919728,1.545475,1
15100,167.777778,-0.032802,0.919305,1.545702,1
15101,167.788889,-0.033217,0.918848,1.545957,1
15102,167.800000,-0.033641,0.918348,1.546282,1
15103,167.811111,-0.034070,0.917992,1.546591,1
15104,167.822222,-0.034585,0.917625,1.546983,1
15105,167.833333,-0.035115,0.917129,1.547419,1
15106,167.844444,-0.035641,0.916633,1.547925,1
15107,167.855556,-0.035657,0.916330,1.548542,1
15108,167.866667,-0.035766,0.916069,1.549316,1
15109,167.877778,-0.035896,0.915839,1.549979,1
15110,167.888889,-0.036192,0.915594,1.550665,1
15111,167.900000,-0.036469,0.915316,1.551249,1
15112,167.911111,-0.036781,0.915291,1.551900,1
15113,167.922222,-0.037050,0.914924,1.552336,1
15114,167.933333,-0.037419,0.914958,1.552213,1
15115,167.944444,-0.037889,0.914823,1.552116,1
15116,167.955556,-0.038385,0.914686,1.552165,1
15117,167.966667,-0.038814,0.914801,1.552342,1
15118,167.977778,-0.039109,0.914730,1.552395,1
15119,167.988889,-0.039534,0.914723,1.552708,1
15120,168.000000,-0.039758,0.914577,1.552948,1
15121,168.011111,-0.039945,0.914518,1.553225,1
15122,168.022222,-0.040174,0.914371,1.553438,1
15123,168.033333,-0.040380,0.914266,1.553729,1
15124,168.044444,-0.040625,0.914272,1.554055,1
15125,168.055556,-0.040821,0.914191,1.554467,1
15126,168.066667,-0.040907,0.914079,1.554743,1
15127,168.077778,-0.041102,0.914207,1.555136,1
15128,168.088889,-0.041167,0.914090,1.555372,1
15129,168.100000,-0.041084,0.913908,1.555475,1
15130,168.111111,-0.041119,0.913835,1.555668,1
15131,168.122222,-0.041126,0.913894,1.555911,1
15132,168.133333,-0.041166,0.914108,1.556071,1
15133,168.144444,-0.041127,0.914067,1.556107,1
15134,168.155556,-0.041073,0.914201,1.556289,1
15135,168.166667,-0.040995,0.914201,1.556344,1
15136,168.177778,-0.040966,0.914219,1.556465,1
15137,168.188889,-0.040896,0.914203,1.556562,1
15138,168.200000,-0.040853,0.914236,1.556701,1
15139,168.211111,-0.040685,0.914250,1.556672,1
15140,168.222222,-0.040401,0.914099,1.556513,1
15141,168.233333,-0.040408,0.914178,1.556654,1
15142,168.244444,-0.040193,0.914299,1.556601,1
15143,168.255556,-0.040055,0.914394,1.556668,1
15144,168.266667,-0.039897,0.914492,1.556705,1
15145,168.277778,-0.039811,0.914536,1.556682,1
15146,168.288889,-0.039683,0.914525,1.556572,1
15147,168.300000,-0.039615,0.914599,1.556584,1
15148,168.311111,-0.039546,0.914569,1.556559,1
15149,168.322222,-0.039434,0.914497,1.556440,1
15150,168.333333,-0.039344,0.914571,1.556425,1
15151,168.344444,-0.039184,0.914463,1.556314,1
15152,168.355556,-0.039202,0.914542,1.556317,1
15153,168.366667,-0.039129,0.914690,1.556259,1
15154,168.377778,-0.039116,0.914922,1.556308,1
15155,168.388889,-0.039146,0.914721,1.556194,1
15156,168.400000,-0.039141,0.914443,1.556328,1
15157,168.411111,-0.039052,0.914530,1.556240,1
15158,168.422222,-0.039050,0.914552,1.556149,1
15159,168.433333,-0.039119,0.914506,1.556083,1
15160,168.444444,-0.039129,0.914523,1.555987,1
15161,168.455556,-0.039119,0.914475,1.555915,1
15162,168.466667,-0.040283,0.915153,1.554970,1
15163,168.477778,-0.040415,0.915131,1.554801,1
15164,168.488889,-0.040546,0.915167,1.554636,1
15165,168.500000,-0.040610,0.915220,1.554441,1
15166,168.511111,-0.040629,0.915306,1.554327,1
15167,168.522222,-0.040626,0.915230,1.554129,1
15168,168.533333,-0.040660,0.915357,1.554082,1
15169,168.544444,-0.040698,0.915640,1.554064,1
15170,168.555556,-0.040607,0.915625,1.553795,1
15171,168.566667,-0.040506,0.915786,1.553494,1
15172,168.577778,-0.040625,0.915678,1.553243,1
15173,168.588889,-0.040527,0.915484,1.553077,1
15174,168.600000,-0.040351,0.915497,1.552876,1
15175,168.611111,-0.040240,0.915615,1.552657,1
15176,168.622222,-0.040259,0.915725,1.552464,1
15177,168.633333,-0.040308,0.915647,1.552177,1
15178,168.644444,-0.040374,0.915683,1.551983,1
15179,168.655556,-0.040338,0.915689,1.551583,1
15180,168.666667,-0.040358,0.915680,1.551345,1
15181,168.677778,-0.040341,0.915704,1.550962,1
15182,168.688889,-0.040350,0.915658,1.550607,1
15183,168.700000,-0.040397,0.915571,1.550267,1
15184,168.711111,-0.040537,0.915744,1.550138,1
15185,168.722222,-0.040788,0.915661,1.550001,1
15186,168.733333,-0.040633,0.915485,1.549408,1
15187,168.744444,-0.040726,0.915706,1.548984,1
15188,168.755556,-0.040851,0.915570,1.548528,1
15189,168.766667,-0.040936,0.915561,1.548132,1
15190,168.777778,-0.041132,0.915734,1.547909,1
15191,168.788889,-0.041222,0.915602,1.547413,1
15192,168.800000,-0.041336,0.915479,1.546828,1
15193,168.811111,-0.041570,0.915462,1.546398,1
15194,168.822222,-0.041794,0.915135,1.545930,1
15195,168.833333,-0.041873,0.915162,1.545362,1
15196,168.844444,-0.041927,0.915048,1.544812,1
15197,168.855556,-0.041694,0.914976,1.543888,1
15198,168.866667,-0.042001,0.915093,1.543528,1
15199,168.877778,-0.042255,0.914929,1.542872,1
15200,168.888889,-0.042559,0.914870,1.542137,1
15201,168.900000,-0.042797,0.914865,1.541461,1
15202,168.911111,-0.043105,0.914664,1.540724,1
15203,168.922222,-0.043551,0.914745,1.540164,1
15204,168.933333,-0.043798,0.914839,1.539547,1
15205,168.944444,-0.044089,0.914653,1.538609,1
15206,168.955556,-0.044553,0.914746,1.537955,1
15207,168.966667,-0.044881,0.914704,1.537138,1
15208,168.977778,-0.045170,0.914413,1.536065,1
15209,168.988889,-0.045458,0.914255,1.535271,1
15210,169.000000,-0.045808,0.914480,1.534276,1
15211,169.011111,-0.046235,0.914351,1.533199,1
15212,169.022222,-0.046672,0.914437,1.532435,1
15213,169.033333,-0.047016,0.914533,1.531472,1
15214,169.044444,-0.047422,0.914592,1.530419,1
15215,169.055556,-0.048505,0.914375,1.529951,1
15216,169.066667,-0.049019,0.914560,1.528736,1
15217,169.077778,-0.049520,0.914596,1.527635,1
15218,169.088889,-0.049919,0.914620,1.526743,1
15219,169.100000,-0.050302,0.914550,1.525535,1
15220,169.111111,-0.050724,0.914627,1.524387,1
15221,169.122222,-0.051170,0.914704,1.523222,1
15222,169.133333,-0.051642,0.914613,1.522167,1
15223,169.144444,-0.051936,0.914587,1.520831,1
15224,169.155556,-0.052311,0.914441,1.519467,1
15225,169.166667,-0.052677,0.914430,1.518241,1
15226,169.177778,-0.053086,0.914553,1.517090,1
15227,169.188889,-0.053451,0.914245,1.515816,1
15228,169.200000,-0.053791,0.914289,1.514478,1
15229,169.211111,-0.054146,0.914330,1.513061,1
15230,169.222222,-0.054477,0.914262,1.511677,1
15231,169.233333,-0.054775,0.914164,1.510326,1
15232,169.244444,-0.055225,0.913970,1.509049,1
15233,169.255556,-0.055636,0.914132,1.507669,1
15234,169.266667,-0.055967,0.914028,1.506108,1
15235,169.277778,-0.056315,0.914245,1.504677,1
15236,169.288889,-0.056727,0.914285,1.503220,1
15237,169.300000,-0.057122,0.914285,1.501763,1
15238,169.311111,-0.057563,0.914418,1.500186,1
15239,169.322222,-0.057758,0.914477,1.498715,1
15240,169.333333,-0.057977,0.914800,1.496975,1
15241,169.344444,-0.058341,0.914881,1.495399,1
15242,169.355556,-0.058631,0.915279,1.493764,1
15243,169.366667,-0.058903,0.915579,1.492190,1
15244,169.377778,-0.059331,0.915814,1.490589,1
15245,169.388889,-0.059733,0.916155,1.488965,1
15246,169.400000,-0.060026,0.916568,1.487287,1
15247,169.411111,-0.060319,0.917099,1.485677,1
15248,169.422222,-0.060641,0.917731,1.483876,1
15249,169.433333,-0.061556,0.919104,1.483110,1
15250,169.444444,-0.062632,0.921665,1.482684,1
15251,169.455556,-0.063337,0.924786,1.481991,1
15252,169.466667,-0.063775,0.927779,1.480825,1
15253,169.477778,-0.064146,0.930223,1.479194,1
15254,169.488889,-0.064451,0.931623,1.477088,1
15255,169.500000,-0.064896,0.930566,1.475039,1
15256,169.511111,-0.066670,0.922546,1.471617,1
15257,169.522222,-0.076994,0.901380,1.461845,1
15258,169.533333,-0.077155,0.901307,1.459370,1
15259,169.544444,-0.077202,0.901284,1.457065,1
15260,169.555556,-0.076935,0.901595,1.454856,1
15261,169.566667,-0.078597,0.899716,1.454584,1
15262,169.577778,-0.077888,0.899966,1.452401,1
15263,169.588889,-0.077460,0.899656,1.449644,1
15264,169.600000,-0.076276,0.899983,1.447588,1
15265,169.611111,-0.075038,0.899345,1.444928,1
15266,169.622222,-0.072768,0.899285,1.442423,1
15267,169.633333,-0.071317,0.899539,1.439996,1
15268,169.644444,-0.070209,0.899742,1.437658,1
15269,169.655556,-0.069256,0.898951,1.434659,1
15270,169.666667,-0.068098,0.898411,1.431844,1
15271,169.677778,-0.066431,0.898515,1.429215,1
15272,169.688889,-0.064622,0.898598,1.426646,1
15273,169.700000,-0.062567,0.898578,1.423999,1
15274,169.711111,-0.060997,0.898032,1.421014,1
15275,169.722222,-0.058850,0.897714,1.418150,1
15276,169.733333,-0.056423,0.897674,1.415321,1
15277,169.744444,-0.054842,0.897690,1.412696,1
15278,169.755556,-0.052410,0.897812,1.410233,1
15279,169.766667,-0.050047,0.897300,1.407203,1
15280,169.777778,-0.047935,0.897315,1.404546,1
15281,169.788889,-0.045907,0.896858,1.401754,1
15282,169.800000,-0.043772,0.896408,1.399026,1
15283,169.811111,-0.041874,0.896035,1.396590,1
15284,169.822222,-0.039609,0.895785,1.394266,1
15285,169.833333,-0.037971,0.894895,1.391716,1
15286,169.844444,-0.033883,0.893606,1.389831,1
15287,169.855556,-0.030639,0.893158,1.387881,1
15288,169.866667,-0.029269,0.890797,1.383644,1
15289,169.877778,-0.012742,0.919245,1.386929,1
15290,169.888889,-0.010655,0.912486,1.384206,1
15291,169.900000,-0.008984,0.906729,1.381522,1
15292,169.911111,-0.007311,0.902276,1.378870,1
15293,169.922222,-0.005068,0.898880,1.375983,1
15294,169.933333,-0.002047,0.896430,1.372864,1
15295,169.944444,0.000964,0.894636,1.369562,1
15296,169.955556,0.002495,0.892581,1.366827,1
15297,169.966667,0.004750,0.890909,1.363727,1
15298,169.977778,0.008335,0.890213,1.360492,1
15299,169.988889,0.010644,0.888886,1.357421,1
15300,170.000000,0.013475,0.888578,1.354541,1
15301,170.011111,0.016426,0.888497,1.351703,1
15302,170.022222,0.019148,0.888324,1.348747,1
15303,170.033333,0.022000,0.888449,1.345825,1
15304,170.044444,0.025215,0.888252,1.342544,1
15305,170.055556,0.028481,0.888654,1.339738,1
15306,170.066667,0.031844,0.888991,1.336864,1
15307,170.077778,0.035481,0.889551,1.333960,1
15308,170.088889,0.038599,0.889711,1.331055,1
15309,170.100000,0.042019,0.890145,1.328143,1
15310,170.111111,0.045361,0.890663,1.325315,1
15311,170.122222,0.048529,0.890954,1.322493,1
15312,170.133333,0.051713,0.891488,1.319632,1
15313,170.144444,0.054658,0.891989,1.316615,1
15314,170.155556,0.057601,0.892737,1.313791,1
15315,170.166667,0.060144,0.893220,1.311081,1
15316,170.177778,0.063298,0.893980,1.308294,1
15317,170.188889,0.066684,0.895037,1.305486,1
15318,170.200000,0.069783,0.895639,1.302546,1
15319,170.211111,0.072456,0.896296,1.299936,1
15320,170.222222,0.075022,0.897001,1.297372,1
15321,170.233333,0.077301,0.897491,1.294698,1
15322,170.244444,0.079371,0.898014,1.292217,1
15323,170.255556,0.081338,0.898432,1.289710,1
15324,170.266667,0.083467,0.898828,1.287201,1
15325,170.277778,0.085355,0.898755,1.285022,1
15326,170.288889,0.105342,0.926099,1.279011,1
15327,170.300000,0.106817,0.933543,1.277011,1
15328,170.311111,0.107530,0.936075,1.275489,1
15329,170.322222,0.108482,0.937820,1.273711,1
15330,170.333333,0.109662,0.939173,1.271507,1
15331,170.344444,0.110731,0.940236,1.268994,1
15332,170.355556,0.111620,0.941083,1.266839,1
15333,170.366667,0.112375,0.941751,1.264512,1
15334,170.377778,0.112901,0.942371,1.262472,1
15335,170.388889,0.113374,0.943402,1.260464,1
15336,170.400000,0.113918,0.943579,1.258457,1
15337,170.411111,0.114411,0.943314,1.256742,1
15338,170.422222,0.114812,0.943216,1.254936,1
15339,170.433333,0.115366,0.943095,1.253084,1
15340,170.444444,0.115864,0.942980,1.251413,1
15341,170.455556,0.116313,0.942782,1.249894,1
15342,170.466667,0.116844,0.942537,1.248380,1
15343,170.477778,0.117426,0.942344,1.247128,1
15344,170.488889,0.118371,0.941676,1.245404,1
15345,170.500000,0.118914,0.941423,1.244175,1
15346,170.511111,0.119973,0.940623,1.242665,1
15347,170.522222,0.120684,0.940212,1.241549,1
15348,170.533333,0.120960,0.940356,1.240526,1
15349,170.544444,0.120825,0.941173,1.239901,1
15350,170.555556,0.120606,0.942415,1.238945,1
15351,170.566667,0.121422,0.937127,1.237906,1
15352,170.577778,0.121136,0.930556,1.236774,1
15353,170.588889,0.118832,0.923968,1.236655,1
15354,170.600000,0.116470,0.919237,1.235553,1
15355,170.611111,0.112941,0.915534,1.235449,1
15356,170.622222,0.110583,0.913275,1.234391,1
15357,170.633333,0.109280,0.912398,1.232957,1
15358,170.644444,0.106471,0.910798,1.232163,1
15359,170.655556,0.102180,0.906955,1.230089,1
15360,170.666667,0.101696,0.907561,1.229168,1
15361,170.677778,0.101061,0.908038,1.228314,1
15362,170.688889,0.100448,0.908659,1.227573,1
15363,170.700000,0.099644,0.908978,1.226876,1
15364,170.711111,0.098758,0.909299,1.226214,1
15365,170.722222,0.097957,0.909608,1.225609,1
15366,170.733333,0.097002,0.909898,1.225160,1
15367,170.744444,0.096151,0.910227,1.224674,1
15368,170.755556,0.094935,0.910382,1.224320,1
15369,170.766667,0.094037,0.910622,1.223989,1
15370,170.777778,0.092989,0.910655,1.223610,1
15371,170.788889,0.091952,0.910801,1.223338,1
15372,170.800000,0.091028,0.910861,1.223103,1
15373,170.811111,0.090040,0.910910,1.222777,1
15374,170.822222,0.089346,0.911008,1.222488,1
15375,170.833333,0.088242,0.910936,1.222365,1
15376,170.844444,0.087266,0.910871,1.222083,1
15377,170.855556,0.086372,0.910802,1.221787,1
15378,170.866667,0.085397,0.910884,1.221635,1
15379,170.877778,0.084129,0.910727,1.221405,1
15380,170.888889,0.083104,0.910652,1.221103,1
15381,170.900000,0.081937,0.910618,1.220985,1
15382,170.911111,0.080896,0.910393,1.220787,1
15383,170.922222,0.080232,0.910331,1.220472,1
15384,170.933333,0.079058,0.910236,1.220382,1
15385,170.944444,0.078017,0.909945,1.220165,1
15386,170.955556,0.077135,0.909901,1.220095,1
15387,170.966667,0.076131,0.909761,1.219888,1
15388,170.977778,0.075163,0.909603,1.219727,1
15389,170.988889,0.074452,0.909643,1.219580,1
15390,171.000000,0.073486,0.909492,1.219336,1
15391,171.011111,0.072527,0.909307,1.219155,1
15392,171.022222,0.071536,0.909073,1.218862,1
15393,171.033333,0.070648,0.909082,1.218746,1
15394,171.044444,0.069862,0.908952,1.218538,1
15395,171.055556,0.068952,0.908774,1.218301,1
15396,171.066667,0.068188,0.908706,1.218006,1
15397,171.077778,0.067364,0.908569,1.217774,1
15398,171.088889,0.066849,0.908665,1.217481,1
15399,171.100000,0.066088,0.908595,1.217189,1
15400,171.111111,0.065427,0.908603,1.216882,1
15401,171.122222,0.064714,0.908506,1.216536,1
15402,171.133333,0.063864,0.908303,1.216184,1
15403,171.144444,0.063406,0.908251,1.215882,1
15404,171.155556,0.062807,0.908227,1.215600,1
15405,171.166667,0.062353,0.908199,1.215216,1
15406,171.177778,0.061760,0.908087,1.214812,1
15407,171.188889,0.061538,0.907827,1.214849,1
15408,171.200000,0.061242,0.907898,1.214507,1
15409,171.211111,0.060822,0.907928,1.214196,1
15410,171.222222,0.060177,0.907833,1.213831,1
15411,171.233333,0.059763,0.907852,1.213516,1
15412,171.244444,0.059370,0.907918,1.213181,1
15413,171.255556,0.058895,0.907850,1.212866,1
15414,171.266667,0.058567,0.907904,1.212520,1
15415,171.277778,0.058260,0.907921,1.212199,1
15416,171.288889,0.057792,0.907927,1.211804,1
15417,171.300000,0.057541,0.908010,1.211557,1
15418,171.311111,0.057229,0.908106,1.211214,1
15419,171.322222,0.056828,0.908076,1.210895,1
15420,171.333333,0.056460,0.908087,1.210670,1
15421,171.344444,0.056071,0.908031,1.210387,1
15422,171.355556,0.055793,0.908047,1.210157,1
15423,171.366667,0.055656,0.908098,1.209912,1
15424,171.377778,0.055527,0.908197,1.209680,1
15425,171.388889,0.055187,0.908204,1.209475,1
15426,171.400000,0.054980,0.908174,1.209283,1
15427,171.411111,0.054939,0.908217,1.209094,1
15428,171.422222,0.054675,0.908185,1.208895,1
15429,171.433333,0.054460,0.908136,1.208720,1
15430,171.444444,0.054304,0.908111,1.208549,1
15431,171.455556,0.054389,0.908141,1.208248,1
15432,171.466667,0.054181,0.908120,1.208116,1
15433,171.477778,0.054086,0.908139,1.208005,1
15434,171.488889,0.053977,0.908095,1.207889,1
15435,171.500000,0.053919,0.908119,1.207866,1
15436,171.511111,0.053779,0.908066,1.207785,1
15437,171.522222,0.053720,0.908065,1.207717,1
15438,171.533333,0.053776,0.908154,1.207654,1
15439,171.544444,0.053638,0.908075,1.207551,1
15440,171.555556,0.053504,0.908059,1.207460,1
15441,171.566667,0.053423,0.908088,1.207447,1
15442,171.577778,0.053355,0.908056,1.207407,1
15443,171.588889,0.053370,0.908051,1.207406,1
15444,171.600000,0.053347,0.908093,1.207404,1
15445,171.611111,0.053377,0.908086,1.207412,1
15446,171.622222,0.053293,0.908063,1.207406,1
15447,171.633333,0.053463,0.908086,1.207296,1
15448,171.644444,0.053479,0.908134,1.207339,1
15449,171.655556,0.053487,0.908124,1.207381,1
15450,171.666667,0.053578,0.908131,1.207412,1
15451,171.677778,0.053677,0.908143,1.207443,1
15452,171.688889,0.053679,0.908152,1.207501,1
15453,171.700000,0.053641,0.908118,1.207546,1
15454,171.711111,0.053699,0.908092,1.207599,1
15455,171.722222,0.053715,0.908164,1.207698,1
15456,171.733333,0.053764,0.908150,1.207781,1
15457,171.744444,0.053909,0.908163,1.207885,1
15458,171.755556,0.053949,0.908055,1.207947,1
15459,171.766667,0.054020,0.908025,1.207997,1
15460,171.777778,0.054046,0.908024,1.208053,1
15461,171.788889,0.054017,0.907957,1.208095,1
15462,171.800000,0.054110,0.908002,1.208205,1
15463,171.811111,0.054268,0.908048,1.208322,1
15464,171.822222,0.054399,0.908006,1.208372,1
15465,171.833333,0.054522,0.907978,1.208485,1
15466,171.844444,0.054826,0.908098,1.208617,1
15467,171.855556,0.054867,0.907980,1.208693,1
15468,171.866667,0.054889,0.907921,1.208758,1
15469,171.877778,0.054908,0.907866,1.208805,1
15470,171.888889,0.054953,0.907838,1.208875,1
15471,171.900000,0.055090,0.907802,1.208936,1
15472,171.911111,0.055218,0.907723,1.209032,1
15473,171.922222,0.055338,0.907704,1.209143,1
15474,171.933333,0.055466,0.907707,1.209256,1
15475,171.944444,0.055544,0.907719,1.209370,1
15476,171.955556,0.055697,0.907671,1.209445,1
15477,171.966667,0.055744,0.907639,1.209571,1
15478,171.977778,0.055838,0.907595,1.209708,1
15479,171.988889,0.055942,0.907586,1.209835,1
15480,172.000000,0.056052,0.907497,1.209896,1
15481,172.011111,0.056038,0.907495,1.210066,1
15482,172.022222,0.056148,0.907465,1.210187,1
15483,172.033333,0.056166,0.907370,1.210226,1
15484,172.044444,0.056236,0.907338,1.210407,1
15485,172.055556,0.056670,0.907551,1.210828,1
15486,172.066667,0.056632,0.907456,1.210918,1
15487,172.077778,0.056701,0.907449,1.211091,1
15488,172.088889,0.056863,0.907447,1.211238,1
15489,172.100000,0.056978,0.907497,1.211385,1
15490,172.111111,0.056999,0.907496,1.211467,1
15491,172.122222,0.057139,0.907455,1.211575,1
15492,172.133333,0.057209,0.907431,1.211636,1
15493,172.144444,0.057329,0.907516,1.211771,1
15494,172.155556,0.057360,0.907453,1.211861,1
15495,172.166667,0.057408,0.907325,1.211925,1
15496,172.177778,0.057572,0.907445,1.212060,1
15497,172.188889,0.057675,0.907401,1.212122,1
15498,172.200000,0.057859,0.907405,1.212189,1
15499,172.211111,0.057947,0.907350,1.212264,1
15500,172.222222,0.058087,0.907373,1.212358,1
15501,172.233333,0.058230,0.907408,1.212470,1
15502,172.244444,0.058378,0.907454,1.212561,1
15503,172.255556,0.058492,0.907422,1.212575,1
15504,172.266667,0.058534,0.907402,1.212602,1
15505,172.277778,0.058518,0.907284,1.212601,1
15506,172.288889,0.058603,0.907245,1.212672,1
15507,172.300000,0.058759,0.907207,1.212716,1
15508,172.311111,0.058822,0.907166,1.212733,1
15509,172.322222,0.058952,0.907287,1.212808,1
15510,172.333333,0.059048,0.907281,1.212808,1
15511,172.344444,0.059141,0.907244,1.212820,1
15512,172.355556,0.059235,0.907214,1.212864,1
15513,172.366667,0.059429,0.907257,1.212930,1
15514,172.377778,0.059471,0.907169,1.212928,1
15515,172.388889,0.059551,0.907157,1.212997,1
15516,172.400000,0.059553,0.907107,1.213097,1
15517,172.411111,0.059648,0.907115,1.213149,1
15518,172.422222,0.059629,0.907053,1.213222,1
15519,172.433333,0.059703,0.907072,1.213244,1
15520,172.444444,0.059691,0.907036,1.213312,1
15521,172.455556,0.059772,0.907018,1.213329,1
15522,172.466667,0.059800,0.906999,1.213374,1
15523,172.477778,0.059880,0.906988,1.213443,1
15524,172.488889,0.059859,0.906957,1.213469,1
15525,172.500000,0.059864,0.906952,1.213544,1
15526,172.511111,0.059942,0.906922,1.213515,1
15527,172.522222,0.059908,0.906903,1.213562,1
15528,172.533333,0.060000,0.906957,1.213606,1
15529,172.544444,0.059907,0.906797,1.213614,1
15530,172.555556,0.059988,0.906861,1.213632,1
15531,172.566667,0.059964,0.906816,1.213658,1
15532,172.577778,0.059947,0.906784,1.213706,1
15533,172.588889,0.059999,0.906832,1.213657,1
15534,172.600000,0.060040,0.906874,1.213696,1
15535,172.611111,0.059993,0.906847,1.213729,1
15536,172.622222,0.060038,0.906859,1.213764,1
15537,172.633333,0.060053,0.906864,1.213725,1
15538,172.644444,0.060090,0.906882,1.213756,1
15539,172.655556,0.060047,0.906864,1.213747,1
15540,172.666667,0.060074,0.906894,1.213742,1
15541,172.677778,0.060060,0.906896,1.213720,1
15542,172.688889,0.060078,0.906866,1.213728,1
15543,172.700000,0.060057,0.906851,1.213704,1
15544,172.711111,0.060134,0.906857,1.213708,1
15545,172.722222,0.060119,0.906891,1.213739,1
15546,172.733333,0.060126,0.906876,1.213721,1
15547,172.744444,0.060116,0.906882,1.213698,1
15548,172.755556,0.060089,0.906831,1.213687,1
15549,172.766667,0.060090,0.906829,1.213681,1
15550,172.777778,0.060109,0.906833,1.213687,1
15551,172.788889,0.060051,0.906759,1.213661,1
15552,172.800000,0.059965,0.906794,1.213671,1
15553,172.811111,0.060014,0.906786,1.213625,1
15554,172.822222,0.060023,0.906807,1.213579,1
15555,172.833333,0.059977,0.906839,1.213566,1
15556,172.844444,0.059971,0.906870,1.213602,1
15557,172.855556,0.059939,0.906811,1.213558,1
15558,172.866667,0.059957,0.906837,1.213532,1
15559,172.877778,0.059850,0.906791,1.213494,1
15560,172.888889,0.059828,0.906785,1.213470,1
15561,172.900000,0.059794,0.906780,1.213464,1
15562,172.911111,0.059792,0.906778,1.213444,1
15563,172.922222,0.059765,0.906836,1.213425,1
15564,172.933333,0.059786,0.906865,1.213424,1
15565,172.944444,0.059709,0.906867,1.213349,1
15566,172.955556,0.059790,0.906937,1.213329,1
15567,172.966667,0.059750,0.906981,1.213248,1
15568,172.977778,0.059683,0.906953,1.213211,1
15569,172.988889,0.059648,0.906969,1.213219,1
15570,173.000000,0.059569,0.906953,1.213161,1
15571,173.011111,0.059582,0.906993,1.213129,1
15572,173.022222,0.059526,0.906993,1.213100,1
15573,173.033333,0.059530,0.907005,1.213084,1
15574,173.044444,0.059495,0.907033,1.213054,1
15575,173.055556,0.059412,0.907024,1.212995,1
15576,173.066667,0.059327,0.907004,1.212977,1
15577,173.077778,0.059335,0.907038,1.212935,1
15578,173.088889,0.059297,0.907087,1.212963,1
15579,173.100000,0.059335,0.907132,1.212930,1
15580,173.111111,0.059224,0.907105,1.212881,1
15581,173.122222,0.059107,0.907106,1.212796,1
15582,173.133333,0.059062,0.907107,1.212748,1
15583,173.144444,0.058987,0.907087,1.212675,1
15584,173.155556,0.058958,0.907158,1.212668,1
15585,173.166667,0.058857,0.907107,1.212636,1
15586,173.177778,0.058810,0.907087,1.212601,1
15587,173.188889,0.058804,0.907147,1.212552,1
15588,173.200000,0.058807,0.907208,1.212547,1
15589,173.211111,0.058691,0.907126,1.212433,1
15590,173.222222,0.058658,0.907176,1.212392,1
15591,173.233333,0.058681,0.907171,1.212253,1
15592,173.244444,0.058693,0.907174,1.212189,1
15593,173.255556,0.058642,0.907144,1.212096,1
15594,173.266667,0.058627,0.907126,1.212034,1
15595,173.277778,0.058541,0.907108,1.211929,1
15596,173.288889,0.058491,0.907087,1.211864,1
15597,173.300000,0.058451,0.907093,1.211823,1
15598,173.311111,0.058420,0.907037,1.211779,1
15599,173.322222,0.058413,0.907030,1.211726,1
15600,173.333333,0.058454,0.907094,1.211696,1
15601,173.344444,0.058364,0.907092,1.211677,1
15602,173.355556,0.058367,0.907091,1.211622,1
15603,173.366667,0.058308,0.907044,1.211534,1
15604,173.377778,0.058289,0.907047,1.211511,1
15605,173.388889,0.058251,0.906993,1.211420,1
15606,173.400000,0.058254,0.906955,1.211332,1
15607,173.411111,0.058200,0.906966,1.211302,1
15608,173.422222,0.058178,0.906955,1.211267,1
15609,173.433333,0.058138,0.906926,1.211187,1
15610,173.444444,0.058081,0.906933,1.211211,1
15611,173.455556,0.057935,0.906829,1.211148,1
15612,173.466667,0.057930,0.906811,1.211076,1
15613,173.477778,0.057848,0.906798,1.210994,1
15614,173.488889,0.057815,0.906813,1.210958,1
15615,173.500000,0.057824,0.906854,1.210918,1
15616,173.511111,0.057809,0.906852,1.210886,1
15617,173.522222,0.057831,0.906892,1.210847,1
15618,173.533333,0.057791,0.906892,1.210789,1
15619,173.544444,0.057787,0.906874,1.210753,1
15620,173.555556,0.057761,0.906933,1.210740,1
15621,173.566667,0.057737,0.906922,1.210685,1
15622,173.577778,0.057707,0.906956,1.210624,1
15623,173.588889,0.057629,0.906908,1.210548,1
15624,173.600000,0.057581,0.906902,1.210519,1
15625,173.611111,0.057531,0.906909,1.210460,1
15626,173.622222,0.057511,0.906892,1.210422,1
15627,173.633333,0.057464,0.906867,1.210368,1
15628,173.644444,0.057442,0.906822,1.210331,1
15629,173.655556,0.057344,0.906759,1.210251,1
15630,173.666667,0.057317,0.906792,1.210207,1
15631,173.677778,0.057299,0.906738,1.210185,1
15632,173.688889,0.057268,0.906726,1.210157,1
15633,173.700000,0.057198,0.906695,1.210092,1
15634,173.711111,0.057213,0.906697,1.210068,1
15635,173.722222,0.057213,0.906721,1.210051,1
15636,173.733333,0.057196,0.906705,1.210004,1
15637,173.744444,0.057207,0.906685,1.209974,1
15638,173.755556,0.057177,0.906664,1.209930,1
15639,173.766667,0.057199,0.906691,1.209903,1
15640,173.777778,0.057213,0.906667,1.209839,1
15641,173.788889,0.057266,0.906729,1.209835,1
15642,173.800000,0.057236,0.906737,1.209813,1
15643,173.811111,0.057218,0.906725,1.209746,1
15644,173.822222,0.057199,0.906697,1.209689,1
15645,173.833333,0.057222,0.906738,1.209679,1
15646,173.844444,0.057189,0.906686,1.209611,1
15647,173.855556,0.057233,0.906754,1.209574,1
15648,173.866667,0.057216,0.906737,1.209535,1
15649,173.877778,0.057216,0.906743,1.209530,1
15650,173.888889,0.057230,0.906728,1.209522,1
15651,173.900000,0.057142,0.906688,1.209476,1
15652,173.911111,0.057051,0.906633,1.209452,1
15653,173.922222,0.056974,0.906542,1.209456,1
15654,173.933333,0.056928,0.906501,1.209490,1
15655,173.944444,0.056950,0.906553,1.209513,1
15656,173.955556,0.056891,0.906473,1.209571,1
15657,173.966667,0.056810,0.906368,1.209633,1
15658,173.977778,0.056742,0.906298,1.209667,1
15659,173.988889,0.056623,0.906152,1.209732,1
15660,174.000000,0.056536,0.905992,1.209813,1
15661,174.011111,0.056400,0.905739,1.209855,1
15662,174.022222,0.056300,0.905592,1.209917,1
15663,174.033333,0.056174,0.905371,1.209995,1
15664,174.044444,0.055981,0.905050,1.210137,1
15665,174.055556,0.055811,0.904764,1.210252,1
15666,174.066667,0.055630,0.904429,1.210341,1
15667,174.077778,0.055381,0.904031,1.210468,1
15668,174.088889,0.055526,0.904313,1.211044,1
15669,174.100000,0.055182,0.903853,1.210928,1
15670,174.111111,0.054981,0.903459,1.211161,1
15671,174.122222,0.054716,0.903071,1.211287,1
15672,174.133333,0.054488,0.902599,1.211433,1
15673,174.144444,0.054226,0.902178,1.211584,1
15674,174.155556,0.054010,0.901763,1.211672,1
15675,174.166667,0.053652,0.901277,1.211932,1
15676,174.177778,0.053330,0.900789,1.212082,1
15677,174.188889,0.053036,0.900341,1.212315,1
15678,174.200000,0.052721,0.899915,1.212521,1
15679,174.211111,0.052436,0.899461,1.212804,1
15680,174.222222,0.052154,0.898983,1.213091,1
15681,174.233333,0.051744,0.898522,1.213349,1
15682,174.244444,0.051345,0.898117,1.213573,1
15683,174.255556,0.051062,0.897756,1.213871,1
15684,174.266667,0.050793,0.897398,1.214249,1
15685,174.277778,0.050392,0.897008,1.214562,1
15686,174.288889,0.050019,0.896573,1.214888,1
15687,174.300000,0.049736,0.896288,1.215109,1
15688,174.311111,0.049455,0.895909,1.215479,1
15689,174.322222,0.049012,0.895458,1.215848,1
15690,174.333333,0.048570,0.895166,1.216233,1
15691,174.344444,0.048350,0.894782,1.216388,1
15692,174.355556,0.048064,0.894560,1.216679,1
15693,174.366667,0.047669,0.894285,1.217017,1
15694,174.377778,0.047335,0.894024,1.217309,1
15695,174.388889,0.046970,0.893720,1.217566,1
15696,174.400000,0.046644,0.893448,1.217847,1
15697,174.411111,0.046255,0.893147,1.218150,1
15698,174.422222,0.046013,0.892888,1.218439,1
15699,174.433333,0.045627,0.892568,1.218706,1
15700,174.444444,0.045471,0.892385,1.219010,1
15701,174.455556,0.045237,0.892205,1.219320,1
15702,174.466667,0.045014,0.891986,1.219603,1
15703,174.477778,0.044827,0.891786,1.219916,1
15704,174.488889,0.044635,0.891640,1.220250,1
15705,174.500000,0.044436,0.891492,1.220539,1
15706,174.511111,0.044203,0.891317,1.220805,1
15707,174.522222,0.043854,0.891005,1.221063,1
15708,174.533333,0.043679,0.890841,1.221293,1
15709,174.544444,0.043604,0.890746,1.221580,1
15710,174.555556,0.043327,0.890553,1.221802,1
15711,174.566667,0.043151,0.890482,1.222076,1
15712,174.577778,0.043114,0.890431,1.222324,1
15713,174.588889,0.042887,0.890279,1.222526,1
15714,174.600000,0.042777,0.890253,1.222799,1
15715,174.611111,0.042705,0.890142,1.222983,1
15716,174.622222,0.042600,0.890032,1.223158,1
15717,174.633333,0.042576,0.889963,1.223335,1
15718,174.644444,0.042161,0.889410,1.223264,1
15719,174.655556,0.042051,0.889335,1.223476,1
15720,174.666667,0.042052,0.889309,1.223668,1
15721,174.677778,0.041955,0.889217,1.223835,1
15722,174.688889,0.041958,0.889149,1.224003,1
15723,174.700000,0.041955,0.889129,1.224135,1
15724,174.711111,0.041974,0.889106,1.224280,1
15725,174.722222,0.042012,0.889074,1.224351,1
15726,174.733333,0.041969,0.889060,1.224514,1
15727,174.744444,0.042039,0.889154,1.224457,1
15728,174.755556,0.042064,0.889096,1.224452,1
15729,174.766667,0.042151,0.889139,1.224533,1
15730,174.777778,0.042198,0.889103,1.224527,1
15731,174.788889,0.042337,0.889108,1.224563,1
15732,174.800000,0.042408,0.889153,1.224569,1
15733,174.811111,0.042440,0.889084,1.224542,1
15734,174.822222,0.042604,0.888984,1.224728,1
15735,174.833333,0.042927,0.889126,1.224706,1
15736,174.844444,0.043035,0.889157,1.224663,1
15737,174.855556,0.043118,0.889124,1.224569,1
15738,174.866667,0.043261,0.889207,1.224546,1
15739,174.877778,0.043355,0.889276,1.224484,1
15740,174.888889,0.043385,0.889256,1.224346,1
15741,174.900000,0.043517,0.889270,1.224236,1
15742,174.911111,0.043669,0.889294,1.224155,1
15743,174.922222,0.043947,0.889408,1.224061,1
15744,174.933333,0.043899,0.889367,1.223934,1
15745,174.944444,0.044050,0.889430,1.223767,1
15746,174.955556,0.044159,0.889487,1.223729,1
15747,174.966667,0.044172,0.889619,1.223474,1
15748,174.977778,0.044001,0.889314,1.223473,1
15749,174.988889,0.044357,0.889487,1.223358,1
15750,175.000000,0.044433,0.889557,1.223209,1
15751,175.011111,0.044588,0.889621,1.223093,1
15752,175.022222,0.044637,0.889591,1.223030,1
15753,175.033333,0.044640,0.889583,1.222946,1
15754,175.044444,0.044714,0.889568,1.222863,1
15755,175.055556,0.044828,0.889634,1.222720,1
15756,175.066667,0.044912,0.889684,1.222570,1
15757,175.077778,0.044917,0.889677,1.222436,1
15758,175.088889,0.044879,0.889658,1.222362,1
15759,175.100000,0.044989,0.889661,1.222235,1
15760,175.111111,0.045085,0.889755,1.222133,1
15761,175.122222,0.045063,0.889746,1.222003,1
15762,175.133333,0.045002,0.889728,1.221937,1
15763,175.144444,0.045012,0.889728,1.221838,1
15764,175.155556,0.044992,0.889760,1.221748,1
15765,175.166667,0.044983,0.889735,1.221682,1
15766,175.177778,0.045025,0.889711,1.221613,1
15767,175.188889,0.045050,0.889694,1.221588,1
15768,175.200000,0.045031,0.889682,1.221508,1
15769,175.211111,0.045063,0.889755,1.221481,1
15770,175.222222,0.044984,0.889665,1.221416,1
15771,175.233333,0.044983,0.889654,1.221398,1
15772,175.244444,0.044947,0.889646,1.221400,1
15773,175.255556,0.044869,0.889613,1.221415,1
15774,175.266667,0.044850,0.889633,1.221437,1
15775,175.277778,0.044867,0.889574,1.221418,1
15776,175.288889,0.044748,0.889581,1.221401,1
15777,175.300000,0.044696,0.889480,1.221432,1
15778,175.311111,0.044663,0.889474,1.221473,1
15779,175.322222,0.044623,0.889474,1.221521,1
15780,175.333333,0.044495,0.889475,1.221325,1
15781,175.344444,0.044271,0.889416,1.221325,1
15782,175.355556,0.044185,0.889334,1.221332,1
15783,175.366667,0.044147,0.889351,1.221400,1
15784,175.377778,0.044026,0.889351,1.221476,1
15785,175.388889,0.044038,0.889280,1.221498,1
15786,175.400000,0.043938,0.889210,1.221536,1
15787,175.411111,0.043884,0.889238,1.221596,1
15788,175.422222,0.043824,0.889238,1.221647,1
15789,175.433333,0.043787,0.889224,1.221703,1
15790,175.444444,0.043768,0.889231,1.221774,1
15791,175.455556,0.043817,0.889274,1.221869,1
15792,175.466667,0.043713,0.889239,1.221933,1
15793,175.477778,0.043676,0.889199,1.222002,1
15794,175.488889,0.043630,0.889193,1.222081,1
15795,175.500000,0.043570,0.889248,1.222125,1
15796,175.511111,0.043998,0.889648,1.222291,1
15797,175.522222,0.043974,0.889682,1.222376,1
15798,175.533333,0.043947,0.889668,1.222422,1
15799,175.544444,0.043908,0.889663,1.222479,1
15800,175.555556,0.043868,0.889680,1.222551,1
15801,175.566667,0.043859,0.889646,1.222592,1
15802,175.577778,0.043833,0.889612,1.222636,1
15803,175.588889,0.043795,0.889559,1.222648,1
15804,175.600000,0.043777,0.889551,1.222699,1
15805,175.611111,0.043694,0.889589,1.222762,1
15806,175.622222,0.043712,0.889552,1.222791,1
15807,175.633333,0.043681,0.889537,1.222859,1
15808,175.644444,0.043696,0.889446,1.222878,1
15809,175.655556,0.043734,0.889386,1.222927,1
15810,175.666667,0.043787,0.889454,1.222946,1
15811,175.677778,0.043773,0.889460,1.222989,1
15812,175.688889,0.043726,0.889445,1.222999,1
15813,175.700000,0.043730,0.889440,1.223040,1
15814,175.711111,0.043719,0.889318,1.223025,1
15815,175.722222,0.043733,0.889309,1.223048,1
15816,175.733333,0.043742,0.889244,1.223054,1
15817,175.744444,0.043753,0.889270,1.223068,1
15818,175.755556,0.043797,0.889367,1.223093,1
15819,175.766667,0.043832,0.889353,1.223058,1
15820,175.777778,0.043716,0.889189,1.222984,1
15821,175.788889,0.043735,0.889159,1.222968,1
15822,175.800000,0.043720,0.889152,1.222960,1
15823,175.811111,0.043743,0.889124,1.222908,1
15824,175.822222,0.043782,0.889130,1.222872,1
15825,175.833333,0.043776,0.889088,1.222836,1
15826,175.844444,0.043789,0.889087,1.222803,1
15827,175.855556,0.043783,0.888994,1.222775,1
15828,175.866667,0.043818,0.888988,1.222721,1
15829,175.877778,0.043857,0.888953,1.222717,1
15830,175.888889,0.043948,0.888872,1.222638,1
15831,175.900000,0.043995,0.888908,1.222613,1
15832,175.911111,0.043932,0.888897,1.222561,1
15833,175.922222,0.043986,0.888894,1.222504,1
15834,175.933333,0.044070,0.888817,1.222460,1
15835,175.944444,0.044186,0.888897,1.222442,1
15836,175.955556,0.044144,0.888909,1.222374,1
15837,175.966667,0.044146,0.888866,1.222301,1
15838,175.977778,0.044092,0.888853,1.222243,1
15839,175.988889,0.044123,0.888845,1.222170,1
15840,176.000000,0.044130,0.888832,1.222132,1
15841,176.011111,0.044167,0.888868,1.222109,1
15842,176.022222,0.044205,0.888898,1.222084,1
15843,176.033333,0.044248,0.888923,1.221994,1
15844,176.044444,0.044168,0.888894,1.221951,1
15845,176.055556,0.044219,0.888886,1.221864,1
15846,176.066667,0.044244,0.888908,1.221822,1
15847,176.077778,0.044374,0.889017,1.221752,1
15848,176.088889,0.044370,0.889044,1.221715,1
15849,176.100000,0.044386,0.889039,1.221609,1
15850,176.111111,0.044375,0.889091,1.221527,1
15851,176.122222,0.044411,0.889154,1.221452,1
15852,176.133333,0.044416,0.889227,1.221424,1
15853,176.144444,0.044470,0.889209,1.221327,1
15854,176.155556,0.044470,0.889220,1.221291,1
15855,176.166667,0.044521,0.889329,1.221226,1
15856,176.177778,0.044286,0.888826,1.221488,1
15857,176.188889,0.051941,0.904575,1.226922,1
15858,176.200000,0.062890,0.926507,1.219288,1
15859,176.211111,0.061832,0.929053,1.220250,1
15860,176.222222,0.061225,0.930629,1.220681,1
15861,176.233333,0.060953,0.931779,1.220580,1
15862,176.244444,0.060648,0.932746,1.220633,1
15863,176.255556,0.060428,0.933558,1.220584,1
15864,176.266667,0.060165,0.934240,1.220615,1
15865,176.277778,0.059897,0.934884,1.220666,1
15866,176.288889,0.059525,0.935831,1.220657,1
15867,176.300000,0.059406,0.935863,1.220720,1
15868,176.311111,0.059410,0.935908,1.220713,1
15869,176.322222,0.059302,0.935983,1.220740,1
15870,176.333333,0.059284,0.935947,1.220674,1
15871,176.344444,0.059158,0.935980,1.220673,1
15872,176.355556,0.059139,0.935984,1.220652,1
15873,176.366667,0.058983,0.936011,1.220763,1
15874,176.377778,0.058975,0.935994,1.220693,1
15875,176.388889,0.058960,0.936046,1.220556,1
15876,176.400000,0.058887,0.936075,1.220510,1
15877,176.411111,0.058828,0.936090,1.220541,1
15878,176.422222,0.058680,0.936103,1.220599,1
15879,176.433333,0.058667,0.936123,1.220497,1
15880,176.444444,0.058575,0.936161,1.220511,1
15881,176.455556,0.058513,0.936170,1.220495,1
15882,176.466667,0.058527,0.936170,1.220377,1
15883,176.477778,0.058455,0.936158,1.220398,1
15884,176.488889,0.058360,0.936178,1.220484,1
15885,176.500000,0.058247,0.936167,1.220551,1
15886,176.511111,0.058227,0.936152,1.220549,1
15887,176.522222,0.058088,0.936097,1.220683,1
15888,176.533333,0.058023,0.936084,1.220722,1
15889,176.544444,0.057912,0.936154,1.220779,1
15890,176.555556,0.057904,0.936134,1.220740,1
15891,176.566667,0.057842,0.936078,1.220767,1
15892,176.577778,0.057843,0.936025,1.220645,1
15893,176.588889,0.057775,0.936031,1.220679,1
15894,176.600000,0.057776,0.936002,1.220581,1
15895,176.611111,0.057679,0.935951,1.220601,1
15896,176.622222,0.057560,0.935869,1.220646,1
15897,176.633333,0.057493,0.935784,1.220639,1
15898,176.644444,0.057557,0.935777,1.220388,1
15899,176.655556,0.057502,0.935821,1.220305,1
15900,176.666667,0.057452,0.935821,1.220295,1
15901,176.677778,0.057322,0.935711,1.220324,1
15902,176.688889,0.057288,0.935499,1.220480,1
15903,176.700000,0.057352,0.935235,1.220949,1
15904,176.711111,0.057266,0.934990,1.221448,1
15905,176.722222,0.057214,0.934810,1.221680,1
15906,176.733333,0.057143,0.934681,1.221745,1
15907,176.744444,0.057160,0.934618,1.221688,1
15908,176.755556,0.057105,0.934529,1.221749,1
15909,176.766667,0.057155,0.934436,1.221513,1
15910,176.777778,0.057189,0.934442,1.221281,1
15911,176.788889,0.057227,0.934456,1.221198,1
15912,176.800000,0.057269,0.934338,1.221064,1
15913,176.811111,0.057229,0.934345,1.220897,1
15914,176.822222,0.057255,0.934280,1.220666,1
15915,176.833333,0.057376,0.934279,1.220381,1
15916,176.844444,0.057434,0.934215,1.219998,1
15917,176.855556,0.057516,0.934204,1.219618,1
15918,176.866667,0.057490,0.934184,1.219262,1
15919,176.877778,0.057588,0.934119,1.218824,1
15920,176.888889,0.057700,0.934110,1.218458,1
15921,176.900000,0.057788,0.934161,1.217911,1
15922,176.911111,0.057888,0.934092,1.217465,1
15923,176.922222,0.057935,0.934022,1.217071,1
15924,176.933333,0.058014,0.933903,1.216604,1
15925,176.944444,0.058098,0.933749,1.216190,1
15926,176.955556,0.058147,0.933725,1.215746,1
15927,176.966667,0.058188,0.933640,1.215387,1
15928,176.977778,0.058313,0.933484,1.214981,1
15929,176.988889,0.058410,0.933484,1.214418,1
15930,177.000000,0.058348,0.933578,1.214028,1
15931,177.011111,0.059150,0.927817,1.215262,1
15932,177.022222,0.058953,0.921592,1.217080,1
15933,177.033333,0.057401,0.916280,1.219541,1
15934,177.044444,0.054698,0.912091,1.222596,1
15935,177.055556,0.051399,0.908669,1.225427,1
15936,177.066667,0.048319,0.905926,1.227560,1
15937,177.077778,0.045435,0.903575,1.229081,1
15938,177.088889,0.042846,0.901543,1.230104,1
15939,177.100000,0.034628,0.894489,1.231093,1
15940,177.111111,0.034332,0.894492,1.231217,1
15941,177.122222,0.034006,0.894478,1.231310,1
15942,177.133333,0.033698,0.894571,1.231420,1
15943,177.144444,0.033302,0.894594,1.231541,1
15944,177.155556,0.032962,0.894586,1.231600,1
15945,177.166667,0.032585,0.894570,1.231672,1
15946,177.177778,0.032344,0.894621,1.231761,1
15947,177.188889,0.032059,0.894682,1.231796,1
15948,177.200000,0.031805,0.894671,1.231823,1
15949,177.211111,0.031566,0.894824,1.231829,1
15950,177.222222,0.031128,0.894742,1.231830,1
15951,177.233333,0.030970,0.894758,1.231858,1
15952,177.244444,0.030909,0.894896,1.231973,1
15953,177.255556,0.030834,0.895006,1.231967,1
15954,177.266667,0.030604,0.895018,1.231364,1
15955,177.277778,0.030503,0.894766,1.231073,1
15956,177.288889,0.029884,0.894506,1.230935,1
15957,177.300000,0.029652,0.894452,1.230656,1
15958,177.311111,0.029579,0.894374,1.230445,1
15959,177.322222,0.029425,0.894391,1.230291,1
15960,177.333333,0.029212,0.894174,1.230007,1
15961,177.344444,0.029152,0.894233,1.229820,1
15962,177.355556,0.029057,0.894134,1.229492,1
15963,177.366667,0.029105,0.894124,1.229270,1
15964,177.377778,0.029276,0.894238,1.229075,1
15965,177.388889,0.029346,0.894303,1.228868,1
15966,177.400000,0.029376,0.894300,1.228638,1
15967,177.411111,0.029475,0.894307,1.228391,1
15968,177.422222,0.029478,0.894306,1.228144,1
15969,177.433333,0.029520,0.894359,1.227903,1
15970,177.444444,0.029578,0.894351,1.227684,1
15971,177.455556,0.029711,0.894373,1.227458,1
15972,177.466667,0.029786,0.894363,1.227208,1
15973,177.477778,0.029774,0.894348,1.226973,1
15974,177.488889,0.029960,0.894416,1.226765,1
15975,177.500000,0.030035,0.894459,1.226612,1
15976,177.511111,0.030238,0.894773,1.226489,1
15977,177.522222,0.030645,0.895072,1.226580,1
15978,177.533333,0.030961,0.895600,1.226728,1
15979,177.544444,0.031441,0.895753,1.226855,1
15980,177.555556,0.032023,0.895950,1.226909,1
15981,177.566667,0.032708,0.896051,1.226961,1
15982,177.577778,0.033338,0.896229,1.227043,1
15983,177.588889,0.034054,0.896418,1.227090,1
15984,177.600000,0.034601,0.896372,1.226998,1
15985,177.611111,0.035165,0.896292,1.226884,1
15986,177.622222,0.035783,0.896562,1.226808,1
15987,177.633333,0.036289,0.896674,1.226664,1
15988,177.644444,0.036972,0.896776,1.226628,1
15989,177.655556,0.037719,0.896841,1.226498,1
15990,177.666667,0.038530,0.897002,1.226439,1
15991,177.677778,0.039115,0.896938,1.226315,1
15992,177.688889,0.040101,0.896868,1.226229,1
15993,177.700000,0.040911,0.896796,1.226136,1
15994,177.711111,0.041772,0.896912,1.226111,1
15995,177.722222,0.041726,0.896168,1.224878,1
15996,177.733333,0.042192,0.896047,1.224683,1
15997,177.744444,0.042933,0.895747,1.224478,1
15998,177.755556,0.038244,0.889380,1.220926,1
15999,177.766667,0.036407,0.884621,1.216749,1
16000,177.777778,0.037153,0.879580,1.211194,1
16001,177.788889,0.045781,0.878601,1.210970,1
16002,177.800000,0.051362,0.878862,1.209585,1
16003,177.811111,0.054561,0.879759,1.208596,1
16004,177.822222,0.056145,0.880325,1.208089,1
16005,177.833333,0.057241,0.880460,1.207871,1
16006,177.844444,0.058148,0.880215,1.207748,1
16007,177.855556,0.058977,0.879674,1.207701,1
16008,177.866667,0.059679,0.878939,1.207548,1
16009,177.877778,0.060905,0.878497,1.207310,1
16010,177.888889,0.062542,0.878303,1.206979,1
16011,177.900000,0.063864,0.877854,1.206656,1
16012,177.911111,0.065405,0.877492,1.206311,1
16013,177.922222,0.067043,0.877231,1.205961,1
16014,177.933333,0.068669,0.876909,1.205534,1
16015,177.944444,0.070193,0.876568,1.205041,1
16016,177.955556,0.071683,0.876197,1.204603,1
16017,177.966667,0.073442,0.875961,1.204102,1
16018,177.977778,0.075145,0.875614,1.203599,1
16019,177.988889,0.077034,0.875467,1.203122,1
16020,178.000000,0.078817,0.875328,1.202556,1
16021,178.011111,0.080664,0.875187,1.201982,1
16022,178.022222,0.082609,0.874840,1.201627,1
16023,178.033333,0.083823,0.874705,1.200212,1
16024,178.044444,0.085594,0.875027,1.199588,1
16025,178.055556,0.087215,0.875470,1.198713,1
16026,178.066667,0.089245,0.875608,1.197755,1
16027,178.077778,0.091399,0.875765,1.196805,1
16028,178.088889,0.093521,0.876059,1.195796,1
16029,178.100000,0.095620,0.876318,1.194694,1
16030,178.111111,0.097852,0.876626,1.193610,1
16031,178.122222,0.099817,0.876902,1.192490,1
16032,178.133333,0.101905,0.877213,1.191264,1
16033,178.144444,0.104093,0.877520,1.190026,1
16034,178.155556,0.106200,0.877756,1.188696,1
16035,178.166667,0.108419,0.878221,1.187414,1
16036,178.177778,0.110439,0.878633,1.185953,1
16037,178.188889,0.112605,0.879112,1.184550,1
16038,178.200000,0.114428,0.879290,1.182797,1
16039,178.211111,0.116828,0.879645,1.181792,1
16040,178.222222,0.118978,0.879854,1.180304,1
16041,178.233333,0.120831,0.879936,1.178508,1
16042,178.244444,0.122972,0.880177,1.176955,1
16043,178.255556,0.124979,0.880278,1.175383,1
16044,178.266667,0.127224,0.880493,1.173873,1
16045,178.277778,0.129347,0.880610,1.172146,1
16046,178.288889,0.131402,0.880478,1.170288,1
16047,178.300000,0.133562,0.880339,1.168561,1
16048,178.311111,0.135706,0.880146,1.166753,1
16049,178.322222,0.137942,0.879979,1.164914,1
16050,178.333333,0.140122,0.879689,1.163052,1
16051,178.344444,0.142444,0.879525,1.161013,1
16052,178.355556,0.144667,0.879224,1.159017,1
16053,178.366667,0.146855,0.878910,1.157120,1
16054,178.377778,0.149105,0.878645,1.155180,1
16055,178.388889,0.151236,0.878314,1.153171,1
16056,178.400000,0.153491,0.878022,1.151192,1
16057,178.411111,0.155847,0.877859,1.149344,1
16058,178.422222,0.157914,0.877409,1.147169,1
16059,178.433333,0.160238,0.877323,1.145127,1
16060,178.444444,0.162079,0.876906,1.142870,1
16061,178.455556,0.164260,0.876849,1.140815,1
16062,178.466667,0.166344,0.876753,1.138624,1
16063,178.477778,0.168353,0.876608,1.136507,1
16064,178.488889,0.170470,0.876473,1.134290,1
16065,178.500000,0.172133,0.876177,1.131802,1
16066,178.511111,0.174200,0.876312,1.129615,1
16067,178.522222,0.176084,0.876320,1.127198,1
16068,178.533333,0.177558,0.875975,1.124644,1
16069,178.544444,0.179346,0.875781,1.122267,1
16070,178.555556,0.181399,0.876362,1.120263,1
16071,178.566667,0.183500,0.876647,1.118012,1
16072,178.577778,0.184760,0.876241,1.115414,1
16073,178.588889,0.185947,0.875889,1.112781,1
16074,178.600000,0.187188,0.875162,1.110194,1
16075,178.611111,0.188240,0.874919,1.107510,1
16076,178.622222,0.189184,0.874359,1.104705,1
16077,178.633333,0.190030,0.873748,1.101980,1
16078,178.644444,0.190912,0.873240,1.099039,1
16079,178.655556,0.191590,0.871482,1.095793,1
16080,178.666667,0.192977,0.870903,1.093563,1
16081,178.677778,0.193919,0.870563,1.090825,1
16082,178.688889,0.194250,0.869984,1.087889,1
16083,178.700000,0.194723,0.869209,1.084829,1
16084,178.711111,0.195066,0.868375,1.081743,1
16085,178.722222,0.195287,0.867461,1.078538,1
16086,178.733333,0.195393,0.866425,1.075243,1
16087,178.744444,0.195661,0.865728,1.071658,1
16088,178.755556,0.195786,0.865399,1.067611,1
16089,178.766667,0.195927,0.865380,1.063225,1
16090,178.777778,0.196028,0.865261,1.059027,1
16091,178.788889,0.196166,0.865259,1.054893,1
16092,178.800000,0.196381,0.865367,1.050607,1
16093,178.811111,0.196590,0.865615,1.046274,1
16094,178.822222,0.196751,0.866127,1.041931,1
16095,178.833333,0.196743,0.866853,1.037183,1
16096,178.844444,0.197122,0.867751,1.032715,1
16097,178.855556,0.197422,0.868749,1.028010,1
16098,178.866667,0.197715,0.869806,1.023339,1
16099,178.877778,0.197953,0.870874,1.018536,1
16100,178.888889,0.198262,0.871972,1.013761,1
16101,178.900000,0.198768,0.873212,1.008802,1
16102,178.911111,0.199257,0.874224,1.003787,1
16103,178.922222,0.199813,0.875194,0.998718,1
16104,178.933333,0.200579,0.876112,0.993556,1
16105,178.944444,0.201513,0.877041,0.988187,1
16106,178.955556,0.202301,0.877507,0.982979,1
16107,178.966667,0.203180,0.878027,0.977649,1
16108,178.977778,0.203978,0.878475,0.972428,1
16109,178.988889,0.205071,0.879378,0.967494,1
16110,179.000000,0.206173,0.879896,0.962310,1
16111,179.011111,0.207343,0.880337,0.957112,1
16112,179.022222,0.208436,0.880804,0.951976,1
16113,179.033333,0.209586,0.881192,0.946841,1
16114,179.044444,0.210745,0.881603,0.941828,1
16115,179.055556,0.212301,0.882168,0.936757,1
16116,179.066667,0.214159,0.882708,0.931814,1
16117,179.077778,0.215963,0.883084,0.926817,1
16118,179.088889,0.217912,0.883594,0.921787,1
16119,179.100000,0.219946,0.884011,0.916719,1
16120,179.111111,0.222063,0.884469,0.911809,1
16121,179.122222,0.224343,0.884838,0.906746,1
16122,179.133333,0.226772,0.885320,0.901646,1
16123,179.144444,0.229027,0.885835,0.896669,1
16124,179.155556,0.231357,0.886439,0.891608,1
16125,179.166667,0.233750,0.886893,0.886709,1
16126,179.177778,0.236197,0.887242,0.881840,1
16127,179.188889,0.238631,0.887538,0.877019,1
16128,179.200000,0.241077,0.887856,0.872277,1
16129,179.211111,0.243609,0.888031,0.867577,1
16130,179.222222,0.246058,0.888060,0.862819,1
16131,179.233333,0.248526,0.887878,0.858214,1
16132,179.244444,0.251253,0.887728,0.853730,1
16133,179.255556,0.253964,0.887568,0.849467,1
16134,179.266667,0.256772,0.887523,0.845301,1
16135,179.277778,0.259683,0.887210,0.841205,1
16136,179.288889,0.263795,0.885885,0.836573,1
16137,179.300000,0.267820,0.887441,0.834924,1
16138,179.311111,0.272572,0.886629,0.831771,1
16139,179.322222,0.276454,0.885898,0.828406,1
16140,179.333333,0.279921,0.885257,0.825145,1
16141,179.344444,0.283139,0.884726,0.821976,1
16142,179.355556,0.286173,0.884213,0.818945,1
16143,179.366667,0.289172,0.883822,0.815997,1
16144,179.377778,0.292287,0.883418,0.813217,1
16145,179.388889,0.295589,0.882975,0.810489,1
16146,179.400000,0.298839,0.882366,0.808035,1
16147,179.411111,0.302229,0.882105,0.805462,1
16148,179.422222,0.305477,0.881705,0.803120,1
16149,179.433333,0.308730,0.880906,0.800772,1
16150,179.444444,0.312119,0.880227,0.798531,1
16151,179.455556,0.315347,0.879567,0.796297,1
16152,179.466667,0.318594,0.878680,0.794312,1
16153,179.477778,0.322173,0.877730,0.792435,1
16154,179.488889,0.325750,0.876618,0.790519,1
16155,179.500000,0.329349,0.875530,0.788663,1
16156,179.511111,0.332968,0.874363,0.786819,1
16157,179.522222,0.336738,0.873036,0.784891,1
16158,179.533333,0.340529,0.871921,0.782945,1
16159,179.544444,0.344459,0.870640,0.781019,1
16160,179.555556,0.348720,0.869468,0.778886,1
16161,179.566667,0.353334,0.868434,0.776851,1
16162,179.577778,0.358219,0.867686,0.774937,1
16163,179.588889,0.361470,0.866788,0.773032,1
16164,179.600000,0.365478,0.866626,0.771170,1
16165,179.611111,0.368941,0.867288,0.769243,1
16166,179.622222,0.372494,0.867967,0.767130,1
16167,179.633333,0.376415,0.868642,0.765211,1
16168,179.644444,0.380560,0.869675,0.763261,1
16169,179.655556,0.384702,0.870740,0.761410,1
16170,179.666667,0.389091,0.871985,0.759475,1
16171,179.677778,0.393435,0.873273,0.757420,1
16172,179.688889,0.397989,0.874588,0.755348,1
16173,179.700000,0.402545,0.875733,0.753108,1
16174,179.711111,0.407385,0.876878,0.751011,1
16175,179.722222,0.412148,0.877782,0.748797,1
16176,179.733333,0.416995,0.878514,0.746600,1
16177,179.744444,0.421711,0.879183,0.744309,1
16178,179.755556,0.426416,0.879610,0.741942,1
16179,179.766667,0.431224,0.879822,0.739548,1
16180,179.777778,0.436166,0.880018,0.737141,1
16181,179.788889,0.441037,0.880283,0.734532,1
16182,179.800000,0.446358,0.880434,0.731934,1
16183,179.811111,0.452131,0.880668,0.729322,1
16184,179.822222,0.458144,0.880819,0.726537,1
16185,179.833333,0.464135,0.880839,0.723740,1
16186,179.844444,0.470063,0.880950,0.720650,1
16187,179.855556,0.475830,0.881128,0.717392,1
16188,179.866667,0.481531,0.881271,0.713946,1
16189,179.877778,0.486972,0.881423,0.710633,1
16190,179.888889,0.492405,0.881603,0.707062,1
16191,179.900000,0.497839,0.881810,0.703631,1
16192,179.911111,0.503311,0.881879,0.700089,1
16193,179.922222,0.508760,0.881954,0.696563,1
16194,179.933333,0.514330,0.882098,0.692999,1
16195,179.944444,0.519808,0.882203,0.689491,1
16196,179.955556,0.525434,0.882809,0.686069,1
16197,179.966667,0.530838,0.882821,0.682583,1
16198,179.977778,0.536317,0.882768,0.679159,1
16199,179.988889,0.541741,0.882540,0.675631,1
16200,180.000000,0.547191,0.882281,0.672129,1
16201,180.011111,0.552705,0.881992,0.668765,1
16202,180.022222,0.558123,0.881715,0.665600,1
16203,180.033333,0.563473,0.881144,0.662468,1
16204,180.044444,0.568784,0.880759,0.659316,1
16205,180.055556,0.574130,0.880330,0.656201,1
16206,180.066667,0.579087,0.879567,0.653142,1
16207,180.077778,0.584180,0.879213,0.649993,1
16208,180.088889,0.589194,0.878712,0.646954,1
16209,180.100000,0.594079,0.878245,0.643874,1
16210,180.111111,0.598896,0.877824,0.640933,1
16211,180.122222,0.603585,0.877323,0.638031,1
16212,180.133333,0.608247,0.876845,0.635147,1
16213,180.144444,0.612824,0.876306,0.632412,1
16214,180.155556,0.617193,0.875791,0.629548,1
16215,180.166667,0.621339,0.875270,0.626732,1
16216,180.177778,0.625301,0.874696,0.623921,1
16217,180.188889,0.629054,0.874011,0.620930,1
16218,180.200000,0.632553,0.873394,0.617917,1
16219,180.211111,0.636041,0.872491,0.614933,1
16220,180.222222,0.639218,0.871601,0.611895,1
16221,180.233333,0.642231,0.870651,0.608812,1
16222,180.244444,0.645170,0.869622,0.605694,1
16223,180.255556,0.648118,0.868605,0.602325,1
16224,180.266667,0.651122,0.867585,0.598816,1
16225,180.277778,0.654259,0.867120,0.594666,1
16226,180.288889,0.657209,0.867029,0.589839,1
16227,180.300000,0.659817,0.866927,0.585224,1
16228,180.311111,0.662532,0.866773,0.580650,1
16229,180.322222,0.665227,0.866819,0.576441,1
16230,180.333333,0.668159,0.866836,0.572229,1
16231,180.344444,0.670842,0.867191,0.567693,1
16232,180.355556,0.673483,0.867741,0.563233,1
16233,180.366667,0.676239,0.868213,0.559257,1
16234,180.377778,0.677340,0.868454,0.554909,1
16235,180.388889,0.679684,0.869477,0.551050,1
16236,180.400000,0.682064,0.870612,0.546991,1
16237,180.411111,0.684491,0.871767,0.542969,1
16238,180.422222,0.687085,0.873032,0.539014,1
16239,180.433333,0.689887,0.874278,0.535168,1
16240,180.444444,0.692809,0.875434,0.531362,1
16241,180.455556,0.695819,0.876572,0.527664,1
16242,180.466667,0.698907,0.877616,0.523941,1
16243,180.477778,0.702102,0.878653,0.520504,1
16244,180.488889,0.705807,0.879378,0.516800,1
16245,180.500000,0.709378,0.880145,0.513546,1
16246,180.511111,0.713074,0.880820,0.510436,1
16247,180.522222,0.716917,0.881427,0.507382,1
16248,180.533333,0.720826,0.882072,0.504292,1
16249,180.544444,0.724899,0.882618,0.501274,1
16250,180.555556,0.729075,0.883153,0.498407,1
16251,180.566667,0.733344,0.883712,0.495744,1
16252,180.577778,0.737739,0.884161,0.493213,1
16253,180.588889,0.742014,0.884627,0.490960,1
16254,180.600000,0.746340,0.885043,0.488624,1
16255,180.611111,0.750753,0.885474,0.486553,1
16256,180.622222,0.755149,0.885932,0.484665,1
16257,180.633333,0.759536,0.886087,0.482785,1
16258,180.644444,0.763955,0.886261,0.481095,1
16259,180.655556,0.768451,0.886293,0.479660,1
16260,180.666667,0.773005,0.886264,0.478241,1
16261,180.677778,0.777546,0.886246,0.477036,1
16262,180.688889,0.782111,0.886059,0.475886,1
16263,180.700000,0.786630,0.885869,0.474951,1
16264,180.711111,0.791129,0.885678,0.474282,1
16265,180.722222,0.795622,0.885456,0.473702,1
16266,180.733333,0.799796,0.885327,0.472911,1
16267,180.744444,0.803707,0.885259,0.472334,1
16268,180.755556,0.807699,0.885092,0.472061,1
16269,180.766667,0.811500,0.884847,0.471785,1
16270,180.777778,0.815399,0.884553,0.471775,1
16271,180.788889,0.819435,0.884284,0.471980,1
16272,180.800000,0.823477,0.884144,0.472468,1
16273,180.811111,0.827729,0.883999,0.473072,1
16274,180.822222,0.831772,0.883871,0.473826,1
16275,180.833333,0.835743,0.883738,0.474801,1
16276,180.844444,0.839649,0.883376,0.475787,1
16277,180.855556,0.843457,0.883162,0.477040,1
16278,180.866667,0.847212,0.882769,0.478321,1
16279,180.877778,0.850828,0.882289,0.479704,1
16280,180.888889,0.854480,0.881876,0.481069,1
16281,180.900000,0.857984,0.881378,0.482477,1
16282,180.911111,0.862513,0.880779,0.484865,1
16283,180.922222,0.865803,0.879997,0.486340,1
16284,180.933333,0.869131,0.879157,0.487990,1
16285,180.944444,0.872386,0.878297,0.489636,1
16286,180.955556,0.875039,0.877491,0.490703,1
16287,180.966667,0.878266,0.876411,0.492088,1
16288,180.977778,0.881481,0.875352,0.493585,1
16289,180.988889,0.884821,0.874003,0.495081,1
16290,181.000000,0.888142,0.872781,0.496738,1
16291,181.011111,0.891476,0.871461,0.498459,1
16292,181.022222,0.894901,0.870090,0.500231,1
16293,181.033333,0.898393,0.868762,0.502076,1
16294,181.044444,0.902119,0.867494,0.504129,1
16295,181.055556,0.906189,0.866529,0.506473,1
16296,181.066667,0.910873,0.865602,0.509180,1
16297,181.077778,0.915595,0.865129,0.511901,1
16298,181.088889,0.919753,0.864730,0.514578,1
16299,181.100000,0.923643,0.864862,0.517057,1
16300,181.111111,0.927450,0.865058,0.519538,1
16301,181.122222,0.931284,0.865518,0.522348,1
16302,181.133333,0.935265,0.866278,0.525172,1
16303,181.144444,0.939071,0.867174,0.527865,1
16304,181.155556,0.942897,0.868217,0.530614,1
16305,181.166667,0.946753,0.869332,0.533410,1
16306,181.177778,0.950917,0.870668,0.536406,1
16307,181.188889,0.954887,0.871781,0.539290,1
16308,181.200000,0.958805,0.872746,0.541906,1
16309,181.211111,0.962673,0.873731,0.544734,1
16310,181.222222,0.966670,0.874515,0.547153,1
16311,181.233333,0.970543,0.875162,0.549542,1
16312,181.244444,0.974496,0.875789,0.552059,1
16313,181.255556,0.978482,0.876446,0.554615,1
16314,181.266667,0.982533,0.876771,0.557399,1
16315,181.277778,0.986664,0.877124,0.560057,1
16316,181.288889,0.990928,0.877438,0.562644,1
16317,181.300000,0.995227,0.877769,0.565299,1
16318,181.311111,0.999834,0.878160,0.567900,1
16319,181.322222,1.004559,0.878561,0.570446,1
16320,181.333333,1.009406,0.878860,0.572932,1
16321,181.344444,1.014179,0.878660,0.575773,1
16322,181.355556,1.019195,0.879004,0.578241,1
16323,181.366667,1.024223,0.879318,0.580757,1
16324,181.377778,1.029335,0.879588,0.583103,1
16325,181.388889,1.034585,0.879627,0.585378,1
16326,181.400000,1.039631,0.879591,0.587710,1
16327,181.411111,1.044764,0.879697,0.589948,1
16328,181.422222,1.049749,0.879793,0.592310,1
16329,181.433333,1.054777,0.879540,0.594548,1
16330,181.444444,1.059564,0.879274,0.596763,1
16331,181.455556,1.064589,0.878862,0.599024,1
16332,181.466667,1.069493,0.878314,0.601400,1
16333,181.477778,1.074161,0.877940,0.603796,1
16334,181.488889,1.078582,0.877700,0.605605,1
16335,181.500000,1.082847,0.878013,0.607902,1
16336,181.511111,1.087330,0.877649,0.610422,1
16337,181.522222,1.091633,0.877624,0.613208,1
16338,181.533333,1.095833,0.877105,0.615936,1
16339,181.544444,1.100540,0.876515,0.618039,1
16340,181.555556,1.104965,0.875843,0.620279,1
16341,181.566667,1.109550,0.875110,0.622457,1
16342,181.577778,1.114072,0.874009,0.624323,1
16343,181.588889,1.118211,0.873484,0.626219,1
16344,181.600000,1.122672,0.871838,0.628849,1
16345,181.611111,1.126826,0.871829,0.630955,1
16346,181.622222,1.131078,0.871984,0.633142,1
16347,181.633333,1.135379,0.872759,0.635858,1
16348,181.644444,1.139955,0.874358,0.638810,1
16349,181.655556,1.144872,0.876597,0.642019,1
16350,181.666667,1.150910,0.879653,0.644599,1
16351,181.677778,1.157509,0.882929,0.645484,1
16352,181.688889,1.163617,0.885426,0.644858,1
16353,181.700000,1.168680,0.887147,0.643320,1
16354,181.711111,1.172408,0.887649,0.643145,1
16355,181.722222,1.178940,0.886863,0.644174,1
16356,181.733333,1.183194,0.886126,0.645175,1
16357,181.744444,1.187234,0.885493,0.645863,1
16358,181.755556,1.191103,0.884885,0.646270,1
16359,181.766667,1.196072,0.884342,0.645954,1
16360,181.777778,1.200715,0.883144,0.646135,1
16361,181.788889,1.205121,0.881975,0.646473,1
16362,181.800000,1.209703,0.880708,0.646626,1
16363,181.811111,1.214113,0.879537,0.646741,1
16364,181.822222,1.218530,0.878293,0.646786,1
16365,181.833333,1.223075,0.876965,0.646893,1
16366,181.844444,1.227853,0.875596,0.646921,1
16367,181.855556,1.232829,0.874670,0.646748,1
16368,181.866667,1.238025,0.874239,0.646407,1
16369,181.877778,1.242746,0.874044,0.645716,1
16370,181.888889,1.247314,0.873493,0.644760,1
16371,181.900000,1.252546,0.872423,0.644830,1
16372,181.911111,1.257928,0.871920,0.644273,1
16373,181.922222,1.263007,0.871430,0.643617,1
16374,181.933333,1.267645,0.871434,0.642461,1
16375,181.944444,1.271715,0.871290,0.641673,1
16376,181.955556,1.276218,0.871456,0.641182,1
16377,181.966667,1.281390,0.872946,0.640720,1
16378,181.977778,1.284750,0.873762,0.640299,1
16379,181.988889,1.289212,0.874434,0.640305,1
16380,182.000000,1.293604,0.875359,0.640081,1
16381,182.011111,1.298269,0.876302,0.639362,1
16382,182.022222,1.302315,0.877157,0.638747,1
16383,182.033333,1.306886,0.878209,0.638394,1
16384,182.044444,1.311424,0.879295,0.637912,1
16385,182.055556,1.316131,0.880301,0.637665,1
16386,182.066667,1.320629,0.881339,0.637329,1
16387,182.077778,1.324588,0.882313,0.637988,1
16388,182.088889,1.333545,0.881892,0.641528,1
16389,182.100000,1.336225,0.882316,0.641321,1
16390,182.111111,1.339665,0.883242,0.641816,1
16391,182.122222,1.344066,0.884429,0.640253,1
16392,182.133333,1.348164,0.885216,0.640179,1
16393,182.144444,1.352371,0.885594,0.640517,1
16394,182.155556,1.356668,0.886040,0.640853,1
16395,182.166667,1.361064,0.886437,0.641557,1
16396,182.177778,1.365598,0.886914,0.642287,1
16397,182.188889,1.370210,0.887479,0.642956,1
16398,182.200000,1.373722,0.888719,0.642497,1
16399,182.211111,1.380648,0.888926,0.644952,1
16400,182.222222,1.383260,0.889749,0.644173,1
16401,182.233333,1.386931,0.890506,0.644126,1
16402,182.244444,1.390580,0.891204,0.643962,1
16403,182.255556,1.394221,0.891687,0.643982,1
16404,182.266667,1.397780,0.892419,0.644415,1
16405,182.277778,1.401646,0.892717,0.646611,1
16406,182.288889,1.405275,0.893032,0.647814,1
16407,182.300000,1.408792,0.893184,0.649092,1
16408,182.311111,1.412348,0.893452,0.650169,1
16409,182.322222,1.415677,0.893504,0.651368,1
16410,182.333333,1.419060,0.893504,0.652958,1
16411,182.344444,1.422415,0.893635,0.654558,1
16412,182.355556,1.425669,0.893651,0.656342,1
16413,182.366667,1.428710,0.893644,0.658159,1
16414,182.377778,1.431661,0.893740,0.659845,1
