序号,采集时间,商品ID,商品名称,位置X,位置Y,位置Z,旋转X,旋转Y,旋转Z
1,2026-08-14 21:49:56.644,1,AdGai(Clone),-1.230000,0.890000,-1.800000,359.922600,0.871446,359.761800
2,2026-08-14 21:49:56.645,2,AdGai (1)(Clone),-1.230000,0.890000,-1.960000,359.920600,359.921000,359.762400
3,2026-08-14 21:49:56.645,3,AdGai (2)(Clone),-1.350000,0.890000,-1.960000,359.920600,359.921000,359.762400
4,2026-08-14 21:49:56.645,4,AdGai (3)(Clone),-1.350000,0.890000,-1.800000,359.920600,359.921000,359.762400
5,2026-08-14 21:49:56.645,5,Aoliao_nailao(Clone),0.120000,1.270000,-1.840000,359.603800,359.762600,359.921600
6,2026-08-14 21:49:56.645,6,Aoliao_nailao (1)(Clone),0.120000,1.320000,-1.840000,0.871337,359.921400,0.078611
7,2026-08-14 21:49:56.645,7,Aoliao_nailao (2)(Clone),0.120000,1.270000,-1.800000,359.603800,359.762600,359.921600
8,2026-08-14 21:49:56.645,8,Aoliao_nailao (3)(Clone),0.120000,1.320000,-1.790000,1.346601,359.921700,0.078292
9,2026-08-14 21:49:56.645,9,Aoliao_shengri(Clone),0.570000,1.270000,-1.840000,0.237127,359.761900,359.761900
10,2026-08-14 21:49:56.645,10,Aoliao_shengri (1)(Clone),0.570000,1.320000,-1.840000,2.138666,359.919300,359.919300
11,2026-08-14 21:49:56.645,11,Aoliao_shengri (2)(Clone),0.570000,1.270000,-1.790000,0.237127,359.761900,359.761900
12,2026-08-14 21:49:56.645,12,Aoliao_shengri (3)(Clone),0.570000,1.320000,-1.790000,2.138666,359.919300,359.919300
13,2026-08-14 21:49:56.645,13,Aoliao_yuanwei(Clone),0.340000,1.270000,-1.840000,359.603900,359.921100,359.921100
14,2026-08-14 21:49:56.645,14,Aoliao_yuanwei (1)(Clone),0.340000,1.320000,-1.790000,0.237675,359.921000,0.079043
15,2026-08-14 21:49:56.645,15,Aoliao_yuanwei (2)(Clone),0.340000,1.270000,-1.790000,359.445500,359.921200,359.921200
16,2026-08-14 21:49:56.645,16,Aoliao_yuanwei (3)(Clone),0.340000,1.320000,-1.840000,0.712837,359.920300,359.920300
17,2026-08-14 21:49:56.645,17,BaiChun_caomei(Clone),0.760000,1.270000,-1.780000,359.762300,359.921000,359.921000
18,2026-08-14 21:49:56.645,18,BaiChun_caomei (1)(Clone),0.760000,1.270000,-1.900000,0.395869,359.762100,359.920000
19,2026-08-14 21:49:56.645,19,BaiChun_hongjiu(Clone),0.890000,1.270000,-1.780000,359.920600,359.762400,359.921000
20,2026-08-14 21:49:56.645,20,BaiChun_hongjiu (1)(Clone),0.890000,1.270000,-1.900000,359.762300,359.921000,359.921000
21,2026-08-14 21:49:56.645,21,BaiChun_qiaokeli(Clone),1.020000,1.270000,-1.790000,359.920600,359.762400,359.921000
22,2026-08-14 21:49:56.645,22,BaiChun_qiaokeli (1)(Clone),1.020000,1.270000,-1.900000,0.237456,359.762200,359.920300
23,2026-08-14 21:49:56.645,23,BaiChun_tilamisu(Clone),1.150000,1.270000,-1.790000,359.920600,359.762400,359.921000
24,2026-08-14 21:49:56.645,24,BaiChun_tilamisu (1)(Clone),1.160000,1.270000,-1.900000,0.395869,359.762100,359.920000
25,2026-08-14 21:49:56.645,25,BaiChun_zhenren(Clone),1.290000,1.270000,-1.790000,0.395869,359.762100,359.920000
26,2026-08-14 21:49:56.645,26,BaiChun_zhenren (1)(Clone),1.290000,1.270000,-1.900000,0.395869,359.762100,359.920000
27,2026-08-14 21:49:56.645,27,Baishi(Clone),-0.630000,1.610000,-1.770000,359.762200,359.762500,359.921300
28,2026-08-14 21:49:56.645,28,Baishi (1)(Clone),-0.630000,1.610000,-1.870000,0.237456,359.762200,359.920300
29,2026-08-14 21:49:56.645,29,Baishi (2)(Clone),-0.530000,1.610000,-1.780000,359.921300,359.762200,0.237784
30,2026-08-14 21:49:56.645,30,Baishi (3)(Clone),-0.530000,1.610000,-1.870000,0.237675,359.921000,0.079043
31,2026-08-14 21:49:56.645,31,Baixiang_laniurou(Clone),1.300000,0.160000,-1.780000,-0.000219,89.776280,359.888000
32,2026-08-14 21:49:56.645,32,Baixiang_laniurou (1)(Clone),1.300000,0.260000,-1.780000,-0.001310,89.553340,359.664000
33,2026-08-14 21:49:56.645,33,Baixiang_laomuji(Clone),1.130000,0.160000,-1.780000,-0.000219,89.776280,359.888000
34,2026-08-14 21:49:56.645,34,Baixiang_laomuji (1)(Clone),1.130000,0.260000,-1.780000,-0.001310,89.553340,359.664000
35,2026-08-14 21:49:56.645,35,Baixiang_yangrou(Clone),0.960000,0.160000,-1.780000,-0.000219,89.776280,359.888000
36,2026-08-14 21:49:56.645,36,Baixiang_yangrou (1)(Clone),0.960000,0.260000,-1.780000,-0.001310,89.553340,359.664000
37,2026-08-14 21:49:56.645,37,Baixiang_zhugu(Clone),0.780000,0.160000,-1.780000,-0.000219,89.776280,359.888000
38,2026-08-14 21:49:56.645,38,Baixiang_zhugu (1)(Clone),0.780000,0.260000,-1.780000,-0.001310,89.553340,359.664000
39,2026-08-14 21:49:56.645,39,BingHongCha(Clone),-1.210000,0.510000,-1.790000,359.920600,359.762400,359.921000
40,2026-08-14 21:49:56.645,40,BingHongCha (1)(Clone),-1.200000,0.510000,-1.890000,359.603800,359.762600,359.921600
41,2026-08-14 21:49:56.645,41,BingHongCha (2)(Clone),-1.130000,0.510000,-1.890000,359.603900,359.921100,359.921100
42,2026-08-14 21:49:56.645,42,BingHongCha (3)(Clone),-1.130000,0.510000,-1.990000,359.603800,359.762600,359.921600
43,2026-08-14 21:49:56.645,43,BingHongCha (4)(Clone),-1.130000,0.510000,-1.790000,359.445100,359.763500,359.763500
44,2026-08-14 21:49:56.645,44,BingHongCha (5)(Clone),-1.200000,0.510000,-1.990000,359.603800,359.762600,359.921600
45,2026-08-14 21:49:56.645,45,BingTangXueLi(Clone),-1.360000,0.510000,-1.790000,359.603900,359.921100,359.921100
46,2026-08-14 21:49:56.645,46,BingTangXueLi (1)(Clone),-1.360000,0.510000,-1.890000,359.604000,359.920500,0.079482
47,2026-08-14 21:49:56.645,47,BingTangXueLi (2)(Clone),-1.280000,0.510000,-1.890000,359.603800,359.762600,359.921600
48,2026-08-14 21:49:56.645,48,BingTangXueLi (3)(Clone),-1.280000,0.510000,-1.990000,359.762200,359.762500,359.921300
49,2026-08-14 21:49:56.645,49,BingTangXueLi (4)(Clone),-1.280000,0.510000,-1.790000,359.603900,359.921100,359.921100
50,2026-08-14 21:49:56.645,50,BingTangXueLi (5)(Clone),-1.360000,0.510000,-1.990000,359.762200,359.762500,359.921300
51,2026-08-14 21:49:56.645,51,DaJiao(Clone),-0.220000,0.160000,-1.720000,0.712810,359.920300,359.920300
52,2026-08-14 21:49:56.645,52,DaJiao (1)(Clone),-0.220000,0.160000,-1.960000,0.712699,359.761900,359.919300
53,2026-08-14 21:49:56.645,53,DaJiao (2)(Clone),-0.100000,0.160000,-1.720000,359.446000,359.918100,0.554852
54,2026-08-14 21:49:56.645,54,DaJiao (3)(Clone),-0.100000,0.160000,-1.960000,359.604200,359.919400,0.396315
55,2026-08-14 21:49:56.645,55,DaJiao_Hong(Clone),-0.440000,0.160000,-1.710000,359.462200,355.323500,0.418331
56,2026-08-14 21:49:56.645,56,DaJiao_Hong (1)(Clone),-0.340000,0.160000,-1.950000,359.620500,355.324100,0.411863
57,2026-08-14 21:49:56.645,57,DaJiao_Hong (2)(Clone),-0.340000,0.160000,-1.710000,358.961700,355.485600,359.803100
58,2026-08-14 21:49:56.645,58,DaJiao_Hong (3)(Clone),-0.440000,0.160000,-1.950000,359.620500,355.324100,0.411863
59,2026-08-14 21:49:56.645,59,DaJiao_lv(Clone),-0.660000,0.160000,-1.710000,359.922500,357.544300,0.080886
60,2026-08-14 21:49:56.645,60,DaJiao_lv (1)(Clone),-0.560000,0.160000,-1.940000,359.605900,357.385600,0.088221
61,2026-08-14 21:49:56.645,61,DaJiao_lv (2)(Clone),-0.560000,0.160000,-1.700000,0.872780,357.544800,0.060524
62,2026-08-14 21:49:56.645,62,DaJiao_lv (3)(Clone),-0.660000,0.160000,-1.940000,359.764300,357.385800,0.084607
63,2026-08-14 21:49:56.645,63,DongFangBaicha(Clone),-1.330000,1.270000,-1.770000,359.921300,0.712930,359.920300
64,2026-08-14 21:49:56.645,64,DongFangBaicha (1)(Clone),-1.320000,1.270000,-1.890000,0.078712,0.712916,0.079698
65,2026-08-14 21:49:56.645,65,DongFangBaicha (2)(Clone),-1.220000,1.270000,-1.770000,0.079807,0.871229,359.921400
66,2026-08-14 21:49:56.645,66,DongFangBaicha (3)(Clone),-1.220000,1.270000,-1.890000,359.761900,0.712706,0.077727
67,2026-08-14 21:49:56.645,67,DongFangPuer(Clone),-1.120000,1.270000,-1.780000,0.237784,359.762500,0.078714
68,2026-08-14 21:49:56.645,68,DongFangPuer (1)(Clone),-1.010000,1.270000,-1.900000,359.920600,359.921000,359.762400
69,2026-08-14 21:49:56.645,69,DongFangPuer (2)(Clone),-1.010000,1.270000,-1.780000,0.079699,359.762500,0.237456
70,2026-08-14 21:49:56.645,70,DongFangPuer (3)(Clone),-1.110000,1.270000,-1.900000,0.079699,359.762500,0.237456
71,2026-08-14 21:49:56.645,71,DongFangWulong(Clone),-0.910000,1.270000,-1.770000,359.920600,359.921000,359.762400
72,2026-08-14 21:49:56.645,72,DongFangWulong (1)(Clone),-0.910000,1.270000,-1.890000,0.079042,359.920600,359.762300
73,2026-08-14 21:49:56.645,73,DongFangWulong (2)(Clone),-0.810000,1.270000,-1.780000,0.079042,359.920600,359.762300
74,2026-08-14 21:49:56.645,74,DongFangWulong (3)(Clone),-0.810000,1.270000,-1.900000,0.079042,359.920600,359.762300
75,2026-08-14 21:49:56.645,75,DongPeng(Clone),-0.440000,0.510000,-1.780000,359.761900,359.762900,359.762900
76,2026-08-14 21:49:56.645,76,DongPeng (1)(Clone),-0.440000,0.510000,-1.910000,359.761900,359.762900,359.762900
77,2026-08-14 21:49:56.645,77,DongPeng (2)(Clone),-0.320000,0.510000,-1.780000,359.761900,359.762900,359.762900
78,2026-08-14 21:49:56.645,78,DongPeng (3)(Clone),-0.320000,0.510000,-1.910000,359.761900,359.762900,359.762900
79,2026-08-14 21:49:56.645,79,DouNai(Clone),-0.910000,0.890000,-1.770000,0.079807,359.921400,0.871228
80,2026-08-14 21:49:56.645,80,DouNai (1)(Clone),-0.810000,0.890000,-1.920000,359.287600,359.916400,0.713399
81,2026-08-14 21:49:56.645,81,DouNai (2)(Clone),-0.810000,0.890000,-1.770000,359.603100,359.763700,359.604800
82,2026-08-14 21:49:56.645,82,DouNai (3)(Clone),-0.910000,0.890000,-1.930000,359.603800,359.762600,359.921600
83,2026-08-14 21:49:56.645,83,Fenda(Clone),-0.420000,1.610000,-1.780000,359.920400,359.921200,359.445600
84,2026-08-14 21:49:56.645,84,FenDa (1)(Clone),-0.330000,1.610000,-1.870000,359.761900,359.922300,359.287300
85,2026-08-14 21:49:56.645,85,FenDa (2)(Clone),-0.330000,1.610000,-1.780000,359.921000,359.762400,0.079371
86,2026-08-14 21:49:56.645,86,FenDa (3)(Clone),-0.420000,1.610000,-1.880000,359.921000,359.762300,0.079371
87,2026-08-14 21:49:56.645,87,HaerBin(Clone),-1.140000,0.160000,-1.710000,359.439000,3.246870,0.221820
88,2026-08-14 21:49:56.645,88,HaerBin (1)(Clone),-1.140000,0.160000,-1.910000,0.560960,3.246870,359.778200
89,2026-08-14 21:49:56.645,89,HaerBin (2)(Clone),-1.020000,0.160000,-1.710000,0.109773,3.405546,358.973100
90,2026-08-14 21:49:56.645,90,HaerBin (3)(Clone),-1.020000,0.160000,-1.910000,0.560960,3.246870,359.778200
91,2026-08-14 21:49:56.645,91,haoliyou_caomei(Clone),0.820000,0.890000,-1.790000,0.079261,180.079100,359.920800
92,2026-08-14 21:49:56.645,92,haoliyou_caomei (1)(Clone),0.820000,0.890000,-1.920000,0.079261,180.079100,359.920800
93,2026-08-14 21:49:56.645,93,haoliyou_mocha(Clone),1.020000,0.890000,-1.790000,0.079261,180.079100,359.920800
94,2026-08-14 21:49:56.645,94,haoliyou_mocha (1)(Clone),1.020000,0.890000,-1.920000,0.079261,180.079100,359.920800
95,2026-08-14 21:49:56.645,95,haoliyou_yuanwei(Clone),1.250000,0.890000,-1.800000,0.079261,180.079100,359.920800
96,2026-08-14 21:49:56.645,96,haoliyou_yuanwei (1)(Clone),1.250000,0.890000,-1.920000,0.079261,180.079100,359.920800
97,2026-08-14 21:49:56.645,97,HongNiu(Clone),-1.350000,1.610000,-1.770000,0.079042,359.920600,359.762300
98,2026-08-14 21:49:56.645,98,HongNiu (1)(Clone),-1.350000,1.610000,-1.880000,0.078714,359.762200,359.762200
99,2026-08-14 21:49:56.645,99,HongNiu (2)(Clone),-1.230000,1.610000,-1.770000,0.079042,359.920600,359.762300
100,2026-08-14 21:49:56.645,100,HongNiu (3)(Clone),-1.230000,1.610000,-1.880000,0.079042,359.920600,359.762300
101,2026-08-14 21:49:56.645,101,Kele(Clone),-0.220000,1.610000,-1.780000,0.079042,359.762300,359.920600
102,2026-08-14 21:49:56.645,102,Kele (1)(Clone),-0.120000,1.610000,-1.870000,0.079371,359.762400,0.079042
103,2026-08-14 21:49:56.645,103,Kele (2)(Clone),-0.120000,1.610000,-1.780000,359.762200,359.762500,359.921300
104,2026-08-14 21:49:56.645,104,Kele (3)(Clone),-0.220000,1.610000,-1.870000,359.762300,359.921000,359.921000
105,2026-08-14 21:49:56.645,105,KeleP1(Clone),-0.210000,1.270000,-1.780000,359.907000,92.435840,359.101700
106,2026-08-14 21:49:56.645,106,KeleP1 (1)(Clone),-0.100000,1.270000,-1.860000,359.909600,92.214490,358.877900
107,2026-08-14 21:49:56.645,107,KeleP1 (2)(Clone),-0.100000,1.270000,-1.780000,0.212067,92.438060,0.564719
108,2026-08-14 21:49:56.645,108,KeleP1 (3)(Clone),-0.210000,1.270000,-1.860000,0.007149,92.438060,359.664000
109,2026-08-14 21:49:56.645,109,KeleP2(Clone),-0.410000,1.270000,-1.770000,359.335200,92.438200,359.649700
110,2026-08-14 21:49:56.645,110,KeleP2 (1)(Clone),-0.300000,1.270000,-1.860000,359.343200,92.219000,359.203000
111,2026-08-14 21:49:56.645,111,KeleP2 (2)(Clone),-0.300000,1.270000,-1.770000,359.897600,92.438040,359.549700
112,2026-08-14 21:49:56.645,112,KeleP2 (3)(Clone),-0.410000,1.270000,-1.860000,359.335200,92.438200,359.649700
113,2026-08-14 21:49:56.645,113,KeleP4(Clone),-0.640000,1.270000,-1.780000,359.892300,92.218870,359.773800
114,2026-08-14 21:49:56.645,114,KeleP4 (1)(Clone),-0.640000,1.270000,-1.860000,0.331204,92.438510,0.231131
115,2026-08-14 21:49:56.645,115,KeleP4 (2)(Clone),-0.520000,1.270000,-1.780000,0.121519,92.437030,359.554400
116,2026-08-14 21:49:56.645,116,KeleP4 (3)(Clone),-0.520000,1.270000,-1.860000,0.331204,92.438510,0.231131
117,2026-08-14 21:49:56.645,117,LeShi_heijiao(Clone),0.090000,1.610000,-1.780000,359.157600,298.011900,359.674400
118,2026-08-14 21:49:56.645,118,LeShi_heijiao (1)(Clone),0.090000,1.610000,-1.890000,359.131200,297.822800,0.246411
119,2026-08-14 21:49:56.645,119,LeShi_huanggua(Clone),0.600000,1.610000,-1.770000,359.077300,297.820200,0.463899
120,2026-08-14 21:49:56.645,120,LeShi_huanggua (1)(Clone),0.600000,1.610000,-1.890000,359.131200,297.822800,0.246411
121,2026-08-14 21:49:56.645,121,LeShi_kaorou(Clone),0.230000,1.610000,-1.780000,359.157100,297.827000,359.675800
122,2026-08-14 21:49:56.645,122,LeShi_kaorou (1)(Clone),0.230000,1.610000,-1.900000,359.213000,297.822100,0.382078
123,2026-08-14 21:49:56.645,123,LeShi_qingning(Clone),0.480000,1.610000,-1.780000,359.239200,298.011300,359.810200
124,2026-08-14 21:49:56.645,124,LeShi_qingning (1)(Clone),0.480000,1.610000,-1.890000,359.238900,297.826400,359.811500
125,2026-08-14 21:49:56.645,125,LeShi_tudou(Clone),0.360000,1.610000,-1.770000,359.320800,298.010800,359.946000
126,2026-08-14 21:49:56.645,126,LeShi_tudou (1)(Clone),0.360000,1.610000,-1.890000,359.293400,298.012400,359.592800
127,2026-08-14 21:49:56.645,127,LeShiD_huanggua(Clone),1.010000,1.610000,-1.800000,359.922200,1.980323,359.919400
128,2026-08-14 21:49:56.645,128,LeShiD_huanggua(Clone),1.010000,1.640000,-1.950000,270.113600,1.456119,0.000000
129,2026-08-14 21:49:56.645,129,LeShiD_qingning(Clone),1.240000,1.610000,-1.800000,359.921800,1.505027,359.919800
130,2026-08-14 21:49:56.645,130,LeShiD_qingning(Clone),1.220000,1.640000,-1.960000,270.000000,1.904083,0.000000
131,2026-08-14 21:49:56.645,131,LeShiD_yuanwei(Clone),0.820000,1.610000,-1.800000,359.922200,1.980323,359.919400
132,2026-08-14 21:49:56.645,132,LeShiD_yuanwei (1)(Clone),0.810000,1.640000,-1.960000,270.019800,2.128044,0.000000
133,2026-08-14 21:49:56.645,133,Liziyuan(Clone),-1.130000,0.890000,-1.790000,359.135400,55.812850,359.093900
134,2026-08-14 21:49:56.645,134,Liziyuan (1)(Clone),-1.130000,0.890000,-1.940000,359.201200,55.809840,359.308100
135,2026-08-14 21:49:56.645,135,Liziyuan (2)(Clone),-1.010000,0.890000,-1.790000,359.266300,55.628080,359.523400
136,2026-08-14 21:49:56.645,136,Liziyuan (3)(Clone),-1.010000,0.890000,-1.940000,359.200100,55.630650,359.309300
137,2026-08-14 21:49:56.645,137,MeiZhiYuan(Clone),-0.210000,0.510000,-1.800000,0.210340,151.100700,359.864000
138,2026-08-14 21:49:56.645,138,MeiZhiYuan (1)(Clone),-0.210000,0.510000,-1.940000,0.249868,151.101000,0.017409
139,2026-08-14 21:49:56.645,139,MeiZhiYuan (2)(Clone),-0.100000,0.510000,-1.800000,0.328462,151.265300,0.324687
140,2026-08-14 21:49:56.645,140,MeiZhiYuan (3)(Clone),-0.100000,0.510000,-1.940000,0.635382,151.265400,0.246073
141,2026-08-14 21:49:56.645,141,NingMeng(Clone),-0.650000,0.510000,-1.780000,0.237784,359.921300,0.237458
142,2026-08-14 21:49:56.645,142,NingMeng (1)(Clone),-0.550000,0.510000,-1.910000,0.079261,359.920800,0.079152
143,2026-08-14 21:49:56.645,143,NingMeng (2)(Clone),-0.550000,0.510000,-1.780000,359.920800,359.920700,0.079262
144,2026-08-14 21:49:56.645,144,NingMeng (3)(Clone),-0.650000,0.510000,-1.910000,0.079261,359.920800,0.079152
145,2026-08-14 21:49:56.645,145,Qdi_caomei(Clone),0.350000,0.890000,-1.800000,359.920600,359.762400,359.921000
146,2026-08-14 21:49:56.645,146,Qdi_caomei (1)(Clone),0.350000,0.890000,-1.940000,359.920600,359.762400,359.921000
147,2026-08-14 21:49:56.645,147,Qdi_moka(Clone),0.560000,0.890000,-1.800000,0.079042,359.762300,359.920600
148,2026-08-14 21:49:56.645,148,Qdi_moka (1)(Clone),0.560000,0.890000,-1.940000,359.762200,359.762500,359.921300
149,2026-08-14 21:49:56.645,149,Qdi_zhenzi(Clone),0.100000,0.890000,-1.810000,359.920600,359.762400,359.921000
150,2026-08-14 21:49:56.645,150,Qdi_zhenzi (1)(Clone),0.100000,0.890000,-1.950000,359.762200,359.762500,359.921300
151,2026-08-14 21:49:56.646,151,QingDao(Clone),-1.360000,0.160000,-1.700000,359.604500,0.081670,359.286800
152,2026-08-14 21:49:56.646,152,QingDao (1)(Clone),-1.360000,0.160000,-1.900000,359.604500,0.081670,359.286800
153,2026-08-14 21:49:56.646,153,QingDao (2)(Clone),-1.250000,0.160000,-1.700000,359.129200,0.239447,359.760600
154,2026-08-14 21:49:56.646,154,QingDao (3)(Clone),-1.250000,0.160000,-1.900000,359.762800,0.080356,359.445400
155,2026-08-14 21:49:56.646,155,Qixi(Clone),-1.130000,1.610000,-1.770000,359.832900,30.374330,359.708400
156,2026-08-14 21:49:56.646,156,Qixi (1)(Clone),-1.130000,1.610000,-1.860000,359.902900,30.209630,0.055830
157,2026-08-14 21:49:56.646,157,Qixi (2)(Clone),-1.020000,1.610000,-1.770000,0.221688,30.373130,359.485700
158,2026-08-14 21:49:56.646,158,Qixi (3)(Clone),-1.020000,1.610000,-1.860000,0.055830,30.209720,0.097110
159,2026-08-14 21:49:56.646,159,ShaoXianCao(Clone),-0.410000,0.890000,-1.800000,359.920300,359.762500,359.762500
160,2026-08-14 21:49:56.646,160,ShaoXianCao (1)(Clone),-0.410000,0.890000,-1.920000,359.920600,359.762400,359.921000
161,2026-08-14 21:49:56.646,161,ShaoXianCao (2)(Clone),-0.320000,0.890000,-1.800000,359.920700,359.920800,359.920800
162,2026-08-14 21:49:56.646,162,ShaoXianCao (3)(Clone),-0.310000,0.890000,-1.920000,359.762100,359.921600,359.604100
163,2026-08-14 21:49:56.646,163,SuanMeiTang(Clone),-0.880000,0.510000,-1.780000,359.762200,359.762500,359.921300
164,2026-08-14 21:49:56.646,164,SuanMeiTang (1)(Clone),-0.880000,0.510000,-1.890000,359.920600,359.762400,359.921000
165,2026-08-14 21:49:56.646,165,SuanMeiTang (2)(Clone),-0.800000,0.510000,-1.890000,359.762300,359.921000,359.921000
166,2026-08-14 21:49:56.646,166,SuanMeiTang (3)(Clone),-0.800000,0.510000,-1.980000,359.762200,359.762500,359.921300
167,2026-08-14 21:49:56.646,167,SuanMeiTang (4)(Clone),-0.800000,0.510000,-1.780000,359.603900,359.921100,359.921100
168,2026-08-14 21:49:56.646,168,SuanMeiTang (5)(Clone),-0.880000,0.510000,-1.980000,359.603800,359.762600,359.921600
169,2026-08-14 21:49:56.646,169,TaiPing_congxiang(Clone),0.850000,0.510000,-1.790000,1.189231,1.821304,359.939700
170,2026-08-14 21:49:56.646,170,TaiPing_congxiang (1)(Clone),0.850000,0.510000,-1.950000,1.189231,1.821304,359.939700
171,2026-08-14 21:49:56.646,171,TaiPing_heihujiao(Clone),0.160000,0.510000,-1.780000,1.189230,1.821304,359.939700
172,2026-08-14 21:49:56.646,172,TaiPing_heihujiao (1)(Clone),0.160000,0.510000,-1.910000,1.347635,1.821280,359.942200
173,2026-08-14 21:49:56.646,173,TaiPing_naiyan(Clone),0.490000,0.510000,-1.790000,1.347635,1.821279,359.942200
174,2026-08-14 21:49:56.646,174,TaiPing_naiyan (1)(Clone),0.490000,0.510000,-1.920000,1.347635,1.821279,359.942200
175,2026-08-14 21:49:56.646,175,TaiPing_ouqin(Clone),1.190000,0.510000,-1.790000,1.189230,1.821304,359.939700
176,2026-08-14 21:49:56.646,176,TaiPing_ouqin (1)(Clone),1.190000,0.510000,-1.950000,1.189231,1.821304,359.939700
177,2026-08-14 21:49:56.646,177,Tangdaren_haixian(Clone),0.600000,0.160000,-1.800000,0.078933,359.920500,359.603900
178,2026-08-14 21:49:56.646,178,Tangdaren_haixian (1)(Clone),0.600000,0.290000,-1.790000,0.553624,359.760500,359.602800
179,2026-08-14 21:49:56.646,179,Tangdaren_laniurou(Clone),0.080000,0.160000,-1.780000,359.762000,359.921900,359.445700
180,2026-08-14 21:49:56.646,180,Tangdaren_laniurou (1)(Clone),0.080000,0.290000,-1.780000,0.076739,359.761600,358.811700
181,2026-08-14 21:49:56.646,181,Tangdaren_luosong(Clone),0.250000,0.160000,-1.780000,0.713028,359.762800,0.077733
182,2026-08-14 21:49:56.646,182,Tangdaren_luosong (1)(Clone),0.250000,0.290000,-1.780000,1.662011,359.598100,359.598100
183,2026-08-14 21:49:56.646,183,Tangdaren_rishi(Clone),0.430000,0.160000,-1.790000,359.762000,359.921900,359.445700
184,2026-08-14 21:49:56.646,184,Tangdaren_rishi (1)(Clone),0.430000,0.290000,-1.790000,0.076739,359.761600,358.811700
185,2026-08-14 21:49:56.646,185,WaiXingRen(Clone),-0.640000,0.890000,-1.800000,359.888900,90.223120,359.551700
186,2026-08-14 21:49:56.646,186,WaiXingRen(Clone),-0.530000,0.890000,-1.940000,0.000655,90.223280,359.663900
187,2026-08-14 21:49:56.646,187,WaiXingRen (1)(Clone),-0.640000,0.890000,-1.940000,0.000655,90.223280,359.663900
188,2026-08-14 21:49:56.646,188,WaiXingRen (2)(Clone),-0.530000,0.890000,-1.800000,0.000437,90.447100,359.888000
189,2026-08-14 21:49:56.646,189,XianGuoCheng(Clone),-1.040000,0.510000,-1.790000,0.079152,359.920700,359.920700
190,2026-08-14 21:49:56.646,190,XianGuoCheng (1)(Clone),-1.040000,0.510000,-1.890000,0.237455,359.762200,359.920300
191,2026-08-14 21:49:56.646,191,XianGuoCheng (2)(Clone),-0.970000,0.510000,-1.890000,0.237455,359.762200,359.920300
192,2026-08-14 21:49:56.646,192,XianGuoCheng (3)(Clone),-0.970000,0.510000,-1.990000,0.237455,359.762200,359.920300
193,2026-08-14 21:49:56.646,193,XianGuoCheng (4)(Clone),-0.970000,0.510000,-1.790000,0.079152,359.920700,359.920700
194,2026-08-14 21:49:56.646,194,XianGuoCheng (5)(Clone),-1.040000,0.510000,-1.990000,0.237455,359.762200,359.920300
195,2026-08-14 21:49:56.646,195,Xuebi(Clone),-0.910000,1.610000,-1.770000,359.920600,359.762400,359.921000
196,2026-08-14 21:49:56.646,196,Xuebi (1)(Clone),-0.810000,1.610000,-1.880000,359.921000,359.762300,0.079371
197,2026-08-14 21:49:56.646,197,Xuebi (2)(Clone),-0.810000,1.610000,-1.770000,0.238112,359.762900,0.237129
198,2026-08-14 21:49:56.646,198,Xuebi (3)(Clone),-0.910000,1.610000,-1.880000,359.762200,359.921300,359.762500
199,2026-08-14 21:49:56.646,199,XueHua(Clone),-0.920000,0.160000,-1.710000,0.093674,352.946300,0.232298
200,2026-08-14 21:49:56.646,200,XueHua (1)(Clone),-0.920000,0.160000,-1.920000,359.619700,352.786500,0.262065
201,2026-08-14 21:49:56.646,201,XueHua (2)(Clone),-0.810000,0.160000,-1.710000,359.935900,352.787300,0.242132
202,2026-08-14 21:49:56.646,202,XueHua (3)(Clone),-0.810000,0.160000,-1.920000,0.093674,352.946300,0.232298
203,2026-08-14 21:49:56.646,203,YeZiZhi(Clone),-0.210000,0.890000,-1.810000,0.078714,359.762200,359.762200
204,2026-08-14 21:49:56.646,204,YeZiZhi (1)(Clone),-0.210000,0.890000,-1.930000,359.920000,359.762700,359.604100
205,2026-08-14 21:49:56.646,205,YeZiZhi (2)(Clone),-0.100000,0.890000,-1.810000,359.762300,359.921000,359.921000
206,2026-08-14 21:49:56.646,206,YeZiZhi (3)(Clone),-0.100000,0.890000,-1.930000,359.762300,359.921000,359.921000
207,2026-08-14 21:50:14.839,17,BaiChun_caomei(Clone),0.760000,1.270000,-1.780000,0.634708,-0.001055,-0.001055
208,2026-08-14 21:50:14.899,17,BaiChun_caomei(Clone),0.751763,1.278237,-1.781763,359.318400,8.485746,359.552300
209,2026-08-14 21:50:14.953,17,BaiChun_caomei(Clone),0.740000,1.290000,-1.770000,0.550933,8.285551,358.309400
210,2026-08-14 21:50:15.136,17,BaiChun_caomei(Clone),0.740000,1.290000,-1.770000,2.689600,6.810590,355.964700
211,2026-08-14 21:50:15.187,17,BaiChun_caomei(Clone),0.740000,1.299417,-1.770000,4.412619,6.790646,357.089500
212,2026-08-14 21:50:15.308,17,BaiChun_caomei(Clone),0.730000,1.310000,-1.777017,8.615060,6.591919,357.170300
213,2026-08-14 21:50:15.369,17,BaiChun_caomei(Clone),0.730000,1.310000,-1.770000,6.742661,7.096906,0.593038
214,2026-08-14 21:50:15.422,17,BaiChun_caomei(Clone),0.730000,1.330000,-1.742996,3.624452,6.794839,5.043797
215,2026-08-14 21:50:15.476,17,BaiChun_caomei(Clone),0.730000,1.340816,-1.719184,0.806136,6.488911,8.938587
216,2026-08-14 21:50:15.542,17,BaiChun_caomei(Clone),0.720000,1.370201,-1.679699,359.306100,5.569488,12.315380
217,2026-08-14 21:50:15.605,17,BaiChun_caomei(Clone),0.720000,1.409775,-1.631828,352.885600,3.082317,18.013490
218,2026-08-14 21:50:15.720,17,BaiChun_caomei(Clone),0.709441,1.400000,-1.620000,350.534700,3.376087,18.167260
219,2026-08-14 21:50:15.772,17,BaiChun_caomei(Clone),0.700000,1.439631,-1.570369,345.547700,1.721419,22.637250
220,2026-08-14 21:50:15.823,17,BaiChun_caomei(Clone),0.688640,1.445578,-1.545819,342.474700,2.473119,24.567170
221,2026-08-14 21:50:15.876,17,BaiChun_caomei(Clone),0.684313,1.447843,-1.536470,341.298400,2.733990,25.299620
222,2026-08-14 21:50:15.949,17,BaiChun_caomei(Clone),0.658839,1.440000,-1.520000,337.831600,6.912920,24.008540
223,2026-08-14 21:50:16.012,17,BaiChun_caomei(Clone),0.603954,1.440000,-1.477907,342.800400,10.740780,19.652460
224,2026-08-14 21:50:16.070,17,BaiChun_caomei(Clone),0.575901,1.450000,-1.444099,342.343500,15.337290,21.292410
225,2026-08-14 21:50:16.121,17,BaiChun_caomei(Clone),0.569746,1.450000,-1.450000,341.913300,17.623110,22.922910
226,2026-08-14 21:50:16.175,17,BaiChun_caomei(Clone),0.490000,1.440000,-1.401394,344.724900,21.887820,19.312150
227,2026-08-14 21:50:16.248,17,BaiChun_caomei(Clone),0.457166,1.440000,-1.367166,344.418300,28.351780,19.432370
228,2026-08-14 21:50:16.303,17,BaiChun_caomei(Clone),0.420765,1.435191,-1.350765,346.620500,34.397910,17.844610
229,2026-08-14 21:50:16.353,17,BaiChun_caomei(Clone),0.380000,1.440000,-1.300000,347.585600,36.271650,17.433870
230,2026-08-14 21:50:16.421,17,BaiChun_caomei(Clone),0.380000,1.440000,-1.300000,346.974900,36.315000,18.234640
231,2026-08-14 21:50:16.485,17,BaiChun_caomei(Clone),0.297410,1.434567,-1.251121,344.446400,42.212590,17.512540
232,2026-08-14 21:50:16.542,17,BaiChun_caomei(Clone),0.290457,1.432614,-1.247843,344.285000,42.672040,17.358020
233,2026-08-14 21:50:16.600,17,BaiChun_caomei(Clone),0.251550,1.440000,-1.205399,343.599500,49.085710,17.727550
234,2026-08-14 21:50:16.652,17,BaiChun_caomei(Clone),0.240000,1.440000,-1.190000,343.356500,49.812610,18.114760
235,2026-08-14 21:50:16.706,17,BaiChun_caomei(Clone),0.175580,1.440000,-1.142790,343.935700,56.141140,19.371590
236,2026-08-14 21:50:16.776,17,BaiChun_caomei(Clone),0.150000,1.440000,-1.110000,343.786000,60.241400,19.686830
237,2026-08-14 21:50:16.835,17,BaiChun_caomei(Clone),0.133055,1.440000,-1.096110,344.011600,61.931610,19.647870
238,2026-08-14 21:50:16.910,17,BaiChun_caomei(Clone),0.070000,1.420000,-1.020000,343.731800,62.697800,18.503320
239,2026-08-14 21:50:16.975,17,BaiChun_caomei(Clone),0.060122,1.420000,-1.010122,343.569600,66.171340,16.826700
240,2026-08-14 21:50:17.041,17,BaiChun_caomei(Clone),0.017205,1.420000,-0.960000,343.095000,70.467350,18.267940
241,2026-08-14 21:50:17.093,17,BaiChun_caomei(Clone),-0.020000,1.415823,-0.910000,340.412400,72.901900,21.235050
242,2026-08-14 21:50:17.156,17,BaiChun_caomei(Clone),-0.031790,1.420000,-0.881049,339.207800,74.083340,20.605060
243,2026-08-14 21:50:17.210,17,BaiChun_caomei(Clone),-0.050818,1.420000,-0.830000,336.050300,76.788640,23.985030
244,2026-08-14 21:50:17.261,17,BaiChun_caomei(Clone),-0.060559,1.410000,-0.828323,336.579300,77.769370,23.252420
245,2026-08-14 21:50:17.313,17,BaiChun_caomei(Clone),-0.090000,1.400000,-0.770000,337.836700,79.589640,22.902060
246,2026-08-14 21:50:17.380,17,BaiChun_caomei(Clone),-0.090000,1.400000,-0.770000,336.984500,83.476310,22.719230
247,2026-08-14 21:50:17.429,17,BaiChun_caomei(Clone),-0.110000,1.400000,-0.720000,335.090100,87.964780,23.164440
248,2026-08-14 21:50:17.494,17,BaiChun_caomei(Clone),-0.115301,1.384699,-0.674096,334.315900,92.099480,24.043860
249,2026-08-14 21:50:17.563,17,BaiChun_caomei(Clone),-0.120778,1.400000,-0.639222,332.637000,101.515300,26.916070
250,2026-08-14 21:50:17.616,17,BaiChun_caomei(Clone),-0.119363,1.390000,-0.568088,331.121700,110.284100,23.143010
251,2026-08-14 21:50:17.669,17,BaiChun_caomei(Clone),-0.109850,1.400000,-0.539850,330.954500,115.050800,20.153560
252,2026-08-14 21:50:17.736,17,BaiChun_caomei(Clone),-0.108237,1.410000,-0.520000,332.751100,118.391300,19.600670
253,2026-08-14 21:50:17.803,17,BaiChun_caomei(Clone),-0.090000,1.402871,-0.467129,335.421600,124.762700,20.374770
254,2026-08-14 21:50:17.868,17,BaiChun_caomei(Clone),-0.070000,1.388104,-0.386207,336.436900,132.165600,19.041890
255,2026-08-14 21:50:17.927,17,BaiChun_caomei(Clone),-0.069810,1.409783,-0.359993,336.829500,134.971100,23.423140
256,2026-08-14 21:50:17.978,17,BaiChun_caomei(Clone),-0.060000,1.410000,-0.340930,336.282900,139.064900,22.830470
257,2026-08-14 21:50:18.038,17,BaiChun_caomei(Clone),-0.031629,1.400000,-0.280000,332.556000,146.395100,22.771240
258,2026-08-14 21:50:18.099,17,BaiChun_caomei(Clone),-0.040000,1.400000,-0.280000,331.702300,147.646300,23.084310
259,2026-08-14 21:50:18.152,17,BaiChun_caomei(Clone),-0.022303,1.410000,-0.234607,333.762800,152.314700,22.468250
260,2026-08-14 21:50:18.213,17,BaiChun_caomei(Clone),-0.020000,1.420000,-0.230000,333.649900,152.127800,21.786920
261,2026-08-14 21:50:18.268,17,BaiChun_caomei(Clone),-0.025891,1.400000,-0.164110,335.750000,153.384300,24.600320
262,2026-08-14 21:50:18.327,17,BaiChun_caomei(Clone),-0.029867,1.409677,-0.131103,337.830200,156.321000,24.942930
263,2026-08-14 21:50:18.393,17,BaiChun_caomei(Clone),-0.020000,1.420000,-0.080000,339.121200,153.982900,25.126220
264,2026-08-14 21:50:18.453,17,BaiChun_caomei(Clone),-0.027721,1.412279,-0.072279,337.640200,155.099900,25.212400
265,2026-08-14 21:50:18.506,17,BaiChun_caomei(Clone),-0.039517,1.420000,-0.030483,337.029300,156.247900,26.378700
266,2026-08-14 21:50:18.614,17,BaiChun_caomei(Clone),-0.040000,1.420000,-0.020000,335.080000,156.699300,25.426070
267,2026-08-14 21:50:18.677,17,BaiChun_caomei(Clone),-0.040000,1.420000,-0.020000,335.674000,156.736700,23.655210
268,2026-08-14 21:50:18.730,17,BaiChun_caomei(Clone),-0.050877,1.409123,0.001315,334.564700,157.581300,22.274620
269,2026-08-14 21:50:18.790,17,BaiChun_caomei(Clone),-0.077809,1.390000,0.040000,332.844500,157.881200,21.929990
270,2026-08-14 21:50:18.847,17,BaiChun_caomei(Clone),-0.097322,1.390000,0.047322,334.513900,157.894100,23.695440
271,2026-08-14 21:50:18.911,17,BaiChun_caomei(Clone),-0.110000,1.390000,0.060000,336.717700,158.004800,22.799860
272,2026-08-14 21:50:18.966,17,BaiChun_caomei(Clone),-0.119569,1.380431,0.079137,335.597000,159.456900,21.470220
273,2026-08-14 21:50:19.031,17,BaiChun_caomei(Clone),-0.150000,1.370000,0.110000,332.423100,161.935200,21.087110
274,2026-08-14 21:50:19.086,17,BaiChun_caomei(Clone),-0.160000,1.380000,0.120000,331.900100,162.372000,22.561590
275,2026-08-14 21:50:19.151,17,BaiChun_caomei(Clone),-0.170000,1.370000,0.147081,332.810800,165.752600,19.832800
276,2026-08-14 21:50:19.214,17,BaiChun_caomei(Clone),-0.180000,1.370316,0.160000,331.856500,166.656700,20.947430
277,2026-08-14 21:50:19.283,17,BaiChun_caomei(Clone),-0.194429,1.380000,0.184429,329.141700,167.267400,22.632500
278,2026-08-14 21:50:19.340,17,BaiChun_caomei(Clone),-0.200000,1.370818,0.199182,327.128800,171.149100,21.162500
279,2026-08-14 21:50:19.394,17,BaiChun_caomei(Clone),-0.210000,1.363687,0.226313,325.868900,173.643100,19.988770
280,2026-08-14 21:50:19.459,17,BaiChun_caomei(Clone),-0.210000,1.360000,0.233040,324.579700,174.626800,19.399120
281,2026-08-14 21:50:19.531,17,BaiChun_caomei(Clone),-0.220000,1.350000,0.282261,322.784600,174.750200,20.298860
282,2026-08-14 21:50:19.594,17,BaiChun_caomei(Clone),-0.221579,1.350000,0.301579,323.530300,174.310600,20.095490
283,2026-08-14 21:50:19.663,17,BaiChun_caomei(Clone),-0.240762,1.349238,0.362285,325.436500,173.166300,21.424700
284,2026-08-14 21:50:19.715,17,BaiChun_caomei(Clone),-0.250000,1.347370,0.400000,326.771300,170.964200,23.907550
285,2026-08-14 21:50:19.786,17,BaiChun_caomei(Clone),-0.260000,1.360000,0.444341,328.274700,168.690900,25.646990
286,2026-08-14 21:50:20.161,17,BaiChun_caomei(Clone),-0.260000,1.378076,0.440000,329.802800,167.565200,24.553980
287,2026-08-14 21:50:20.213,17,BaiChun_caomei(Clone),-0.340000,1.340000,0.590000,321.857300,171.006900,21.598300
288,2026-08-14 21:50:20.279,17,BaiChun_caomei(Clone),-0.351445,1.348555,0.602168,321.919700,171.707600,23.079620
289,2026-08-14 21:50:20.329,17,BaiChun_caomei(Clone),-0.370000,1.330000,0.640000,321.940200,171.601500,24.273060
290,2026-08-14 21:50:20.398,17,BaiChun_caomei(Clone),-0.390000,1.350000,0.640000,321.645500,170.634700,27.856390
291,2026-08-14 21:50:20.461,17,BaiChun_caomei(Clone),-0.420000,1.340000,0.680000,323.017300,169.479700,27.215620
292,2026-08-14 21:50:20.514,17,BaiChun_caomei(Clone),-0.449914,1.359922,0.695250,321.447500,169.289700,26.981350
293,2026-08-14 21:50:20.584,17,BaiChun_caomei(Clone),-0.470000,1.342272,0.727728,320.386200,169.800700,26.135180
294,2026-08-14 21:50:20.643,17,BaiChun_caomei(Clone),-0.480000,1.340000,0.740000,319.935600,170.007600,26.443440
295,2026-08-14 21:50:20.693,17,BaiChun_caomei(Clone),-0.499890,1.340000,0.759890,319.828800,169.967700,26.765500
296,2026-08-14 21:50:20.761,17,BaiChun_caomei(Clone),-0.510000,1.340000,0.780000,318.916000,171.840600,26.361400
297,2026-08-14 21:50:20.813,17,BaiChun_caomei(Clone),-0.526255,1.323745,0.814805,317.963700,174.154700,26.687260
298,2026-08-14 21:50:20.930,17,BaiChun_caomei(Clone),-0.530000,1.339667,0.829667,315.502500,175.562600,29.057230
299,2026-08-14 21:50:20.986,17,BaiChun_caomei(Clone),-0.540000,1.325819,0.864180,313.978900,175.778700,28.895100
300,2026-08-14 21:50:21.047,17,BaiChun_caomei(Clone),-0.550000,1.307765,0.900000,312.527800,177.960900,27.667810
301,2026-08-14 21:50:21.098,17,BaiChun_caomei(Clone),-0.550000,1.300000,0.910000,313.014500,179.455800,26.106570
302,2026-08-14 21:50:21.156,17,BaiChun_caomei(Clone),-0.570000,1.300000,0.943550,313.514000,179.854200,25.706010
303,2026-08-14 21:50:21.222,17,BaiChun_caomei(Clone),-0.578959,1.282083,0.977917,313.146900,180.190400,25.438390
304,2026-08-14 21:50:21.277,17,BaiChun_caomei(Clone),-0.582538,1.277462,0.987615,312.443200,179.328000,26.980090
305,2026-08-14 21:50:21.347,17,BaiChun_caomei(Clone),-0.600000,1.249177,1.050823,310.473100,179.948500,27.052620
306,2026-08-14 21:50:21.406,17,BaiChun_caomei(Clone),-0.610000,1.275714,1.050000,307.624100,179.113400,30.005610
307,2026-08-14 21:50:21.459,17,BaiChun_caomei(Clone),-0.627169,1.245662,1.087169,306.277600,181.384900,28.940930
308,2026-08-14 21:50:21.510,17,BaiChun_caomei(Clone),-0.630000,1.233325,1.096675,306.269800,181.687300,28.440350
309,2026-08-14 21:50:21.562,17,BaiChun_caomei(Clone),-0.640000,1.193580,1.130000,304.451900,182.053100,26.306450
310,2026-08-14 21:50:21.625,17,BaiChun_caomei(Clone),-0.640000,1.221357,1.110000,302.267900,183.189500,25.821050
311,2026-08-14 21:50:21.681,17,BaiChun_caomei(Clone),-0.646872,1.213128,1.126872,300.158500,186.566400,22.957410
312,2026-08-14 21:50:21.729,17,BaiChun_caomei(Clone),-0.650000,1.181393,1.149303,299.445200,187.512900,22.221280
313,2026-08-14 21:50:21.800,17,BaiChun_caomei(Clone),-0.660000,1.190000,1.150000,297.366600,187.603100,24.496840
314,2026-08-14 21:50:21.861,17,BaiChun_caomei(Clone),-0.660000,1.210000,1.160000,295.093100,187.758700,27.037370
315,2026-08-14 21:50:21.922,17,BaiChun_caomei(Clone),-0.670000,1.200000,1.170000,291.909500,193.350700,24.536870
316,2026-08-14 21:50:21.987,17,BaiChun_caomei(Clone),-0.670000,1.200000,1.175997,289.500400,196.212700,23.493310
317,2026-08-14 21:50:22.048,17,BaiChun_caomei(Clone),-0.680000,1.190000,1.180000,288.908700,201.132800,15.332790
318,2026-08-14 21:50:22.159,17,BaiChun_caomei(Clone),-0.680000,1.180000,1.180000,294.115000,197.129800,14.780160
319,2026-08-14 21:50:22.213,17,BaiChun_caomei(Clone),-0.687742,1.180000,1.190000,295.266600,199.412700,13.495320
320,2026-08-14 21:50:22.267,17,BaiChun_caomei(Clone),-0.690000,1.170000,1.200000,294.571700,211.559800,3.861900
321,2026-08-14 21:50:22.331,17,BaiChun_caomei(Clone),-0.688228,1.168296,1.200000,295.188000,213.043100,0.855241
322,2026-08-14 21:50:22.400,17,BaiChun_caomei(Clone),-0.690000,1.170000,1.200000,295.130700,212.385000,1.503205
323,2026-08-14 21:50:22.464,17,BaiChun_caomei(Clone),-0.690000,1.170000,1.200000,296.746400,208.522100,4.644073
324,2026-08-14 21:50:22.533,17,BaiChun_caomei(Clone),-0.690000,1.170000,1.200000,297.273400,210.083900,4.836093
325,2026-08-14 21:50:22.599,17,BaiChun_caomei(Clone),-0.690000,1.170000,1.210000,297.531700,209.812000,6.140046
326,2026-08-14 21:50:22.652,17,BaiChun_caomei(Clone),-0.680000,1.167607,1.207607,297.224900,214.747300,2.794023
327,2026-08-14 21:50:22.702,17,BaiChun_caomei(Clone),-0.680000,1.160000,1.200000,295.830100,229.873300,349.146100
328,2026-08-14 21:50:22.760,17,BaiChun_caomei(Clone),-0.680000,1.160000,1.200000,295.585500,231.596500,345.225600
329,2026-08-14 21:50:22.829,17,BaiChun_caomei(Clone),-0.680000,1.150000,1.190000,297.875000,224.953900,348.257100
330,2026-08-14 21:50:22.943,17,BaiChun_caomei(Clone),-0.670000,1.150000,1.188938,300.899900,224.468100,347.709700
331,2026-08-14 21:50:22.996,17,BaiChun_caomei(Clone),-0.682960,1.137040,1.173520,299.921900,226.899300,342.235900
332,2026-08-14 21:50:23.052,17,BaiChun_caomei(Clone),-0.678966,1.112068,1.178966,334.166600,279.575700,295.330100
333,2026-08-14 21:50:23.118,17,BaiChun_caomei(Clone),-0.680000,1.118073,1.190000,341.122400,290.236100,279.544700
334,2026-08-14 21:50:23.169,17,BaiChun_caomei(Clone),-0.680000,1.130000,1.200000,344.200800,292.828200,269.900700
335,2026-08-14 21:50:23.350,17,BaiChun_caomei(Clone),-0.680000,1.130000,1.200000,344.682900,293.173000,265.936100
336,2026-08-14 21:50:23.463,17,BaiChun_caomei(Clone),-0.670000,1.130000,1.192371,334.246900,292.737600,266.232700
337,2026-08-14 21:50:23.525,17,BaiChun_caomei(Clone),-0.670000,1.130000,1.190871,335.204400,292.300200,266.398000
338,2026-08-14 21:50:23.577,17,BaiChun_caomei(Clone),-0.670000,1.130000,1.200000,337.662900,292.233500,265.844300
339,2026-08-14 21:50:23.634,17,BaiChun_caomei(Clone),-0.670000,1.130000,1.200000,339.648900,292.061300,266.026000
340,2026-08-14 21:50:23.701,17,BaiChun_caomei(Clone),-0.690000,1.129979,1.200000,357.593000,290.655700,268.680600
341,2026-08-14 21:50:23.764,17,BaiChun_caomei(Clone),-0.698541,1.120000,1.200000,5.625094,290.555000,270.124600
342,2026-08-14 21:50:23.835,17,BaiChun_caomei(Clone),-0.700000,1.130000,1.200000,15.713670,290.294200,269.981900
343,2026-08-14 21:50:23.887,17,BaiChun_caomei(Clone),-0.710000,1.121785,1.210000,24.931880,290.520200,270.066500
344,2026-08-14 21:50:23.937,17,BaiChun_caomei(Clone),-0.720000,1.120000,1.210000,32.013120,290.777300,269.846000
345,2026-08-14 21:50:24.000,17,BaiChun_caomei(Clone),-0.730000,1.120000,1.210000,41.781570,291.257100,269.853800
346,2026-08-14 21:50:24.052,17,BaiChun_caomei(Clone),-0.750000,1.107466,1.220000,70.624610,293.338300,270.796100
347,2026-08-14 21:50:24.121,17,BaiChun_caomei(Clone),-0.760000,1.090000,1.230000,87.577230,136.738900,113.385200
348,2026-08-14 21:50:24.171,17,BaiChun_caomei(Clone),-0.760000,1.090000,1.230000,89.775310,250.591500,227.357400
349,2026-08-14 21:50:24.290,17,BaiChun_caomei(Clone),-0.760000,1.090000,1.230000,89.644470,262.514000,239.280000
350,2026-08-14 21:50:30.107,147,Qdi_moka(Clone),0.560000,0.890000,-1.800000,354.771600,0.017695,0.078493
351,2026-08-14 21:50:30.158,147,Qdi_moka(Clone),0.560000,0.900000,-1.800000,344.592600,359.696500,359.961100
352,2026-08-14 21:50:30.215,147,Qdi_moka(Clone),0.560000,0.900000,-1.800000,341.231900,359.458100,359.878600
353,2026-08-14 21:50:30.279,147,Qdi_moka(Clone),0.560000,0.906549,-1.800000,344.398100,1.025262,351.501100
354,2026-08-14 21:50:30.279,148,Qdi_moka (1)(Clone),0.560000,0.890000,-1.940000,358.858600,359.921900,359.884400
355,2026-08-14 21:50:30.333,147,Qdi_moka(Clone),0.560000,0.910000,-1.810000,348.918500,353.703200,347.511200
356,2026-08-14 21:50:30.333,148,Qdi_moka (1)(Clone),0.560000,0.890000,-1.940000,359.722000,359.802800,359.921300
357,2026-08-14 21:50:30.383,147,Qdi_moka(Clone),0.560000,0.910000,-1.810000,349.189000,352.696200,345.661200
358,2026-08-14 21:50:30.446,147,Qdi_moka(Clone),0.560000,0.910000,-1.810000,350.102400,353.194200,345.529000
359,2026-08-14 21:50:30.496,147,Qdi_moka(Clone),0.560000,0.910000,-1.800000,352.511400,356.704900,344.089200
360,2026-08-14 21:50:30.550,147,Qdi_moka(Clone),0.560000,0.910000,-1.800000,355.817500,355.023600,343.702700
361,2026-08-14 21:50:30.600,147,Qdi_moka(Clone),0.560000,0.910000,-1.801146,356.394700,354.447200,343.250500
362,2026-08-14 21:50:30.668,147,Qdi_moka(Clone),0.560000,0.910000,-1.800000,355.965700,355.346700,342.751900
363,2026-08-14 21:50:30.720,147,Qdi_moka(Clone),0.560000,0.910000,-1.800000,355.755300,357.171900,340.985100
364,2026-08-14 21:50:30.784,147,Qdi_moka(Clone),0.560000,0.910000,-1.800000,356.377500,356.655900,340.462500
365,2026-08-14 21:50:30.855,147,Qdi_moka(Clone),0.570000,0.912147,-1.800000,358.442900,354.656000,336.860000
366,2026-08-14 21:50:30.906,147,Qdi_moka(Clone),0.570000,0.920000,-1.800000,0.113104,355.228400,334.142300
367,2026-08-14 21:50:30.968,147,Qdi_moka(Clone),0.570000,0.920000,-1.800000,0.420076,355.221500,332.736300
368,2026-08-14 21:50:31.083,147,Qdi_moka(Clone),0.570000,0.920000,-1.800000,359.832500,355.525600,329.115900
369,2026-08-14 21:50:31.343,147,Qdi_moka(Clone),0.570000,0.929940,-1.800000,0.916361,352.011000,325.531800
370,2026-08-14 21:50:31.396,91,haoliyou_caomei(Clone),0.820000,0.904105,-1.790000,354.640900,180.878300,10.125030
371,2026-08-14 21:50:31.397,147,Qdi_moka(Clone),0.580000,0.934105,-1.820000,359.149000,338.544800,319.633800
372,2026-08-14 21:50:31.463,91,haoliyou_caomei(Clone),0.820000,0.910000,-1.790000,349.485000,181.902600,16.561980
373,2026-08-14 21:50:31.463,147,Qdi_moka(Clone),0.590000,0.940000,-1.820000,351.491400,336.530800,319.255000
374,2026-08-14 21:50:31.529,91,haoliyou_caomei(Clone),0.820000,0.920000,-1.790000,349.189100,181.358900,18.706300
375,2026-08-14 21:50:31.529,147,Qdi_moka(Clone),0.590000,0.940000,-1.820000,347.948300,335.002200,319.303300
376,2026-08-14 21:50:31.585,147,Qdi_moka(Clone),0.590000,0.932579,-1.820000,348.126000,335.893300,319.576600
377,2026-08-14 21:50:31.646,91,haoliyou_caomei(Clone),0.820000,0.910000,-1.790000,349.741400,181.477600,18.175790
378,2026-08-14 21:50:31.646,147,Qdi_moka(Clone),0.590000,0.930000,-1.820000,348.757400,336.274700,319.501800
379,2026-08-14 21:50:31.697,91,haoliyou_caomei(Clone),0.820000,0.910000,-1.790000,348.779800,182.042100,17.768150
380,2026-08-14 21:50:31.697,147,Qdi_moka(Clone),0.590000,0.930000,-1.820000,350.126000,336.045000,319.261200
381,2026-08-14 21:50:31.747,91,haoliyou_caomei(Clone),0.820000,0.910000,-1.790000,348.021100,182.000700,17.530160
382,2026-08-14 21:50:31.747,147,Qdi_moka(Clone),0.590000,0.930000,-1.820000,351.195100,336.128800,319.065700
383,2026-08-14 21:50:31.810,91,haoliyou_caomei(Clone),0.820000,0.915336,-1.790000,345.582900,182.449900,16.523110
384,2026-08-14 21:50:31.810,147,Qdi_moka(Clone),0.590000,0.930000,-1.810000,356.462800,338.236800,318.058600
385,2026-08-14 21:50:31.879,91,haoliyou_caomei(Clone),0.820000,0.920000,-1.790000,340.975400,182.929900,15.491060
386,2026-08-14 21:50:31.880,147,Qdi_moka(Clone),0.590000,0.930000,-1.810000,358.605000,336.636600,317.362500
387,2026-08-14 21:50:31.929,91,haoliyou_caomei(Clone),0.820000,0.920000,-1.790000,339.649700,182.846600,15.268780
388,2026-08-14 21:50:31.929,147,Qdi_moka(Clone),0.590000,0.930000,-1.810000,358.676700,335.699400,317.087200
389,2026-08-14 21:50:31.980,91,haoliyou_caomei(Clone),0.820000,0.920000,-1.790000,334.960800,180.839600,14.745930
390,2026-08-14 21:50:31.980,147,Qdi_moka(Clone),0.590000,0.930000,-1.810000,0.868055,334.553100,316.369300
391,2026-08-14 21:50:32.043,91,haoliyou_caomei(Clone),0.820000,0.920000,-1.790000,331.421500,177.728700,15.115840
392,2026-08-14 21:50:32.043,147,Qdi_moka(Clone),0.590000,0.930000,-1.810000,1.879074,333.364100,315.467600
393,2026-08-14 21:50:32.101,91,haoliyou_caomei(Clone),0.820000,0.920000,-1.790000,323.100600,169.799900,17.484330
394,2026-08-14 21:50:32.101,147,Qdi_moka(Clone),0.590000,0.939150,-1.810000,3.310183,330.017200,313.425500
395,2026-08-14 21:50:32.152,91,haoliyou_caomei(Clone),0.830000,0.930000,-1.790000,312.775400,157.733900,24.181100
396,2026-08-14 21:50:32.152,147,Qdi_moka(Clone),0.590000,0.940000,-1.810000,5.090212,326.122800,310.058500
397,2026-08-14 21:50:32.215,91,haoliyou_caomei(Clone),0.840000,0.948045,-1.771955,296.186900,100.101300,76.247390
398,2026-08-14 21:50:32.215,147,Qdi_moka(Clone),0.599931,0.949931,-1.810000,8.226566,315.068600,297.398400
399,2026-08-14 21:50:32.325,91,haoliyou_caomei(Clone),0.836257,0.950000,-1.728770,305.099500,35.788560,147.270200
400,2026-08-14 21:50:32.325,147,Qdi_moka(Clone),0.613743,0.960000,-1.796257,10.472690,302.621700,277.492000
401,2026-08-14 21:50:32.387,91,haoliyou_caomei(Clone),0.815336,0.895336,-1.675336,324.982100,9.140581,179.937700
402,2026-08-14 21:50:32.387,147,Qdi_moka(Clone),0.630000,0.980000,-1.760000,13.460480,290.873000,246.970200
403,2026-08-14 21:50:32.447,91,haoliyou_caomei(Clone),0.793671,0.778355,-1.617342,346.122700,359.372600,194.480300
404,2026-08-14 21:50:32.448,147,Qdi_moka(Clone),0.656329,0.980000,-1.750000,2.638819,278.965000,237.245500
405,2026-08-14 21:50:32.497,91,haoliyou_caomei(Clone),0.770027,0.590189,-1.550054,10.453490,355.143400,205.805500
406,2026-08-14 21:50:32.497,147,Qdi_moka(Clone),0.670000,0.980000,-1.730027,354.712300,269.004200,225.905800
407,2026-08-14 21:50:32.549,91,haoliyou_caomei(Clone),0.750000,0.479756,-1.527951,21.376300,354.752900,210.619400
408,2026-08-14 21:50:32.549,147,Qdi_moka(Clone),0.670000,0.980000,-1.717951,353.824800,264.371100,221.592800
409,2026-08-14 21:50:32.620,91,haoliyou_caomei(Clone),0.711032,0.283096,-1.423096,55.902280,347.224300,216.623700
410,2026-08-14 21:50:32.620,147,Qdi_moka(Clone),0.698968,0.951032,-1.691032,333.346600,265.268400,209.518100
411,2026-08-14 21:50:32.680,91,haoliyou_caomei(Clone),0.663272,0.157634,-1.325453,75.612160,332.003300,207.637700
412,2026-08-14 21:50:32.680,147,Qdi_moka(Clone),0.710000,0.913272,-1.671090,323.950000,290.949200,184.936200
413,2026-08-14 21:50:32.735,91,haoliyou_caomei(Clone),0.628472,0.040000,-1.236943,81.937150,210.346600,91.440180
414,2026-08-14 21:50:32.736,147,Qdi_moka(Clone),0.710000,0.835415,-1.650000,329.063800,318.634700,160.099100
415,2026-08-14 21:50:32.802,91,haoliyou_caomei(Clone),0.600000,0.050000,-1.164245,74.066800,193.809200,75.152110
416,2026-08-14 21:50:32.802,147,Qdi_moka(Clone),0.710000,0.722327,-1.638082,340.438900,337.747100,143.803700
417,2026-08-14 21:50:32.873,91,haoliyou_caomei(Clone),0.580000,0.040000,-1.067211,74.371480,207.195000,88.012670
418,2026-08-14 21:50:32.873,147,Qdi_moka(Clone),0.720000,0.436053,-1.620000,8.977424,1.637806,126.712000
419,2026-08-14 21:50:32.937,91,haoliyou_caomei(Clone),0.580000,0.040000,-1.070000,82.257010,208.674500,89.285580
420,2026-08-14 21:50:32.938,147,Qdi_moka(Clone),0.780646,0.259354,-1.589677,28.522470,358.326800,100.921000
421,2026-08-14 21:50:32.988,91,haoliyou_caomei(Clone),0.580000,0.030000,-1.070000,89.657930,212.745600,93.467890
422,2026-08-14 21:50:32.989,147,Qdi_moka(Clone),0.825329,0.199343,-1.570000,36.668030,351.910500,86.206670
423,2026-08-14 21:50:33.052,91,haoliyou_caomei(Clone),0.580000,0.030000,-1.070000,89.829830,10.400750,251.243100
424,2026-08-14 21:50:33.052,147,Qdi_moka(Clone),0.901442,0.048838,-1.526836,74.246790,325.596600,46.629470
425,2026-08-14 21:50:33.108,147,Qdi_moka(Clone),0.904835,0.040330,-1.525165,76.705400,318.871200,39.122460
426,2026-08-14 21:50:33.175,147,Qdi_moka(Clone),0.910000,0.030000,-1.520000,89.581760,196.282800,270.612300
427,2026-08-14 21:50:34.395,145,Qdi_caomei(Clone),0.350000,0.890000,-1.800000,358.646800,0.047422,359.952600
428,2026-08-14 21:50:34.457,145,Qdi_caomei(Clone),0.350000,0.890985,-1.800000,350.942000,358.921100,0.579131
429,2026-08-14 21:50:34.509,145,Qdi_caomei(Clone),0.350000,0.900000,-1.809203,342.168800,359.435000,359.860900
430,2026-08-14 21:50:34.509,146,Qdi_caomei (1)(Clone),0.350000,0.890000,-1.940000,358.570300,359.765300,359.765300
431,2026-08-14 21:50:34.574,145,Qdi_caomei(Clone),0.350000,0.900000,-1.810000,338.089300,0.540353,358.625400
432,2026-08-14 21:50:34.574,146,Qdi_caomei (1)(Clone),0.350000,0.890000,-1.940000,353.399800,359.756600,0.093373
433,2026-08-14 21:50:34.642,145,Qdi_caomei(Clone),0.360000,0.910000,-1.810000,345.120500,3.387083,345.061600
434,2026-08-14 21:50:34.642,146,Qdi_caomei (1)(Clone),0.350000,0.900000,-1.940000,350.389300,359.606500,359.953600
435,2026-08-14 21:50:34.704,145,Qdi_caomei(Clone),0.360000,0.910000,-1.819163,351.494100,356.392600,341.777300
436,2026-08-14 21:50:34.776,145,Qdi_caomei(Clone),0.370000,0.920000,-1.823934,358.397200,345.111700,334.544100
437,2026-08-14 21:50:34.776,146,Qdi_caomei (1)(Clone),0.350000,0.900000,-1.940000,348.973100,359.606100,359.958400
438,2026-08-14 21:50:34.829,145,Qdi_caomei(Clone),0.370000,0.920000,-1.830000,359.541100,340.660700,334.228100
439,2026-08-14 21:50:34.890,145,Qdi_caomei(Clone),0.370000,0.920000,-1.830000,359.640600,337.485400,334.345200
440,2026-08-14 21:50:34.961,145,Qdi_caomei(Clone),0.370000,0.920000,-1.830000,359.315400,338.932200,334.095500
441,2026-08-14 21:50:34.961,146,Qdi_caomei (1)(Clone),0.350000,0.890000,-1.940000,352.012300,359.691200,359.942200
442,2026-08-14 21:50:35.018,146,Qdi_caomei (1)(Clone),0.350000,0.890000,-1.940000,353.857400,359.765600,359.933300
443,2026-08-14 21:50:35.072,145,Qdi_caomei(Clone),0.370000,0.920000,-1.830000,359.126100,340.024000,331.267500
444,2026-08-14 21:50:35.072,146,Qdi_caomei (1)(Clone),0.350000,0.890000,-1.940000,359.300800,359.761900,0.065630
445,2026-08-14 21:50:35.142,145,Qdi_caomei(Clone),0.370000,0.920000,-1.830000,357.932800,336.660200,327.132500
446,2026-08-14 21:50:35.207,145,Qdi_caomei(Clone),0.375642,0.925642,-1.841284,353.660200,327.717500,325.538900
447,2026-08-14 21:50:35.207,146,Qdi_caomei (1)(Clone),0.350000,0.890000,-1.945642,3.061936,1.191682,359.952600
448,2026-08-14 21:50:35.261,145,Qdi_caomei(Clone),0.370000,0.930000,-1.870000,333.312200,306.226300,327.879600
449,2026-08-14 21:50:35.261,146,Qdi_caomei (1)(Clone),0.350000,0.890000,-1.960000,358.297700,12.907790,359.089900
450,2026-08-14 21:50:35.326,145,Qdi_caomei(Clone),0.370000,0.930000,-1.870000,328.964500,307.759700,328.739100
451,2026-08-14 21:50:35.326,146,Qdi_caomei (1)(Clone),0.350000,0.892894,-1.960000,352.588900,12.814950,359.864400
452,2026-08-14 21:50:35.392,145,Qdi_caomei(Clone),0.370000,0.940000,-1.860000,328.491600,315.699900,324.770000
453,2026-08-14 21:50:35.392,146,Qdi_caomei (1)(Clone),0.350000,0.900000,-1.960000,347.059500,12.539690,0.006101
454,2026-08-14 21:50:35.392,148,Qdi_moka (1)(Clone),0.560000,0.890000,-1.940000,358.733800,359.765800,359.687500
455,2026-08-14 21:50:35.462,145,Qdi_caomei(Clone),0.370000,0.940000,-1.850000,329.694500,329.997000,316.406300
456,2026-08-14 21:50:35.462,148,Qdi_moka (1)(Clone),0.560000,0.890000,-1.940000,359.625500,359.900200,359.626100
457,2026-08-14 21:50:35.522,145,Qdi_caomei(Clone),0.380000,0.950000,-1.840000,329.369600,343.380300,303.101200
458,2026-08-14 21:50:35.522,146,Qdi_caomei (1)(Clone),0.350000,0.900000,-1.960000,341.373600,12.000790,359.881000
459,2026-08-14 21:50:35.576,145,Qdi_caomei(Clone),0.400000,0.960000,-1.830000,334.228100,0.490405,282.314100
460,2026-08-14 21:50:35.642,145,Qdi_caomei(Clone),0.416571,0.960000,-1.820000,340.458900,8.716419,270.142500
461,2026-08-14 21:50:35.709,145,Qdi_caomei(Clone),0.420000,0.950000,-1.800000,359.383500,9.702680,269.912000
462,2026-08-14 21:50:35.761,145,Qdi_caomei(Clone),0.420000,0.960000,-1.810000,349.292000,10.209290,269.277800
463,2026-08-14 21:50:35.825,145,Qdi_caomei(Clone),0.420000,0.960000,-1.810000,345.840800,10.240040,269.486200
464,2026-08-14 21:50:35.876,145,Qdi_caomei(Clone),0.420000,0.960000,-1.820000,338.248500,9.936531,269.676800
465,2026-08-14 21:50:35.930,145,Qdi_caomei(Clone),0.420000,0.960000,-1.820000,339.093900,10.074310,269.795500
466,2026-08-14 21:50:35.996,145,Qdi_caomei(Clone),0.420000,0.960000,-1.814714,344.654100,10.109430,269.731500
467,2026-08-14 21:50:36.047,145,Qdi_caomei(Clone),0.420000,0.960000,-1.810000,349.360000,10.037160,269.880900
468,2026-08-14 21:50:36.111,145,Qdi_caomei(Clone),0.420000,0.950000,-1.800000,354.237100,10.074250,269.803100
469,2026-08-14 21:50:36.213,145,Qdi_caomei(Clone),0.420000,0.950000,-1.800000,353.460600,9.920069,269.939900
470,2026-08-14 21:50:36.276,145,Qdi_caomei(Clone),0.420000,0.960000,-1.810000,352.211700,10.036390,269.960500
471,2026-08-14 21:50:36.345,145,Qdi_caomei(Clone),0.420000,0.960000,-1.810000,348.876800,9.921302,270.036700
472,2026-08-14 21:50:36.396,145,Qdi_caomei(Clone),0.420000,0.960000,-1.820000,338.321400,9.839664,269.723200
473,2026-08-14 21:50:36.463,145,Qdi_caomei(Clone),0.420000,0.960000,-1.820000,340.567400,9.839064,269.687000
474,2026-08-14 21:50:36.513,145,Qdi_caomei(Clone),0.420000,0.960000,-1.812048,344.887700,9.767129,269.723700
475,2026-08-14 21:50:36.588,145,Qdi_caomei(Clone),0.420000,0.950000,-1.800000,355.157700,9.771733,269.883400
476,2026-08-14 21:50:36.646,145,Qdi_caomei(Clone),0.420000,0.950000,-1.799981,1.120100,9.758247,270.068200
477,2026-08-14 21:50:36.717,145,Qdi_caomei(Clone),0.420000,0.950000,-1.800000,0.174181,9.757394,270.145300
478,2026-08-14 21:50:36.935,145,Qdi_caomei(Clone),0.420000,0.950000,-1.790000,5.358454,10.060740,268.741200
479,2026-08-14 21:50:36.987,145,Qdi_caomei(Clone),0.430000,0.967821,-1.790000,357.187800,12.894990,270.529500
480,2026-08-14 21:50:37.057,145,Qdi_caomei(Clone),0.430000,0.960000,-1.831478,340.964900,8.841760,269.682900
481,2026-08-14 21:50:37.057,148,Qdi_moka (1)(Clone),0.560000,0.890000,-1.940000,358.907000,0.546599,359.785200
482,2026-08-14 21:50:37.110,145,Qdi_caomei(Clone),0.457738,0.977738,-1.842829,339.019900,14.396410,264.981500
483,2026-08-14 21:50:37.110,148,Qdi_moka (1)(Clone),0.560000,0.898977,-1.940000,347.016300,3.179859,358.948600
484,2026-08-14 21:50:37.163,145,Qdi_caomei(Clone),0.457924,0.980000,-1.850000,337.948300,14.721430,264.848500
485,2026-08-14 21:50:37.163,148,Qdi_moka (1)(Clone),0.560000,0.900000,-1.940000,339.541700,2.433451,0.157779
486,2026-08-14 21:50:37.559,145,Qdi_caomei(Clone),0.450361,0.950000,-1.820000,359.743600,12.800640,269.932700
487,2026-08-14 21:50:37.559,148,Qdi_moka (1)(Clone),0.560000,0.900000,-1.940000,335.163000,2.473631,0.185325
488,2026-08-14 21:50:38.795,145,Qdi_caomei(Clone),0.460000,0.948283,-1.808283,4.246990,13.364970,270.729300
489,2026-08-14 21:50:38.861,145,Qdi_caomei(Clone),0.470000,0.940000,-1.790000,3.824511,16.664090,275.013300
490,2026-08-14 21:50:38.930,145,Qdi_caomei(Clone),0.480000,0.940000,-1.790000,0.708897,17.762870,278.598400
491,2026-08-14 21:50:38.985,145,Qdi_caomei(Clone),0.490000,0.920000,-1.819361,3.382190,17.718960,282.922100
492,2026-08-14 21:50:39.043,145,Qdi_caomei(Clone),0.490000,0.920000,-1.820000,5.263552,17.657610,284.588000
493,2026-08-14 21:50:39.099,145,Qdi_caomei(Clone),0.490000,0.920000,-1.820000,5.861394,17.272220,285.558300
494,2026-08-14 21:50:39.163,145,Qdi_caomei(Clone),0.500000,0.920000,-1.820000,5.439870,17.294130,286.961100
495,2026-08-14 21:50:39.219,145,Qdi_caomei(Clone),0.500000,0.928375,-1.820000,6.164467,17.034930,288.643600
496,2026-08-14 21:50:39.285,145,Qdi_caomei(Clone),0.490000,0.950000,-1.810000,7.592405,18.071790,292.372400
497,2026-08-14 21:50:39.347,145,Qdi_caomei(Clone),0.500000,0.950000,-1.810000,7.298816,21.031930,298.285900
498,2026-08-14 21:50:39.405,145,Qdi_caomei(Clone),0.480000,0.970000,-1.775839,1.679436,23.141450,300.769700
499,2026-08-14 21:50:39.472,145,Qdi_caomei(Clone),0.490000,0.979330,-1.760000,356.405500,24.430980,302.801800
500,2026-08-14 21:50:39.530,145,Qdi_caomei(Clone),0.490000,0.980000,-1.718033,345.077200,30.639940,303.542000
501,2026-08-14 21:50:39.588,145,Qdi_caomei(Clone),0.490000,1.000000,-1.690000,329.960500,33.136330,304.757700
502,2026-08-14 21:50:39.653,145,Qdi_caomei(Clone),0.474284,1.010000,-1.648568,327.401800,32.195410,306.167000
503,2026-08-14 21:50:39.706,145,Qdi_caomei(Clone),0.470000,1.040000,-1.596106,322.299800,27.860940,309.537000
504,2026-08-14 21:50:39.768,145,Qdi_caomei(Clone),0.470000,1.017829,-1.606086,319.403600,27.364510,308.351500
505,2026-08-14 21:50:39.821,145,Qdi_caomei(Clone),0.450164,1.019116,-1.532155,320.169300,25.376160,310.278800
506,2026-08-14 21:50:39.932,145,Qdi_caomei(Clone),0.460000,1.060000,-1.485044,317.113200,24.728680,317.598700
507,2026-08-14 21:50:39.987,145,Qdi_caomei(Clone),0.460000,1.060493,-1.469014,314.257300,26.266650,318.475900
508,2026-08-14 21:50:40.041,145,Qdi_caomei(Clone),0.455575,1.074425,-1.445575,313.375700,26.756390,318.657300
509,2026-08-14 21:50:40.104,145,Qdi_caomei(Clone),0.448045,1.100000,-1.390000,313.161700,26.592320,319.109300
510,2026-08-14 21:50:40.167,145,Qdi_caomei(Clone),0.450000,1.110000,-1.380000,313.286700,26.998740,320.090200
511,2026-08-14 21:50:40.231,145,Qdi_caomei(Clone),0.450000,1.164021,-1.350000,308.930200,24.181360,329.497700
512,2026-08-14 21:50:40.286,145,Qdi_caomei(Clone),0.450000,1.179220,-1.343853,308.263400,21.344430,334.285500
513,2026-08-14 21:50:40.338,145,Qdi_caomei(Clone),0.450000,1.219572,-1.310428,308.076400,20.459280,336.792200
514,2026-08-14 21:50:40.389,145,Qdi_caomei(Clone),0.450000,1.250000,-1.309225,307.128400,19.898130,340.792500
515,2026-08-14 21:50:40.453,145,Qdi_caomei(Clone),0.450000,1.262739,-1.290000,306.936800,18.795480,342.343400
516,2026-08-14 21:50:40.521,145,Qdi_caomei(Clone),0.445934,1.300000,-1.260000,308.700400,17.263960,349.045900
517,2026-08-14 21:50:40.586,145,Qdi_caomei(Clone),0.450000,1.310000,-1.260000,306.453000,16.925080,353.010300
518,2026-08-14 21:50:40.651,145,Qdi_caomei(Clone),0.440000,1.350000,-1.240000,301.941500,12.014050,2.842837
519,2026-08-14 21:50:40.721,145,Qdi_caomei(Clone),0.421391,1.349304,-1.221392,303.695700,14.683490,0.898129
520,2026-08-14 21:50:40.791,145,Qdi_caomei(Clone),0.420000,1.360000,-1.206585,306.586400,16.543640,359.955900
521,2026-08-14 21:50:40.858,145,Qdi_caomei(Clone),0.420000,1.378950,-1.201049,310.490700,12.702700,5.458310
522,2026-08-14 21:50:40.916,91,haoliyou_caomei(Clone),0.580000,0.030000,-1.070000,89.313580,201.352000,82.163960
523,2026-08-14 21:50:40.916,145,Qdi_caomei(Clone),0.413258,1.390000,-1.180000,309.540600,11.628030,9.533032
524,2026-08-14 21:50:40.968,91,haoliyou_caomei(Clone),0.580000,0.030000,-1.070000,89.254280,200.266700,81.080280
525,2026-08-14 21:50:41.024,91,haoliyou_caomei(Clone),0.580000,0.030000,-1.070000,89.725890,95.125940,336.098700
526,2026-08-14 21:50:41.024,145,Qdi_caomei(Clone),0.400000,1.390000,-1.170000,310.563800,12.347030,10.943420
527,2026-08-14 21:50:41.088,145,Qdi_caomei(Clone),0.400000,1.390000,-1.180000,311.915900,13.486450,11.675060
528,2026-08-14 21:50:41.158,145,Qdi_caomei(Clone),0.380000,1.390000,-1.160000,311.645400,17.003640,11.081290
529,2026-08-14 21:50:41.210,145,Qdi_caomei(Clone),0.370000,1.390000,-1.160000,313.614600,21.557440,7.195323
530,2026-08-14 21:50:41.262,145,Qdi_caomei(Clone),0.370000,1.394570,-1.146290,313.477100,21.195580,8.805233
531,2026-08-14 21:50:41.327,145,Qdi_caomei(Clone),0.370000,1.406521,-1.130000,313.349400,21.134690,10.795430
532,2026-08-14 21:50:41.390,145,Qdi_caomei(Clone),0.360000,1.400000,-1.130000,311.958400,23.324160,9.934235
533,2026-08-14 21:50:41.445,145,Qdi_caomei(Clone),0.350000,1.390000,-1.130000,311.459200,29.745020,5.417463
534,2026-08-14 21:50:41.506,145,Qdi_caomei(Clone),0.342469,1.382469,-1.122469,312.269500,30.675310,5.060500
535,2026-08-14 21:50:41.562,145,Qdi_caomei(Clone),0.340000,1.390000,-1.120000,314.234000,30.808390,5.340559
536,2026-08-14 21:50:41.614,145,Qdi_caomei(Clone),0.330000,1.380000,-1.120000,314.237200,31.872460,4.371663
537,2026-08-14 21:50:41.675,145,Qdi_caomei(Clone),0.320000,1.385383,-1.104617,313.857500,33.073970,4.106502
538,2026-08-14 21:50:41.749,145,Qdi_caomei(Clone),0.315049,1.390000,-1.100000,313.646200,31.899150,7.611726
539,2026-08-14 21:50:41.810,145,Qdi_caomei(Clone),0.300000,1.396269,-1.090000,314.482100,32.726590,7.292438
540,2026-08-14 21:50:41.879,145,Qdi_caomei(Clone),0.294234,1.390000,-1.090000,315.121900,34.334310,6.875113
541,2026-08-14 21:50:41.943,145,Qdi_caomei(Clone),0.270000,1.390000,-1.078833,314.230300,34.600750,7.316810
542,2026-08-14 21:50:41.995,145,Qdi_caomei(Clone),0.270000,1.390000,-1.070000,314.270000,33.100200,8.823334
543,2026-08-14 21:50:42.046,145,Qdi_caomei(Clone),0.250000,1.390000,-1.053125,315.185500,30.687510,10.593820
544,2026-08-14 21:50:42.110,145,Qdi_caomei(Clone),0.250000,1.390000,-1.050000,315.350700,30.464500,11.312840
545,2026-08-14 21:50:42.162,145,Qdi_caomei(Clone),0.228973,1.394487,-1.028973,313.810400,32.663650,12.578420
546,2026-08-14 21:50:42.231,145,Qdi_caomei(Clone),0.210000,1.390000,-1.010000,312.917600,32.912640,12.755950
547,2026-08-14 21:50:42.294,145,Qdi_caomei(Clone),0.180000,1.391315,-0.970000,314.253000,33.872110,14.543280
548,2026-08-14 21:50:42.350,145,Qdi_caomei(Clone),0.170000,1.405009,-0.964991,313.625700,33.670150,18.552760
549,2026-08-14 21:50:42.421,145,Qdi_caomei(Clone),0.160000,1.400000,-0.960000,313.420100,36.160310,16.961110
550,2026-08-14 21:50:42.473,145,Qdi_caomei(Clone),0.130000,1.400000,-0.910000,313.954200,39.249160,14.926520
551,2026-08-14 21:50:42.522,145,Qdi_caomei(Clone),0.093274,1.400000,-0.900000,315.423700,44.354280,15.305910
552,2026-08-14 21:50:42.586,145,Qdi_caomei(Clone),0.086612,1.396612,-0.893223,315.685500,45.517950,15.043320
553,2026-08-14 21:50:42.642,145,Qdi_caomei(Clone),0.076755,1.390000,-0.876755,316.198500,51.506390,13.443740
554,2026-08-14 21:50:42.705,145,Qdi_caomei(Clone),0.050000,1.390000,-0.860000,317.244400,55.353780,12.081500
555,2026-08-14 21:50:42.759,145,Qdi_caomei(Clone),0.030000,1.380000,-0.820000,316.470200,60.644210,12.097950
556,2026-08-14 21:50:42.823,145,Qdi_caomei(Clone),0.010000,1.380000,-0.800000,317.127300,65.433910,11.619660
557,2026-08-14 21:50:42.885,145,Qdi_caomei(Clone),-0.008553,1.380000,-0.781447,317.853100,69.720550,10.864850
558,2026-08-14 21:50:42.939,145,Qdi_caomei(Clone),-0.027222,1.392701,-0.749167,317.096200,77.645710,11.794920
559,2026-08-14 21:50:43.054,145,Qdi_caomei(Clone),-0.050000,1.400000,-0.710000,314.329100,83.001690,18.061340
560,2026-08-14 21:50:43.109,145,Qdi_caomei(Clone),-0.060000,1.400000,-0.674597,312.974200,87.890260,18.658000
561,2026-08-14 21:50:43.179,145,Qdi_caomei(Clone),-0.050183,1.410000,-0.660000,313.758300,91.625310,17.406580
562,2026-08-14 21:50:43.240,145,Qdi_caomei(Clone),-0.049054,1.410796,-0.608557,313.446800,96.687290,17.017190
563,2026-08-14 21:50:43.357,145,Qdi_caomei(Clone),-0.048820,1.410000,-0.552792,311.107700,111.477800,12.690570
564,2026-08-14 21:50:43.410,145,Qdi_caomei(Clone),-0.050000,1.410000,-0.550000,311.000000,112.604200,12.396450
565,2026-08-14 21:50:43.466,145,Qdi_caomei(Clone),-0.060000,1.400000,-0.520000,311.013500,119.961500,11.175280
566,2026-08-14 21:50:43.524,145,Qdi_caomei(Clone),-0.069125,1.400000,-0.471751,311.336500,126.059100,9.173157
567,2026-08-14 21:50:43.588,145,Qdi_caomei(Clone),-0.070134,1.390000,-0.450000,312.751600,129.297500,7.725686
568,2026-08-14 21:50:43.647,145,Qdi_caomei(Clone),-0.076095,1.383905,-0.413905,313.163700,132.588500,6.021903
569,2026-08-14 21:50:43.703,145,Qdi_caomei(Clone),-0.090000,1.360000,-0.351095,313.445800,134.750700,6.720395
570,2026-08-14 21:50:43.758,145,Qdi_caomei(Clone),-0.107450,1.379833,-0.303052,312.951600,135.486000,9.057071
571,2026-08-14 21:50:43.877,145,Qdi_caomei(Clone),-0.110000,1.380000,-0.283374,312.702200,139.633300,7.022357
572,2026-08-14 21:50:43.943,145,Qdi_caomei(Clone),-0.110000,1.380000,-0.238636,312.785800,141.009700,7.076016
573,2026-08-14 21:50:44.008,145,Qdi_caomei(Clone),-0.120000,1.390000,-0.220000,312.325500,140.552300,8.855606
574,2026-08-14 21:50:44.059,145,Qdi_caomei(Clone),-0.130000,1.362803,-0.170172,310.852300,146.003600,4.707685
575,2026-08-14 21:50:44.129,145,Qdi_caomei(Clone),-0.139288,1.370000,-0.150712,308.739800,151.662000,2.176065
576,2026-08-14 21:50:44.178,145,Qdi_caomei(Clone),-0.147687,1.360000,-0.124627,309.414300,152.141300,2.518996
577,2026-08-14 21:50:44.245,145,Qdi_caomei(Clone),-0.160000,1.370000,-0.110000,309.809600,151.960200,3.231953
578,2026-08-14 21:50:44.308,145,Qdi_caomei(Clone),-0.162095,1.367905,-0.105811,308.589300,152.587600,3.584698
579,2026-08-14 21:50:44.365,145,Qdi_caomei(Clone),-0.190000,1.340000,-0.043677,311.104100,155.687900,2.259083
580,2026-08-14 21:50:44.426,145,Qdi_caomei(Clone),-0.200000,1.350000,-0.036616,313.876600,154.964600,4.273655
581,2026-08-14 21:50:44.494,145,Qdi_caomei(Clone),-0.217492,1.360000,-0.012509,313.071100,157.369100,5.891578
582,2026-08-14 21:50:44.544,145,Qdi_caomei(Clone),-0.230000,1.366050,0.022100,312.598900,161.903800,3.853005
583,2026-08-14 21:50:44.610,145,Qdi_caomei(Clone),-0.239023,1.360000,0.060000,313.548500,171.929000,355.501100
584,2026-08-14 21:50:44.663,145,Qdi_caomei(Clone),-0.240000,1.370000,0.060000,312.878700,171.416200,358.058500
585,2026-08-14 21:50:44.716,145,Qdi_caomei(Clone),-0.258453,1.380000,0.096907,312.232600,168.913700,3.227937
586,2026-08-14 21:50:44.786,145,Qdi_caomei(Clone),-0.260000,1.370000,0.121895,310.999300,171.839100,2.764756
587,2026-08-14 21:50:44.850,145,Qdi_caomei(Clone),-0.260000,1.370000,0.136389,309.067200,174.903000,1.406831
588,2026-08-14 21:50:44.917,145,Qdi_caomei(Clone),-0.270000,1.370000,0.180000,305.600600,175.543000,1.616185
589,2026-08-14 21:50:44.968,145,Qdi_caomei(Clone),-0.270000,1.360000,0.217617,309.302900,171.747300,7.131075
590,2026-08-14 21:50:45.029,145,Qdi_caomei(Clone),-0.270000,1.366584,0.246584,307.583100,173.163800,7.817393
591,2026-08-14 21:50:45.100,145,Qdi_caomei(Clone),-0.272626,1.350000,0.305252,305.450300,179.421000,1.550638
592,2026-08-14 21:50:45.151,145,Qdi_caomei(Clone),-0.290000,1.350000,0.361510,307.984000,177.002500,3.357349
593,2026-08-14 21:50:45.214,145,Qdi_caomei(Clone),-0.290000,1.346370,0.383630,310.484900,173.939200,4.042365
594,2026-08-14 21:50:45.285,145,Qdi_caomei(Clone),-0.300000,1.370000,0.392917,311.904400,163.356700,15.198720
595,2026-08-14 21:50:45.345,145,Qdi_caomei(Clone),-0.300000,1.367288,0.420000,306.495800,170.580200,4.444275
596,2026-08-14 21:50:45.399,145,Qdi_caomei(Clone),-0.310762,1.350000,0.450000,305.463500,174.800200,357.459100
597,2026-08-14 21:50:45.449,145,Qdi_caomei(Clone),-0.325113,1.350000,0.485338,306.606200,174.660900,359.497700
598,2026-08-14 21:50:45.518,145,Qdi_caomei(Clone),-0.340000,1.340000,0.513234,305.749300,173.888300,359.364600
599,2026-08-14 21:50:45.583,145,Qdi_caomei(Clone),-0.350000,1.340000,0.530000,307.340100,172.266200,1.651511
600,2026-08-14 21:50:45.636,145,Qdi_caomei(Clone),-0.374141,1.345859,0.562422,308.065700,171.310900,3.236402
601,2026-08-14 21:50:45.696,145,Qdi_caomei(Clone),-0.397457,1.349108,0.578455,308.817200,169.290100,5.002382
602,2026-08-14 21:50:45.799,145,Qdi_caomei(Clone),-0.429333,1.330333,0.641061,306.118700,176.860600,358.671900
603,2026-08-14 21:50:45.914,145,Qdi_caomei(Clone),-0.474667,1.330000,0.694667,304.630200,176.224100,0.364964
604,2026-08-14 21:50:45.969,145,Qdi_caomei(Clone),-0.480000,1.330000,0.700000,304.744500,181.831300,354.419700
605,2026-08-14 21:50:46.045,145,Qdi_caomei(Clone),-0.480000,1.330000,0.712684,304.541200,183.717300,352.176200
606,2026-08-14 21:50:46.103,145,Qdi_caomei(Clone),-0.490000,1.320000,0.740000,302.517900,183.836400,352.846100
607,2026-08-14 21:50:46.169,145,Qdi_caomei(Clone),-0.520000,1.310000,0.790000,302.100800,180.850300,358.953900
608,2026-08-14 21:50:46.231,145,Qdi_caomei(Clone),-0.530000,1.297469,0.822531,298.825500,187.230700,353.463200
609,2026-08-14 21:50:46.286,145,Qdi_caomei(Clone),-0.545341,1.280000,0.876023,297.994800,192.964300,348.383100
610,2026-08-14 21:50:46.337,145,Qdi_caomei(Clone),-0.550000,1.280000,0.890296,297.086200,194.091600,347.531800
611,2026-08-14 21:50:46.397,145,Qdi_caomei(Clone),-0.560000,1.269977,0.910023,297.002400,208.421900,332.531800
612,2026-08-14 21:50:46.455,145,Qdi_caomei(Clone),-0.560000,1.268862,0.911137,297.269300,209.114400,331.781500
613,2026-08-14 21:50:46.524,145,Qdi_caomei(Clone),-0.590000,1.210000,1.004160,297.139000,210.226100,330.139000
614,2026-08-14 21:50:46.582,145,Qdi_caomei(Clone),-0.600000,1.210266,1.010000,295.529200,209.692900,330.409800
615,2026-08-14 21:50:46.634,145,Qdi_caomei(Clone),-0.620102,1.209693,1.050204,293.187200,209.091600,330.217600
616,2026-08-14 21:50:46.699,145,Qdi_caomei(Clone),-0.620000,1.180000,1.070000,293.732000,210.197700,327.656300
617,2026-08-14 21:50:46.806,145,Qdi_caomei(Clone),-0.630000,1.200000,1.070000,292.018100,221.961000,316.803900
618,2026-08-14 21:50:46.872,145,Qdi_caomei(Clone),-0.630000,1.200000,1.065438,291.059300,229.861300,308.833400
619,2026-08-14 21:50:46.923,145,Qdi_caomei(Clone),-0.640000,1.190000,1.080000,291.284500,237.186300,301.721600
620,2026-08-14 21:50:46.974,145,Qdi_caomei(Clone),-0.640000,1.180000,1.080000,291.357400,239.251700,298.802000
621,2026-08-14 21:50:47.035,17,BaiChun_caomei(Clone),-0.760000,1.090000,1.230000,88.677070,134.970900,111.814700
622,2026-08-14 21:50:47.035,145,Qdi_caomei(Clone),-0.640000,1.186943,1.086943,290.719200,240.903300,297.976900
623,2026-08-14 21:50:47.093,145,Qdi_caomei(Clone),-0.640000,1.180000,1.100000,291.357000,242.685200,297.636400
624,2026-08-14 21:50:47.210,17,BaiChun_caomei(Clone),-0.760000,1.090000,1.230000,88.756990,135.746300,112.598000
625,2026-08-14 21:50:47.210,145,Qdi_caomei(Clone),-0.640000,1.180000,1.100000,291.824700,242.981400,297.018600
626,2026-08-14 21:50:47.262,145,Qdi_caomei(Clone),-0.640000,1.172824,1.100000,292.583300,247.173200,292.416900
627,2026-08-14 21:50:47.333,17,BaiChun_caomei(Clone),-0.760000,1.090000,1.230000,89.684720,254.589400,231.489100
628,2026-08-14 21:50:47.333,145,Qdi_caomei(Clone),-0.630000,1.170000,1.109816,295.327300,245.897500,292.614200
629,2026-08-14 21:50:47.382,17,BaiChun_caomei(Clone),-0.760000,1.090000,1.230000,89.737560,203.627700,180.393700
630,2026-08-14 21:50:47.382,145,Qdi_caomei(Clone),-0.630000,1.163720,1.110000,296.379600,242.962000,295.569000
631,2026-08-14 21:50:47.435,17,BaiChun_caomei(Clone),-0.760000,1.090000,1.230000,89.650020,205.903800,182.669700
632,2026-08-14 21:50:47.435,145,Qdi_caomei(Clone),-0.630000,1.160000,1.118869,297.497100,241.254500,295.685700
633,2026-08-14 21:50:47.486,145,Qdi_caomei(Clone),-0.626345,1.160000,1.120000,301.584600,236.352000,297.611900
634,2026-08-14 21:50:47.547,17,BaiChun_caomei(Clone),-0.760000,1.090000,1.230000,88.638150,303.783200,280.736100
635,2026-08-14 21:50:47.547,145,Qdi_caomei(Clone),-0.620000,1.156503,1.120000,302.861800,234.161300,299.453100
636,2026-08-14 21:50:47.600,17,BaiChun_caomei(Clone),-0.760000,1.090000,1.230000,89.669560,327.150000,303.916000
637,2026-08-14 21:50:47.601,145,Qdi_caomei(Clone),-0.630000,1.160000,1.120000,300.228300,228.461900,305.617800
638,2026-08-14 21:50:47.655,145,Qdi_caomei(Clone),-0.640000,1.170000,1.120000,298.038800,221.311800,311.630500
639,2026-08-14 21:50:47.716,17,BaiChun_caomei(Clone),-0.760000,1.090000,1.230000,89.225200,303.094500,280.067200
640,2026-08-14 21:50:47.716,145,Qdi_caomei(Clone),-0.630000,1.170000,1.120000,299.744900,217.154700,313.448500
641,2026-08-14 21:50:47.772,145,Qdi_caomei(Clone),-0.630000,1.160000,1.120000,301.906100,214.519200,314.104500
642,2026-08-14 21:50:47.854,17,BaiChun_caomei(Clone),-0.760000,1.090000,1.230000,88.988960,300.468800,277.386200
643,2026-08-14 21:50:47.855,145,Qdi_caomei(Clone),-0.630000,1.170000,1.120000,301.051400,213.503900,315.963600
644,2026-08-14 21:50:47.916,17,BaiChun_caomei(Clone),-0.760000,1.090000,1.230000,89.756910,304.349000,281.000700
645,2026-08-14 21:50:47.917,145,Qdi_caomei(Clone),-0.630000,1.170000,1.120000,300.980000,215.035600,315.061900
646,2026-08-14 21:50:47.977,17,BaiChun_caomei(Clone),-0.760000,1.090000,1.230000,88.738240,319.102500,295.721500
647,2026-08-14 21:50:47.977,145,Qdi_caomei(Clone),-0.640000,1.120000,1.127304,320.238300,239.161800,294.882200
648,2026-08-14 21:50:48.041,17,BaiChun_caomei(Clone),-0.760000,1.090000,1.230000,88.547200,319.558100,296.171100
649,2026-08-14 21:50:48.041,145,Qdi_caomei(Clone),-0.640000,1.130000,1.120000,316.478700,241.926200,293.493800
650,2026-08-14 21:50:48.092,17,BaiChun_caomei(Clone),-0.760000,1.090000,1.230000,89.907220,23.329410,0.000000
651,2026-08-14 21:50:48.092,145,Qdi_caomei(Clone),-0.640000,1.120442,1.120000,311.136200,239.143600,298.160500
652,2026-08-14 21:50:48.148,145,Qdi_caomei(Clone),-0.640000,1.098411,1.120000,298.673400,218.323800,322.669600
653,2026-08-14 21:50:48.216,145,Qdi_caomei(Clone),-0.632426,1.082426,1.120000,293.286200,191.076000,351.129200
654,2026-08-14 21:50:48.280,145,Qdi_caomei(Clone),-0.616748,1.103139,1.120000,286.538000,108.829800,75.978720
655,2026-08-14 21:50:48.338,145,Qdi_caomei(Clone),-0.615918,1.104082,1.120000,286.858300,107.174700,77.603960
656,2026-08-14 21:50:48.405,145,Qdi_caomei(Clone),-0.610000,1.110000,1.120000,293.889800,90.611930,93.739910
657,2026-08-14 21:50:53.622,107,KeleP1 (2)(Clone),-0.100000,1.270000,-1.780000,359.917200,92.355820,358.577100
658,2026-08-14 21:50:53.740,107,KeleP1 (2)(Clone),-0.100000,1.270000,-1.780000,359.597600,92.438300,359.694600
659,2026-08-14 21:50:54.040,108,KeleP1 (3)(Clone),-0.210000,1.270000,-1.860000,359.546600,92.232370,0.106412
660,2026-08-14 21:50:54.096,108,KeleP1 (3)(Clone),-0.210000,1.270000,-1.860000,0.008234,92.403960,359.465900
661,2026-08-14 21:50:54.492,106,KeleP1 (1)(Clone),-0.100000,1.300000,-1.890000,355.733000,100.762100,276.809500
662,2026-08-14 21:50:54.492,107,KeleP1 (2)(Clone),-0.080000,1.260000,-1.780000,358.024000,82.230260,359.011300
663,2026-08-14 21:50:54.492,108,KeleP1 (3)(Clone),-0.210000,1.270000,-1.860000,358.460700,92.658230,358.731700
664,2026-08-14 21:50:54.543,106,KeleP1 (1)(Clone),-0.100000,1.310000,-1.900000,353.079000,100.670200,266.218000
665,2026-08-14 21:50:54.543,107,KeleP1 (2)(Clone),-0.080000,1.270000,-1.790000,358.380700,81.772960,2.475263
666,2026-08-14 21:50:54.543,108,KeleP1 (3)(Clone),-0.210000,1.270000,-1.860000,358.033700,92.439480,357.604800
667,2026-08-14 21:50:54.593,106,KeleP1 (1)(Clone),-0.100000,1.300000,-1.900000,354.508200,99.981190,269.826600
668,2026-08-14 21:50:54.593,107,KeleP1 (2)(Clone),-0.080000,1.270000,-1.782716,358.003500,80.482800,3.283825
669,2026-08-14 21:50:54.657,107,KeleP1 (2)(Clone),-0.080000,1.270000,-1.780000,357.433000,79.565910,3.284350
670,2026-08-14 21:50:54.657,108,KeleP1 (3)(Clone),-0.210000,1.270000,-1.860000,356.422900,91.740170,0.223098
671,2026-08-14 21:50:54.710,107,KeleP1 (2)(Clone),-0.080000,1.270000,-1.780000,356.473800,79.061600,3.152515
672,2026-08-14 21:50:54.763,107,KeleP1 (2)(Clone),-0.073866,1.270000,-1.775334,356.504700,79.606320,3.028467
673,2026-08-14 21:50:54.826,107,KeleP1 (2)(Clone),-0.070000,1.270000,-1.770000,356.795700,80.502300,3.411438
674,2026-08-14 21:50:54.888,107,KeleP1 (2)(Clone),-0.075874,1.292379,-1.739369,354.881700,81.319820,5.677909
675,2026-08-14 21:50:54.888,108,KeleP1 (3)(Clone),-0.210000,1.270000,-1.860000,357.262200,91.529050,359.856800
676,2026-08-14 21:50:54.944,107,KeleP1 (2)(Clone),-0.070000,1.330683,-1.699317,350.561600,79.085180,8.376329
677,2026-08-14 21:50:54.995,107,KeleP1 (2)(Clone),-0.070000,1.343207,-1.686793,346.485500,75.608180,9.450897
678,2026-08-14 21:50:55.055,107,KeleP1 (2)(Clone),-0.070000,1.350000,-1.676946,345.184600,72.876970,9.910600
679,2026-08-14 21:50:55.115,107,KeleP1 (2)(Clone),-0.060000,1.350000,-1.670000,341.455200,64.920750,11.601150
680,2026-08-14 21:50:55.173,107,KeleP1 (2)(Clone),-0.052727,1.367273,-1.618180,335.513900,57.538240,14.797300
681,2026-08-14 21:50:55.226,107,KeleP1 (2)(Clone),-0.040000,1.407532,-1.578702,325.801000,46.446820,21.078930
682,2026-08-14 21:50:55.289,107,KeleP1 (2)(Clone),-0.040000,1.420000,-1.550000,320.311000,41.983720,22.965180
683,2026-08-14 21:50:55.345,107,KeleP1 (2)(Clone),-0.046201,1.426201,-1.534336,319.502400,40.840350,24.624510
684,2026-08-14 21:50:55.445,107,KeleP1 (2)(Clone),-0.069979,1.469553,-1.429878,320.369100,41.555000,32.539960
685,2026-08-14 21:50:55.564,107,KeleP1 (2)(Clone),-0.098428,1.498428,-1.355503,310.927700,38.537580,43.482290
686,2026-08-14 21:50:55.564,108,KeleP1 (3)(Clone),-0.210000,1.270000,-1.860000,357.989000,91.767250,359.632800
687,2026-08-14 21:50:55.629,107,KeleP1 (2)(Clone),-0.103713,1.520000,-1.323712,308.506300,31.865650,53.601620
688,2026-08-14 21:50:55.681,107,KeleP1 (2)(Clone),-0.122302,1.512302,-1.285395,310.756500,32.988580,55.579730
689,2026-08-14 21:50:55.748,106,KeleP1 (1)(Clone),-0.100000,1.300000,-1.900000,355.422700,100.095500,269.826000
690,2026-08-14 21:50:55.748,107,KeleP1 (2)(Clone),-0.150000,1.514399,-1.264399,315.455200,39.029740,55.180500
691,2026-08-14 21:50:55.799,107,KeleP1 (2)(Clone),-0.160000,1.510671,-1.249328,317.064400,41.459930,54.260300
692,2026-08-14 21:50:55.858,106,KeleP1 (1)(Clone),-0.100000,1.300000,-1.900000,357.337700,100.176800,269.746500
693,2026-08-14 21:50:55.858,107,KeleP1 (2)(Clone),-0.190000,1.520000,-1.160000,319.040700,50.038800,52.886740
694,2026-08-14 21:50:55.911,107,KeleP1 (2)(Clone),-0.220000,1.520000,-1.090000,320.097800,58.398780,49.426120
695,2026-08-14 21:50:55.965,106,KeleP1 (1)(Clone),-0.100000,1.300000,-1.900000,359.067700,100.228600,269.683600
696,2026-08-14 21:50:55.965,107,KeleP1 (2)(Clone),-0.224252,1.520000,-1.079370,320.168400,60.614360,48.782220
697,2026-08-14 21:50:56.027,107,KeleP1 (2)(Clone),-0.250000,1.526074,-1.020000,320.097400,63.772580,48.915040
698,2026-08-14 21:50:56.082,107,KeleP1 (2)(Clone),-0.260000,1.520000,-0.967406,320.581500,64.177350,50.996130
699,2026-08-14 21:50:56.082,108,KeleP1 (3)(Clone),-0.210000,1.270000,-1.860000,359.271400,91.998120,359.109000
700,2026-08-14 21:50:56.132,107,KeleP1 (2)(Clone),-0.276079,1.526079,-0.910000,322.911300,65.534870,55.057910
701,2026-08-14 21:50:56.197,107,KeleP1 (2)(Clone),-0.280000,1.533741,-0.891296,323.215100,66.901040,55.629650
702,2026-08-14 21:50:56.197,108,KeleP1 (3)(Clone),-0.210000,1.270000,-1.860000,0.303617,91.995730,359.458800
703,2026-08-14 21:50:56.251,106,KeleP1 (1)(Clone),-0.100000,1.300000,-1.900000,357.637200,100.213000,269.786100
704,2026-08-14 21:50:56.251,107,KeleP1 (2)(Clone),-0.280000,1.540000,-0.820000,323.580400,72.546310,54.932890
705,2026-08-14 21:50:56.310,106,KeleP1 (1)(Clone),-0.100000,1.300000,-1.900000,354.874500,100.137100,270.051800
706,2026-08-14 21:50:56.310,107,KeleP1 (2)(Clone),-0.290000,1.530000,-0.749588,323.345700,78.606510,54.240540
707,2026-08-14 21:50:56.363,106,KeleP1 (1)(Clone),-0.110000,1.300000,-1.900000,349.234000,100.364700,269.653500
708,2026-08-14 21:50:56.363,107,KeleP1 (2)(Clone),-0.296107,1.541457,-0.690727,323.090800,86.016220,52.102420
709,2026-08-14 21:50:56.435,106,KeleP1 (1)(Clone),-0.110000,1.300000,-1.900000,347.607000,100.293000,269.637300
710,2026-08-14 21:50:56.435,107,KeleP1 (2)(Clone),-0.290000,1.540000,-0.620000,324.421700,90.799290,50.288970
711,2026-08-14 21:50:56.484,107,KeleP1 (2)(Clone),-0.298875,1.540000,-0.557875,324.116600,95.882680,47.652070
712,2026-08-14 21:50:56.554,106,KeleP1 (1)(Clone),-0.110000,1.300000,-1.900000,348.911600,100.255600,269.621800
713,2026-08-14 21:50:56.554,107,KeleP1 (2)(Clone),-0.300000,1.530000,-0.487745,322.511200,100.761800,45.999980
714,2026-08-14 21:50:56.554,108,KeleP1 (3)(Clone),-0.210000,1.270000,-1.860000,359.227700,91.999050,359.314300
715,2026-08-14 21:50:56.609,106,KeleP1 (1)(Clone),-0.110000,1.300000,-1.900000,350.402300,100.203600,269.781900
716,2026-08-14 21:50:56.610,107,KeleP1 (2)(Clone),-0.300000,1.536470,-0.460000,323.190800,102.315000,45.741570
717,2026-08-14 21:50:56.671,106,KeleP1 (1)(Clone),-0.106232,1.300000,-1.900000,351.802600,100.224400,269.959000
718,2026-08-14 21:50:56.671,107,KeleP1 (2)(Clone),-0.300000,1.540000,-0.450000,324.194600,102.466600,46.436690
719,2026-08-14 21:50:56.739,107,KeleP1 (2)(Clone),-0.300000,1.540000,-0.398948,323.806100,104.689200,48.789060
720,2026-08-14 21:50:56.791,107,KeleP1 (2)(Clone),-0.290000,1.534645,-0.364645,322.129400,109.406900,48.554270
721,2026-08-14 21:50:56.851,107,KeleP1 (2)(Clone),-0.290000,1.530000,-0.350000,320.696700,111.082500,49.077350
722,2026-08-14 21:50:56.905,107,KeleP1 (2)(Clone),-0.302896,1.520000,-0.310000,319.031400,125.054700,46.429580
723,2026-08-14 21:50:56.955,107,KeleP1 (2)(Clone),-0.310000,1.520000,-0.291414,319.010700,123.359100,51.117420
724,2026-08-14 21:50:57.017,107,KeleP1 (2)(Clone),-0.300000,1.530000,-0.280000,319.204800,121.461300,54.218250
725,2026-08-14 21:50:57.070,107,KeleP1 (2)(Clone),-0.320000,1.504858,-0.229716,318.252900,126.262500,52.951900
726,2026-08-14 21:50:57.122,107,KeleP1 (2)(Clone),-0.320000,1.500000,-0.220000,319.542700,127.303500,53.293780
727,2026-08-14 21:50:57.188,107,KeleP1 (2)(Clone),-0.320000,1.510000,-0.210000,319.773300,133.525800,49.537630
728,2026-08-14 21:50:57.252,107,KeleP1 (2)(Clone),-0.320594,1.510000,-0.200000,319.441300,137.968600,47.641470
729,2026-08-14 21:50:57.321,107,KeleP1 (2)(Clone),-0.340000,1.510000,-0.160000,317.297600,146.453600,46.143580
730,2026-08-14 21:50:57.387,107,KeleP1 (2)(Clone),-0.340000,1.520000,-0.149614,315.146500,143.224300,52.487830
731,2026-08-14 21:50:57.438,107,KeleP1 (2)(Clone),-0.340000,1.520000,-0.140000,316.261900,145.598600,50.689620
732,2026-08-14 21:50:57.511,107,KeleP1 (2)(Clone),-0.330000,1.520000,-0.117105,316.707800,153.401900,46.114970
733,2026-08-14 21:50:57.567,107,KeleP1 (2)(Clone),-0.330000,1.520000,-0.089093,314.818000,156.986500,45.832720
734,2026-08-14 21:50:57.619,107,KeleP1 (2)(Clone),-0.330000,1.520000,-0.070000,313.647900,157.437300,47.888650
735,2026-08-14 21:50:57.675,107,KeleP1 (2)(Clone),-0.320000,1.520000,-0.040000,316.044700,161.252200,45.609800
736,2026-08-14 21:50:57.742,107,KeleP1 (2)(Clone),-0.320000,1.510000,-0.025441,317.514500,161.918400,44.574420
737,2026-08-14 21:50:57.801,107,KeleP1 (2)(Clone),-0.310000,1.500000,0.035917,316.516300,164.776800,45.417170
738,2026-08-14 21:50:57.925,107,KeleP1 (2)(Clone),-0.310000,1.500000,0.074072,317.291600,163.000000,46.230560
739,2026-08-14 21:50:57.992,107,KeleP1 (2)(Clone),-0.300000,1.510000,0.143001,318.347100,162.101700,48.916260
740,2026-08-14 21:50:58.043,107,KeleP1 (2)(Clone),-0.300000,1.519421,0.150000,316.131300,161.962600,50.325780
741,2026-08-14 21:50:58.104,107,KeleP1 (2)(Clone),-0.310000,1.510630,0.169678,317.985000,165.448500,43.935160
742,2026-08-14 21:50:58.177,107,KeleP1 (2)(Clone),-0.306265,1.510000,0.233735,317.433100,166.369400,42.312940
743,2026-08-14 21:50:58.240,107,KeleP1 (2)(Clone),-0.310000,1.510000,0.230000,316.081400,167.049000,39.864790
744,2026-08-14 21:50:58.309,107,KeleP1 (2)(Clone),-0.310000,1.509030,0.249030,318.544300,166.660900,41.061840
745,2026-08-14 21:50:58.369,107,KeleP1 (2)(Clone),-0.320000,1.480000,0.308039,318.396600,163.974100,44.843830
746,2026-08-14 21:50:58.420,107,KeleP1 (2)(Clone),-0.328736,1.503392,0.300000,318.812000,161.936100,46.516480
747,2026-08-14 21:50:58.524,107,KeleP1 (2)(Clone),-0.350000,1.473852,0.376148,317.929600,165.377900,44.550860
748,2026-08-14 21:50:58.575,107,KeleP1 (2)(Clone),-0.350579,1.470579,0.381158,320.288900,164.790600,44.383930
749,2026-08-14 21:50:58.644,107,KeleP1 (2)(Clone),-0.370000,1.480000,0.420000,319.428000,166.009200,44.460940
750,2026-08-14 21:50:58.705,107,KeleP1 (2)(Clone),-0.373862,1.480000,0.439769,316.829900,168.823300,42.028280
751,2026-08-14 21:50:58.817,107,KeleP1 (2)(Clone),-0.380000,1.460000,0.479271,317.491600,171.993700,40.829370
752,2026-08-14 21:50:58.873,107,KeleP1 (2)(Clone),-0.400000,1.461653,0.520000,313.558700,171.469900,42.499600
753,2026-08-14 21:50:58.928,107,KeleP1 (2)(Clone),-0.400000,1.480000,0.529603,313.575000,169.771700,43.995000
754,2026-08-14 21:50:58.991,107,KeleP1 (2)(Clone),-0.410000,1.470000,0.543862,314.623500,172.319100,42.675350
755,2026-08-14 21:50:59.044,107,KeleP1 (2)(Clone),-0.414441,1.470000,0.584441,313.844200,172.535900,44.504230
756,2026-08-14 21:50:59.095,107,KeleP1 (2)(Clone),-0.420000,1.471835,0.590000,312.467400,168.775700,47.393290
757,2026-08-14 21:50:59.164,107,KeleP1 (2)(Clone),-0.420000,1.470000,0.610000,312.766300,171.017300,46.156660
758,2026-08-14 21:50:59.220,107,KeleP1 (2)(Clone),-0.430000,1.450421,0.642583,311.732100,173.683000,42.927400
759,2026-08-14 21:50:59.284,107,KeleP1 (2)(Clone),-0.430000,1.450000,0.674535,310.781400,170.978400,45.165680
760,2026-08-14 21:50:59.347,107,KeleP1 (2)(Clone),-0.440000,1.450000,0.700000,310.594800,167.334400,47.716830
761,2026-08-14 21:50:59.414,107,KeleP1 (2)(Clone),-0.440000,1.460000,0.700000,312.396400,163.669900,50.016140
762,2026-08-14 21:50:59.463,107,KeleP1 (2)(Clone),-0.458812,1.440381,0.740295,312.138300,169.653000,40.981880
763,2026-08-14 21:50:59.526,107,KeleP1 (2)(Clone),-0.469934,1.439998,0.759869,309.179700,168.147900,44.253730
764,2026-08-14 21:50:59.597,107,KeleP1 (2)(Clone),-0.485359,1.424641,0.795359,306.322500,171.059700,41.808800
765,2026-08-14 21:50:59.667,107,KeleP1 (2)(Clone),-0.506231,1.417537,0.828694,302.735100,175.460300,38.165290
766,2026-08-14 21:50:59.726,107,KeleP1 (2)(Clone),-0.520446,1.380457,0.860000,298.642200,204.499300,10.868930
767,2026-08-14 21:50:59.781,107,KeleP1 (2)(Clone),-0.530000,1.390000,0.864371,298.178400,205.642700,10.093100
768,2026-08-14 21:50:59.844,107,KeleP1 (2)(Clone),-0.570797,1.364602,0.916195,297.451900,208.851900,6.262661
769,2026-08-14 21:50:59.896,107,KeleP1 (2)(Clone),-0.591847,1.340000,0.951847,297.513200,215.569100,1.431839
770,2026-08-14 21:50:59.965,107,KeleP1 (2)(Clone),-0.600000,1.356963,0.943037,293.967700,224.627500,354.647900
771,2026-08-14 21:51:00.018,107,KeleP1 (2)(Clone),-0.620000,1.354391,0.965609,293.108600,215.789800,3.088767
772,2026-08-14 21:51:00.083,107,KeleP1 (2)(Clone),-0.630000,1.330820,0.980000,295.830100,221.390200,358.229000
773,2026-08-14 21:51:00.147,107,KeleP1 (2)(Clone),-0.653929,1.293929,1.030000,300.559000,237.902800,339.492200
774,2026-08-14 21:51:00.199,107,KeleP1 (2)(Clone),-0.650000,1.284154,1.030000,304.028400,243.317400,332.566700
775,2026-08-14 21:51:00.249,107,KeleP1 (2)(Clone),-0.650000,1.290000,1.038026,304.654000,240.908200,334.601700
776,2026-08-14 21:51:00.318,107,KeleP1 (2)(Clone),-0.656966,1.290000,1.053932,304.979200,240.019200,335.375800
777,2026-08-14 21:51:00.382,107,KeleP1 (2)(Clone),-0.680000,1.218001,1.126000,307.894500,247.087200,329.338500
778,2026-08-14 21:51:00.453,107,KeleP1 (2)(Clone),-0.670000,1.246676,1.110000,308.205100,250.188600,324.394800
779,2026-08-14 21:51:00.514,17,BaiChun_caomei(Clone),-0.760000,1.090000,1.230000,89.541580,142.598300,119.135400
780,2026-08-14 21:51:00.514,107,KeleP1 (2)(Clone),-0.680000,1.250000,1.119901,311.022300,255.008300,318.475000
781,2026-08-14 21:51:00.577,107,KeleP1 (2)(Clone),-0.680000,1.225559,1.140000,315.630200,257.535400,314.700500
782,2026-08-14 21:51:00.634,17,BaiChun_caomei(Clone),-0.760000,1.090000,1.230000,89.756910,258.998800,235.650700
783,2026-08-14 21:51:00.634,107,KeleP1 (2)(Clone),-0.701169,1.200000,1.171168,313.152600,259.360700,310.583000
784,2026-08-14 21:51:00.634,145,Qdi_caomei(Clone),-0.610000,1.110000,1.120000,293.244300,90.762590,94.156400
785,2026-08-14 21:51:00.691,107,KeleP1 (2)(Clone),-0.700000,1.191638,1.178362,313.651200,265.644800,304.651600
786,2026-08-14 21:51:00.741,107,KeleP1 (2)(Clone),-0.700000,1.200944,1.169056,313.511000,264.342500,305.882900
787,2026-08-14 21:51:00.792,107,KeleP1 (2)(Clone),-0.700000,1.220000,1.160000,312.705100,265.112900,304.310900
788,2026-08-14 21:51:00.851,107,KeleP1 (2)(Clone),-0.700000,1.220000,1.160000,312.920700,268.578000,302.329900
789,2026-08-14 21:51:00.901,107,KeleP1 (2)(Clone),-0.700000,1.220000,1.167552,312.747700,271.256200,301.928600
790,2026-08-14 21:51:00.959,107,KeleP1 (2)(Clone),-0.700000,1.220000,1.170000,312.694400,272.126300,301.795800
791,2026-08-14 21:51:01.023,107,KeleP1 (2)(Clone),-0.692853,1.220000,1.180000,314.104300,270.957100,304.825300
792,2026-08-14 21:51:01.091,107,KeleP1 (2)(Clone),-0.700000,1.220000,1.190000,312.270900,271.842200,305.854600
793,2026-08-14 21:51:01.154,107,KeleP1 (2)(Clone),-0.700000,1.220000,1.190000,311.181900,272.886300,305.368200
794,2026-08-14 21:51:01.211,107,KeleP1 (2)(Clone),-0.700000,1.220000,1.190000,311.192000,273.048200,304.521400
795,2026-08-14 21:51:01.274,107,KeleP1 (2)(Clone),-0.700000,1.220000,1.190000,312.267300,270.611000,304.366600
796,2026-08-14 21:51:01.344,107,KeleP1 (2)(Clone),-0.690000,1.220000,1.190000,314.224100,267.421500,303.776900
797,2026-08-14 21:51:01.396,107,KeleP1 (2)(Clone),-0.690000,1.220000,1.190000,314.138900,266.344200,304.736900
798,2026-08-14 21:51:01.457,107,KeleP1 (2)(Clone),-0.690000,1.214624,1.190000,314.556500,267.269300,304.778300
799,2026-08-14 21:51:01.506,107,KeleP1 (2)(Clone),-0.690000,1.210001,1.190000,315.527200,272.066300,302.123000
800,2026-08-14 21:51:01.561,107,KeleP1 (2)(Clone),-0.690000,1.210000,1.190000,316.079800,272.869100,302.051400
801,2026-08-14 21:51:01.627,107,KeleP1 (2)(Clone),-0.680000,1.210000,1.190000,317.930700,270.430200,303.841600
802,2026-08-14 21:51:01.677,107,KeleP1 (2)(Clone),-0.680000,1.200000,1.190000,319.913300,266.128100,306.013900
803,2026-08-14 21:51:01.840,107,KeleP1 (2)(Clone),-0.672909,1.200000,1.187740,320.785900,266.510700,305.141000
804,2026-08-14 21:51:01.905,107,KeleP1 (2)(Clone),-0.670000,1.200000,1.180141,323.667300,262.167000,305.402400
805,2026-08-14 21:51:02.027,107,KeleP1 (2)(Clone),-0.670000,1.200000,1.180000,323.329300,262.040300,307.780100
806,2026-08-14 21:51:02.080,107,KeleP1 (2)(Clone),-0.670000,1.200000,1.180000,323.623200,260.859300,306.057400
807,2026-08-14 21:51:02.132,107,KeleP1 (2)(Clone),-0.674074,1.200000,1.170000,324.603000,258.783600,303.201100
808,2026-08-14 21:51:02.182,107,KeleP1 (2)(Clone),-0.680000,1.200000,1.161530,324.679700,255.866600,302.882300
809,2026-08-14 21:51:02.297,107,KeleP1 (2)(Clone),-0.679863,1.200000,1.160000,324.543400,254.279600,303.542600
810,2026-08-14 21:51:02.353,107,KeleP1 (2)(Clone),-0.670000,1.200000,1.160000,326.812500,252.975400,302.156500
811,2026-08-14 21:51:02.412,107,KeleP1 (2)(Clone),-0.670000,1.200000,1.152016,328.264200,252.040000,301.252100
812,2026-08-14 21:51:02.465,107,KeleP1 (2)(Clone),-0.670000,1.191334,1.159615,328.808300,249.023900,303.305800
813,2026-08-14 21:51:02.529,107,KeleP1 (2)(Clone),-0.670000,1.190000,1.160000,327.963700,250.440400,302.594300
814,2026-08-14 21:51:02.579,107,KeleP1 (2)(Clone),-0.670000,1.190000,1.150530,328.575700,250.021900,300.945600
815,2026-08-14 21:51:02.633,107,KeleP1 (2)(Clone),-0.674699,1.173554,1.159397,322.952900,246.702500,301.571400
816,2026-08-14 21:51:02.700,17,BaiChun_caomei(Clone),-0.760000,1.090000,1.230000,89.709930,299.413600,276.011100
817,2026-08-14 21:51:02.700,107,KeleP1 (2)(Clone),-0.687032,1.130388,1.184064,315.632000,231.716200,312.098200
818,2026-08-14 21:51:02.700,145,Qdi_caomei(Clone),-0.610000,1.110000,1.120000,292.165000,92.931440,91.442150
819,2026-08-14 21:51:02.763,17,BaiChun_caomei(Clone),-0.760000,1.090000,1.230000,89.343890,322.547800,299.094500
820,2026-08-14 21:51:02.763,107,KeleP1 (2)(Clone),-0.690000,1.128352,1.188352,316.138500,264.455200,272.200300
821,2026-08-14 21:51:02.763,145,Qdi_caomei(Clone),-0.610000,1.100484,1.120000,288.535600,101.804900,82.247490
822,2026-08-14 21:51:02.832,17,BaiChun_caomei(Clone),-0.760000,1.090000,1.230000,89.266980,324.310200,300.847000
823,2026-08-14 21:51:02.832,107,KeleP1 (2)(Clone),-0.690000,1.130000,1.190000,316.481100,266.996000,268.259100
824,2026-08-14 21:51:02.901,17,BaiChun_caomei(Clone),-0.760000,1.090000,1.230000,89.867300,133.946500,110.483600
825,2026-08-14 21:51:02.901,107,KeleP1 (2)(Clone),-0.690000,1.130000,1.183889,313.344700,266.077100,271.371300
826,2026-08-14 21:51:02.901,145,Qdi_caomei(Clone),-0.610000,1.100000,1.120000,286.202700,110.962900,73.564120
827,2026-08-14 21:51:09.607,205,YeZiZhi (2)(Clone),-0.100000,0.890000,-1.810000,358.249600,359.801500,0.058552
828,2026-08-14 21:51:09.728,205,YeZiZhi (2)(Clone),-0.100000,0.899095,-1.810000,352.245000,359.350400,353.477700
829,2026-08-14 21:51:09.789,205,YeZiZhi (2)(Clone),-0.090000,0.900000,-1.810000,346.972300,1.282475,346.540300
830,2026-08-14 21:51:09.849,205,YeZiZhi (2)(Clone),-0.090000,0.910000,-1.820000,336.435200,7.997142,329.622200
831,2026-08-14 21:51:09.907,150,Qdi_zhenzi (1)(Clone),0.100000,0.890000,-1.950000,359.445000,359.925000,359.129100
832,2026-08-14 21:51:09.907,203,YeZiZhi(Clone),-0.210000,0.890000,-1.810000,359.288000,359.759900,0.397531
833,2026-08-14 21:51:09.907,205,YeZiZhi (2)(Clone),-0.090000,0.910000,-1.820000,333.317700,7.323913,327.469600
834,2026-08-14 21:51:09.960,203,YeZiZhi(Clone),-0.210000,0.890000,-1.810000,358.919300,0.563777,1.363430
835,2026-08-14 21:51:09.960,205,YeZiZhi (2)(Clone),-0.090000,0.910000,-1.820000,328.657700,7.490694,327.305700
836,2026-08-14 21:51:10.012,150,Qdi_zhenzi (1)(Clone),0.100000,0.890000,-1.950000,359.920600,359.762400,359.921000
837,2026-08-14 21:51:10.012,203,YeZiZhi(Clone),-0.210000,0.890000,-1.810000,357.721200,1.893847,2.719236
838,2026-08-14 21:51:10.012,205,YeZiZhi (2)(Clone),-0.087176,0.920000,-1.820000,326.348100,18.938690,320.888700
839,2026-08-14 21:51:10.012,206,YeZiZhi (3)(Clone),-0.100000,0.890000,-1.930000,359.127900,0.189202,0.484092
840,2026-08-14 21:51:10.074,203,YeZiZhi(Clone),-0.210000,0.890000,-1.810000,356.272900,2.659616,3.227592
841,2026-08-14 21:51:10.074,205,YeZiZhi (2)(Clone),-0.075333,0.920000,-1.815333,329.027300,32.036300,313.138800
842,2026-08-14 21:51:10.128,203,YeZiZhi(Clone),-0.210000,0.897631,-1.810000,351.224500,3.100202,5.255908
843,2026-08-14 21:51:10.128,205,YeZiZhi (2)(Clone),-0.052369,0.920000,-1.810000,342.891800,62.659940,291.645000
844,2026-08-14 21:51:10.128,206,YeZiZhi (3)(Clone),-0.100000,0.890000,-1.930000,359.604000,359.920800,-0.003873
845,2026-08-14 21:51:10.178,203,YeZiZhi(Clone),-0.208442,0.900000,-1.810000,347.486500,6.671480,6.845811
846,2026-08-14 21:51:10.178,205,YeZiZhi (2)(Clone),-0.040000,0.930000,-1.821558,359.207600,77.250760,272.199000
847,2026-08-14 21:51:10.241,203,YeZiZhi(Clone),-0.200000,0.900000,-1.820000,344.050200,12.588090,7.637517
848,2026-08-14 21:51:10.241,204,YeZiZhi (1)(Clone),-0.210000,0.890000,-1.930000,359.463000,359.609300,0.540630
849,2026-08-14 21:51:10.241,205,YeZiZhi (2)(Clone),-0.040000,0.930000,-1.830000,358.387400,76.748880,269.871100
850,2026-08-14 21:51:10.297,203,YeZiZhi(Clone),-0.200000,0.900000,-1.820000,342.057800,17.402040,7.775834
851,2026-08-14 21:51:10.359,203,YeZiZhi(Clone),-0.200000,0.900000,-1.820000,341.797900,19.197100,7.760271
852,2026-08-14 21:51:10.359,204,YeZiZhi (1)(Clone),-0.210000,0.890000,-1.930000,358.368800,359.750300,0.844513
853,2026-08-14 21:51:10.359,205,YeZiZhi (2)(Clone),-0.040000,0.930000,-1.830000,359.992400,76.738300,269.856500
854,2026-08-14 21:51:10.744,205,YeZiZhi (2)(Clone),-0.040000,0.930000,-1.830000,1.806683,76.751890,270.159300
855,2026-08-14 21:51:10.796,162,ShaoXianCao (3)(Clone),-0.310000,0.890000,-1.920000,358.875700,359.918900,0.195994
856,2026-08-14 21:51:10.797,203,YeZiZhi(Clone),-0.200000,0.900000,-1.830000,344.881000,31.198640,4.801656
857,2026-08-14 21:51:10.797,204,YeZiZhi (1)(Clone),-0.210000,0.890000,-1.930000,359.920300,359.762500,359.762500
858,2026-08-14 21:51:10.797,205,YeZiZhi (2)(Clone),-0.040000,0.930000,-1.830000,356.598600,76.504430,269.609400
859,2026-08-14 21:51:10.866,162,ShaoXianCao (3)(Clone),-0.310000,0.890000,-1.920000,357.614800,359.642600,1.808382
860,2026-08-14 21:51:10.866,203,YeZiZhi(Clone),-0.225177,0.910000,-1.827588,341.496400,3.788456,16.277540
861,2026-08-14 21:51:10.866,204,YeZiZhi (1)(Clone),-0.210000,0.890000,-1.930000,359.129100,359.444900,0.083429
862,2026-08-14 21:51:10.930,161,ShaoXianCao (2)(Clone),-0.320000,0.890000,-1.800000,0.221033,0.561268,3.407522
863,2026-08-14 21:51:10.930,162,ShaoXianCao (3)(Clone),-0.320000,0.900000,-1.920000,353.939700,359.249200,9.648640
864,2026-08-14 21:51:10.931,203,YeZiZhi(Clone),-0.250000,0.900000,-1.840000,341.544800,7.414587,13.549380
865,2026-08-14 21:51:10.931,204,YeZiZhi (1)(Clone),-0.210000,0.890000,-1.930000,359.921300,359.762200,0.237784
866,2026-08-14 21:51:10.998,161,ShaoXianCao (2)(Clone),-0.320000,0.890000,-1.810000,356.839300,0.983741,7.506067
867,2026-08-14 21:51:10.998,162,ShaoXianCao (3)(Clone),-0.320000,0.900000,-1.920000,352.286800,1.071323,13.695340
868,2026-08-14 21:51:10.998,203,YeZiZhi(Clone),-0.250000,0.910000,-1.840000,338.015400,13.218500,14.620470
869,2026-08-14 21:51:11.061,159,ShaoXianCao(Clone),-0.410000,0.890000,-1.800000,359.518300,0.004673,0.421804
870,2026-08-14 21:51:11.061,160,ShaoXianCao (1)(Clone),-0.410000,0.890000,-1.920000,359.836800,359.833500,1.128492
871,2026-08-14 21:51:11.061,161,ShaoXianCao (2)(Clone),-0.320000,0.895407,-1.804593,354.918300,359.526900,11.542000
872,2026-08-14 21:51:11.061,162,ShaoXianCao (3)(Clone),-0.310000,0.900000,-1.930000,351.204500,4.754788,14.732170
873,2026-08-14 21:51:11.061,203,YeZiZhi(Clone),-0.250000,0.910000,-1.840000,336.437100,15.060400,14.286490
874,2026-08-14 21:51:11.114,159,ShaoXianCao(Clone),-0.410000,0.890000,-1.800000,359.604900,359.916100,1.346843
875,2026-08-14 21:51:11.114,161,ShaoXianCao (2)(Clone),-0.320000,0.900000,-1.810000,354.265600,0.592513,13.404060
876,2026-08-14 21:51:11.114,162,ShaoXianCao (3)(Clone),-0.310000,0.900000,-1.930000,348.978100,11.048590,14.687920
877,2026-08-14 21:51:11.115,203,YeZiZhi(Clone),-0.250000,0.910000,-1.840000,334.328800,16.559910,13.046650
878,2026-08-14 21:51:11.184,159,ShaoXianCao(Clone),-0.410000,0.890000,-1.800000,359.829700,359.920300,0.353179
879,2026-08-14 21:51:11.184,161,ShaoXianCao (2)(Clone),-0.320000,0.900000,-1.810000,353.940500,2.784144,12.542260
880,2026-08-14 21:51:11.184,162,ShaoXianCao (3)(Clone),-0.310000,0.900000,-1.930000,346.807100,16.660240,14.147550
881,2026-08-14 21:51:11.184,203,YeZiZhi(Clone),-0.250000,0.910000,-1.840000,332.862100,15.855450,12.261400
882,2026-08-14 21:51:11.237,161,ShaoXianCao (2)(Clone),-0.320000,0.900000,-1.810000,354.636700,6.463467,9.648080
883,2026-08-14 21:51:11.237,162,ShaoXianCao (3)(Clone),-0.310000,0.900000,-1.940000,343.819600,26.479630,12.808060
884,2026-08-14 21:51:11.237,203,YeZiZhi(Clone),-0.250000,0.910000,-1.840000,331.083000,10.320240,12.402120
885,2026-08-14 21:51:11.305,160,ShaoXianCao (1)(Clone),-0.410000,0.890000,-1.920000,359.868500,359.767900,0.020193
886,2026-08-14 21:51:11.305,161,ShaoXianCao (2)(Clone),-0.320000,0.890000,-1.810000,356.527300,10.181130,6.180030
887,2026-08-14 21:51:11.306,162,ShaoXianCao (3)(Clone),-0.310000,0.900000,-1.940000,341.216700,34.615910,11.527270
888,2026-08-14 21:51:11.306,203,YeZiZhi(Clone),-0.250000,0.910000,-1.840000,329.232800,3.616289,14.065720
889,2026-08-14 21:51:11.372,161,ShaoXianCao (2)(Clone),-0.320000,0.890000,-1.810000,1.279761,11.203860,358.821400
890,2026-08-14 21:51:11.372,162,ShaoXianCao (3)(Clone),-0.300000,0.908132,-1.950000,332.150000,52.539010,8.631483
891,2026-08-14 21:51:11.372,203,YeZiZhi(Clone),-0.250000,0.910000,-1.840000,322.034500,5.332036,13.924800
892,2026-08-14 21:51:11.431,161,ShaoXianCao (2)(Clone),-0.320000,0.890000,-1.810000,357.858300,11.360120,358.889000
893,2026-08-14 21:51:11.431,162,ShaoXianCao (3)(Clone),-0.300000,0.910000,-1.960000,321.036900,70.081830,2.405499
894,2026-08-14 21:51:11.431,203,YeZiZhi(Clone),-0.250000,0.919278,-1.840000,315.038900,1.790099,17.643340
895,2026-08-14 21:51:11.431,204,YeZiZhi (1)(Clone),-0.210000,0.890000,-1.930000,359.224400,359.607200,359.829300
896,2026-08-14 21:51:11.483,161,ShaoXianCao (2)(Clone),-0.320000,0.891547,-1.810000,352.972900,10.624820,1.719852
897,2026-08-14 21:51:11.484,162,ShaoXianCao (3)(Clone),-0.301547,0.910000,-1.970000,313.475300,79.371600,357.089100
898,2026-08-14 21:51:11.484,203,YeZiZhi(Clone),-0.250000,0.920000,-1.850000,310.563900,358.815800,20.903810
899,2026-08-14 21:51:11.539,161,ShaoXianCao (2)(Clone),-0.320000,0.900000,-1.810000,344.355100,9.280820,6.216015
900,2026-08-14 21:51:11.539,162,ShaoXianCao (3)(Clone),-0.314313,0.920000,-1.974313,296.091900,104.969400,334.844700
901,2026-08-14 21:51:11.539,203,YeZiZhi(Clone),-0.260000,0.920000,-1.850000,303.714500,4.584689,17.222530
902,2026-08-14 21:51:11.591,161,ShaoXianCao (2)(Clone),-0.320000,0.900000,-1.810000,342.726900,8.776178,7.283583
903,2026-08-14 21:51:11.591,162,ShaoXianCao (3)(Clone),-0.320000,0.920000,-1.980000,293.000400,114.283400,325.876000
904,2026-08-14 21:51:11.592,203,YeZiZhi(Clone),-0.260000,0.920000,-1.850000,303.080800,7.566808,15.023310
905,2026-08-14 21:51:11.661,159,ShaoXianCao(Clone),-0.410000,0.890000,-1.800000,0.065255,359.623200,1.383353
906,2026-08-14 21:51:11.661,160,ShaoXianCao (1)(Clone),-0.410000,0.890000,-1.920000,358.001600,0.329909,0.612474
907,2026-08-14 21:51:11.661,161,ShaoXianCao (2)(Clone),-0.321168,0.910000,-1.820000,335.047600,357.619300,17.046640
908,2026-08-14 21:51:11.661,162,ShaoXianCao (3)(Clone),-0.330000,0.920000,-1.990000,291.865000,174.163800,266.726900
909,2026-08-14 21:51:11.661,203,YeZiZhi(Clone),-0.260000,0.920000,-1.860000,298.210700,9.256979,15.880350
910,2026-08-14 21:51:11.721,159,ShaoXianCao(Clone),-0.410000,0.890000,-1.800000,358.745100,0.048634,1.246133
911,2026-08-14 21:51:11.721,160,ShaoXianCao (1)(Clone),-0.410000,0.896310,-1.920000,350.224400,359.891800,5.228047
912,2026-08-14 21:51:11.721,161,ShaoXianCao (2)(Clone),-0.336310,0.910000,-1.820000,332.466200,342.516800,23.771040
913,2026-08-14 21:51:11.721,162,ShaoXianCao (3)(Clone),-0.330000,0.920000,-1.990000,294.944000,171.137600,270.265400
914,2026-08-14 21:51:11.721,203,YeZiZhi(Clone),-0.260000,0.920000,-1.860000,298.292300,5.498055,16.054710
915,2026-08-14 21:51:11.721,204,YeZiZhi (1)(Clone),-0.210000,0.890000,-1.930000,359.822500,0.338449,359.445000
916,2026-08-14 21:51:11.776,159,ShaoXianCao(Clone),-0.410000,0.890000,-1.800000,357.754500,359.324100,2.193500
917,2026-08-14 21:51:11.776,160,ShaoXianCao (1)(Clone),-0.410000,0.900000,-1.920000,342.865900,0.127484,9.810088
918,2026-08-14 21:51:11.776,161,ShaoXianCao (2)(Clone),-0.340000,0.910000,-1.820000,326.990500,327.822300,32.715960
919,2026-08-14 21:51:11.776,162,ShaoXianCao (3)(Clone),-0.330000,0.920000,-1.990000,297.042600,171.031400,270.314000
920,2026-08-14 21:51:11.776,203,YeZiZhi(Clone),-0.260000,0.920000,-1.860000,297.814400,3.802788,16.574420
921,2026-08-14 21:51:11.835,159,ShaoXianCao(Clone),-0.410000,0.890000,-1.800000,358.230700,359.010500,4.180038
922,2026-08-14 21:51:11.835,160,ShaoXianCao (1)(Clone),-0.417780,0.900000,-1.920000,337.708600,355.576600,14.704920
923,2026-08-14 21:51:11.835,161,ShaoXianCao (2)(Clone),-0.347780,0.917780,-1.830000,323.890600,314.799000,42.001360
924,2026-08-14 21:51:11.835,162,ShaoXianCao (3)(Clone),-0.330000,0.927780,-1.990000,299.501900,173.932800,267.049400
925,2026-08-14 21:51:11.836,203,YeZiZhi(Clone),-0.260000,0.920000,-1.860000,297.759000,359.655700,19.367900
926,2026-08-14 21:51:11.909,159,ShaoXianCao(Clone),-0.410538,0.890538,-1.800000,359.048700,358.719800,10.452760
927,2026-08-14 21:51:11.909,160,ShaoXianCao (1)(Clone),-0.420538,0.910000,-1.920000,333.211400,342.724600,24.789790
928,2026-08-14 21:51:11.909,161,ShaoXianCao (2)(Clone),-0.360538,0.920000,-1.830538,332.456900,290.427500,60.512880
929,2026-08-14 21:51:11.909,162,ShaoXianCao (3)(Clone),-0.330000,0.920000,-2.000000,307.410400,171.379100,269.954900
930,2026-08-14 21:51:11.909,203,YeZiZhi(Clone),-0.260538,0.920000,-1.860000,297.374100,348.075200,25.656230
931,2026-08-14 21:51:11.975,159,ShaoXianCao(Clone),-0.420000,0.900000,-1.800000,358.628600,358.060100,20.526060
932,2026-08-14 21:51:11.975,160,ShaoXianCao (1)(Clone),-0.436006,0.910000,-1.920000,335.924000,320.062900,41.298200
933,2026-08-14 21:51:11.975,161,ShaoXianCao (2)(Clone),-0.370000,0.920000,-1.840000,348.080400,279.684100,66.170810
934,2026-08-14 21:51:11.975,162,ShaoXianCao (3)(Clone),-0.330000,0.920000,-2.000000,315.743900,171.372000,269.606800
935,2026-08-14 21:51:11.975,188,WaiXingRen (2)(Clone),-0.530000,0.890000,-1.800000,356.348200,90.531410,359.624300
936,2026-08-14 21:51:11.975,203,YeZiZhi(Clone),-0.270000,0.920000,-1.860000,297.223300,336.366200,33.002570
937,2026-08-14 21:51:12.041,159,ShaoXianCao(Clone),-0.430000,0.900000,-1.799428,5.967129,344.020800,18.891250
938,2026-08-14 21:51:12.041,160,ShaoXianCao (1)(Clone),-0.440572,0.920000,-1.920000,341.945700,307.098800,51.370650
939,2026-08-14 21:51:12.041,161,ShaoXianCao (2)(Clone),-0.380000,0.920000,-1.840000,358.094500,276.242300,67.346850
940,2026-08-14 21:51:12.041,162,ShaoXianCao (3)(Clone),-0.330000,0.920000,-2.000000,317.798300,171.316500,269.454800
941,2026-08-14 21:51:12.041,188,WaiXingRen (2)(Clone),-0.530000,0.890000,-1.800000,352.447400,90.481580,359.275400
942,2026-08-14 21:51:12.111,159,ShaoXianCao(Clone),-0.430000,0.900000,-1.782225,20.882020,322.969600,14.055830
943,2026-08-14 21:51:12.111,160,ShaoXianCao (1)(Clone),-0.450000,0.920000,-1.920000,344.177200,306.285000,49.641930
944,2026-08-14 21:51:12.111,161,ShaoXianCao (2)(Clone),-0.380000,0.920000,-1.840000,2.900606,274.929100,67.808330
945,2026-08-14 21:51:12.112,162,ShaoXianCao (3)(Clone),-0.330000,0.920000,-2.000000,316.883300,171.115000,269.796700
946,2026-08-14 21:51:12.112,186,WaiXingRen(Clone),-0.530000,0.890000,-1.940000,358.108300,89.557740,0.832028
947,2026-08-14 21:51:12.112,188,WaiXingRen (2)(Clone),-0.530000,0.890000,-1.800000,351.475200,90.548860,357.787400
948,2026-08-14 21:51:12.112,203,YeZiZhi(Clone),-0.270000,0.920000,-1.860000,297.011200,335.588700,33.406180
949,2026-08-14 21:51:12.175,159,ShaoXianCao(Clone),-0.420000,0.910000,-1.780000,31.313980,309.826800,9.385558
950,2026-08-14 21:51:12.175,204,YeZiZhi (1)(Clone),-0.210000,0.890000,-1.930000,0.036654,0.078831,358.811900
951,2026-08-14 21:51:12.242,159,ShaoXianCao(Clone),-0.420000,0.910000,-1.770000,37.758520,301.046800,5.002872
952,2026-08-14 21:51:12.242,161,ShaoXianCao (2)(Clone),-0.380000,0.920000,-1.840000,1.754468,275.208000,68.161420
953,2026-08-14 21:51:12.242,188,WaiXingRen (2)(Clone),-0.530000,0.890000,-1.800000,357.909400,91.090230,357.799500
954,2026-08-14 21:51:12.242,203,YeZiZhi(Clone),-0.270000,0.920000,-1.860000,297.355000,334.660400,34.075980
955,2026-08-14 21:51:12.306,159,ShaoXianCao(Clone),-0.430000,0.920000,-1.760000,58.407610,276.947800,345.405200
956,2026-08-14 21:51:12.306,160,ShaoXianCao (1)(Clone),-0.450000,0.920000,-1.920000,343.724900,306.711800,49.927620
957,2026-08-14 21:51:12.306,188,WaiXingRen (2)(Clone),-0.530000,0.890000,-1.800000,5.131541,92.406090,2.261246
958,2026-08-14 21:51:12.306,203,YeZiZhi(Clone),-0.270000,0.920000,-1.860000,297.460200,334.165700,34.490800
959,2026-08-14 21:51:12.362,159,ShaoXianCao(Clone),-0.446257,0.926257,-1.743743,69.868900,205.901500,273.164800
960,2026-08-14 21:51:12.435,159,ShaoXianCao(Clone),-0.463776,0.940000,-1.716224,45.655620,165.384400,229.241200
961,2026-08-14 21:51:12.435,188,WaiXingRen (2)(Clone),-0.530000,0.890000,-1.800000,5.714535,92.449810,6.337625
962,2026-08-14 21:51:12.489,159,ShaoXianCao(Clone),-0.511294,0.870417,-1.645649,5.338897,159.429200,217.948400
963,2026-08-14 21:51:12.489,188,WaiXingRen (2)(Clone),-0.530000,0.890000,-1.800000,0.588209,91.986160,2.893577
964,2026-08-14 21:51:12.541,159,ShaoXianCao(Clone),-0.513681,0.865277,-1.642638,3.719434,159.369000,217.608400
965,2026-08-14 21:51:12.596,159,ShaoXianCao(Clone),-0.539058,0.753766,-1.590941,338.852200,159.704300,212.347600
966,2026-08-14 21:51:12.645,159,ShaoXianCao(Clone),-0.565455,0.612727,-1.549091,318.524900,162.347400,206.792400
967,2026-08-14 21:51:12.645,188,WaiXingRen (2)(Clone),-0.530000,0.890000,-1.800000,358.040200,93.349660,356.967100
968,2026-08-14 21:51:12.696,59,DaJiao_lv(Clone),-0.660000,0.160000,-1.710000,357.784800,358.077200,0.050004
969,2026-08-14 21:51:12.696,61,DaJiao_lv (2)(Clone),-0.560000,0.160000,-1.700000,359.887700,357.386300,359.672800
970,2026-08-14 21:51:12.696,159,ShaoXianCao(Clone),-0.587905,0.396762,-1.504191,291.235000,164.122400,201.774800
971,2026-08-14 21:51:12.747,59,DaJiao_lv(Clone),-0.660000,0.166243,-1.710000,354.058600,358.107700,1.307411
972,2026-08-14 21:51:12.747,61,DaJiao_lv (2)(Clone),-0.560000,0.160000,-1.700000,358.616100,357.395100,359.219400
973,2026-08-14 21:51:12.748,159,ShaoXianCao(Clone),-0.596243,0.243814,-1.467514,274.959100,108.049800,257.127000
974,2026-08-14 21:51:12.748,188,WaiXingRen (2)(Clone),-0.530000,0.890000,-1.800000,1.295824,94.961260,1.148300
975,2026-08-14 21:51:12.798,59,DaJiao_lv(Clone),-0.660000,0.170000,-1.710000,348.825600,357.828400,3.790195
976,2026-08-14 21:51:12.800,159,ShaoXianCao(Clone),-0.610000,0.020000,-1.460000,322.989300,7.970807,356.866800
977,2026-08-14 21:51:12.852,59,DaJiao_lv(Clone),-0.660000,0.170000,-1.710000,345.696000,357.679600,5.115286
978,2026-08-14 21:51:12.852,61,DaJiao_lv (2)(Clone),-0.560000,0.160000,-1.700000,358.885100,357.386000,359.983200
979,2026-08-14 21:51:12.852,159,ShaoXianCao(Clone),-0.610000,0.010000,-1.460000,340.080900,3.895702,1.032957
980,2026-08-14 21:51:12.852,188,WaiXingRen (2)(Clone),-0.530000,0.890000,-1.800000,359.434400,95.226260,2.153439
981,2026-08-14 21:51:12.914,59,DaJiao_lv(Clone),-0.660000,0.170000,-1.710000,341.073300,357.296700,7.038868
982,2026-08-14 21:51:12.914,61,DaJiao_lv (2)(Clone),-0.560000,0.160000,-1.700000,0.256252,357.444900,0.014612
983,2026-08-14 21:51:12.915,159,ShaoXianCao(Clone),-0.610000,0.003717,-1.460000,3.132891,2.433550,3.377445
984,2026-08-14 21:51:12.986,59,DaJiao_lv(Clone),-0.660000,0.170000,-1.710000,338.519800,357.044300,7.913850
985,2026-08-14 21:51:12.986,159,ShaoXianCao(Clone),-0.610000,0.010000,-1.454861,12.263300,2.459277,3.610865
986,2026-08-14 21:51:12.986,188,WaiXingRen (2)(Clone),-0.530000,0.890000,-1.800000,0.338073,95.248540,358.842700
987,2026-08-14 21:51:13.050,59,DaJiao_lv(Clone),-0.660000,0.180000,-1.710000,327.196600,356.413600,11.150070
988,2026-08-14 21:51:13.051,159,ShaoXianCao(Clone),-0.610000,0.020000,-1.448968,40.059240,2.996871,4.045545
989,2026-08-14 21:51:13.051,188,WaiXingRen (2)(Clone),-0.530000,0.890000,-1.800000,359.772700,95.256680,0.314544
990,2026-08-14 21:51:13.121,59,DaJiao_lv(Clone),-0.660000,0.184863,-1.714863,314.146500,358.176800,13.179550
991,2026-08-14 21:51:13.121,159,ShaoXianCao(Clone),-0.610000,0.030000,-1.435137,65.074180,11.404480,11.062960
992,2026-08-14 21:51:13.185,59,DaJiao_lv(Clone),-0.660000,0.190000,-1.724620,297.756700,1.528762,14.246370
993,2026-08-14 21:51:13.185,62,DaJiao_lv (3)(Clone),-0.660000,0.160000,-1.940000,359.517400,357.534900,359.382600
994,2026-08-14 21:51:13.185,159,ShaoXianCao(Clone),-0.610000,0.030000,-1.420000,84.625130,58.289510,57.754350
995,2026-08-14 21:51:13.186,188,WaiXingRen (2)(Clone),-0.530000,0.890000,-1.800000,0.025683,95.256560,359.440500
996,2026-08-14 21:51:13.247,59,DaJiao_lv(Clone),-0.660000,0.200000,-1.748485,273.969200,255.131600,126.043000
997,2026-08-14 21:51:13.247,62,DaJiao_lv (3)(Clone),-0.660000,0.160000,-1.940000,358.991500,357.430700,359.887600
998,2026-08-14 21:51:13.248,159,ShaoXianCao(Clone),-0.610000,0.030000,-1.420000,89.808200,110.963100,110.058100
999,2026-08-14 21:51:13.299,59,DaJiao_lv(Clone),-0.660000,0.200000,-1.750000,275.324600,236.291400,145.028700
1000,2026-08-14 21:51:13.299,159,ShaoXianCao(Clone),-0.610000,0.030000,-1.420000,89.586940,238.345100,237.448900
1001,2026-08-14 21:51:13.373,59,DaJiao_lv(Clone),-0.660000,0.200000,-1.750000,274.573300,226.384700,155.153900
1002,2026-08-14 21:51:13.373,159,ShaoXianCao(Clone),-0.610000,0.030000,-1.420000,88.728670,260.885100,259.890000
1003,2026-08-14 21:51:13.437,159,ShaoXianCao(Clone),-0.610000,0.030000,-1.420000,89.023610,77.777690,76.825620
1004,2026-08-14 21:51:13.503,59,DaJiao_lv(Clone),-0.660000,0.200000,-1.750000,274.480000,224.597900,156.940000
1005,2026-08-14 21:51:13.503,62,DaJiao_lv (3)(Clone),-0.660000,0.160000,-1.940000,0.653590,357.384600,359.774600
1006,2026-08-14 21:51:13.503,159,ShaoXianCao(Clone),-0.610000,0.030000,-1.420000,88.528590,82.201410,81.305200
1007,2026-08-14 21:51:13.609,62,DaJiao_lv (3)(Clone),-0.660000,0.160000,-1.940000,359.605700,357.544100,0.087676
1008,2026-08-14 21:51:13.666,59,DaJiao_lv(Clone),-0.660000,0.200000,-1.750000,274.387900,223.252100,158.399200
1009,2026-08-14 21:51:15.690,149,Qdi_zhenzi(Clone),0.100000,0.890000,-1.810000,0.218803,359.760500,359.020200
1010,2026-08-14 21:51:15.749,149,Qdi_zhenzi(Clone),0.110000,0.900000,-1.810000,3.607903,352.131600,354.780800
1011,2026-08-14 21:51:15.942,149,Qdi_zhenzi(Clone),0.110000,0.900000,-1.810000,0.217910,351.931700,348.574100
1012,2026-08-14 21:51:16.003,149,Qdi_zhenzi(Clone),0.110000,0.900000,-1.810000,359.099900,351.241900,351.383500
1013,2026-08-14 21:51:16.058,149,Qdi_zhenzi(Clone),0.110000,0.890000,-1.810000,0.106568,351.039600,359.390000
1014,2026-08-14 21:51:16.112,149,Qdi_zhenzi(Clone),0.110000,0.890000,-1.810000,0.450825,351.044700,1.228651
1015,2026-08-14 21:51:16.231,149,Qdi_zhenzi(Clone),0.110000,0.890000,-1.810000,359.735700,351.140400,357.614900
1016,2026-08-14 21:51:16.295,149,Qdi_zhenzi(Clone),0.110000,0.890000,-1.810000,357.946800,351.176400,357.633100
1017,2026-08-14 21:51:16.349,149,Qdi_zhenzi(Clone),0.110000,0.900000,-1.810000,353.524100,350.394400,358.076300
1018,2026-08-14 21:51:16.411,149,Qdi_zhenzi(Clone),0.110000,0.900000,-1.819555,343.099200,350.189200,359.661900
1019,2026-08-14 21:51:16.412,150,Qdi_zhenzi (1)(Clone),0.100000,0.890000,-1.950000,356.390000,359.764500,359.928200
1020,2026-08-14 21:51:16.525,149,Qdi_zhenzi(Clone),0.110000,0.900000,-1.820000,337.993400,349.901200,-0.003161
1021,2026-08-14 21:51:16.525,150,Qdi_zhenzi (1)(Clone),0.100000,0.896713,-1.950000,351.353100,359.671200,359.786600
1022,2026-08-14 21:51:16.583,149,Qdi_zhenzi(Clone),0.110000,0.900000,-1.820000,335.451200,349.875100,359.904400
1023,2026-08-14 21:51:16.583,150,Qdi_zhenzi (1)(Clone),0.100000,0.900000,-1.950000,348.554100,359.606000,359.959900
1024,2026-08-14 21:51:16.642,149,Qdi_zhenzi(Clone),0.110000,0.900000,-1.820000,333.573700,350.004200,359.896200
1025,2026-08-14 21:51:16.642,150,Qdi_zhenzi (1)(Clone),0.100000,0.900000,-1.950000,346.398300,359.443200,359.986600
1026,2026-08-14 21:51:16.699,149,Qdi_zhenzi(Clone),0.110000,0.910000,-1.820000,330.632300,349.952600,359.858600
1027,2026-08-14 21:51:16.699,150,Qdi_zhenzi (1)(Clone),0.100000,0.900000,-1.950000,342.987300,359.111100,0.052858
1028,2026-08-14 21:51:16.759,149,Qdi_zhenzi(Clone),0.110000,0.910000,-1.820000,328.017500,349.897300,359.842200
1029,2026-08-14 21:51:16.759,150,Qdi_zhenzi (1)(Clone),0.100000,0.900000,-1.950000,339.869900,358.964400,359.942500
1030,2026-08-14 21:51:16.814,149,Qdi_zhenzi(Clone),0.110000,0.910000,-1.820000,325.432800,349.962200,359.677700
1031,2026-08-14 21:51:16.814,150,Qdi_zhenzi (1)(Clone),0.100000,0.900000,-1.950000,336.884800,358.913900,359.941300
1032,2026-08-14 21:51:16.868,149,Qdi_zhenzi(Clone),0.110000,0.910000,-1.820000,324.678300,349.816400,359.829300
1033,2026-08-14 21:51:16.868,150,Qdi_zhenzi (1)(Clone),0.100000,0.900000,-1.950000,335.658200,359.120200,359.946700
1034,2026-08-14 21:51:17.069,149,Qdi_zhenzi(Clone),0.110000,0.910000,-1.820000,324.286100,350.289600,359.500700
1035,2026-08-14 21:51:17.121,149,Qdi_zhenzi(Clone),0.110000,0.910000,-1.820000,320.498800,352.668900,356.773800
1036,2026-08-14 21:51:17.121,150,Qdi_zhenzi (1)(Clone),0.100000,0.900000,-1.950000,335.928000,359.893400,359.617800
1037,2026-08-14 21:51:17.185,149,Qdi_zhenzi(Clone),0.110000,0.910000,-1.820000,320.008900,353.315400,355.931600
1038,2026-08-14 21:51:17.238,149,Qdi_zhenzi(Clone),0.110000,0.910000,-1.820000,321.300600,352.999200,356.379500
1039,2026-08-14 21:51:17.290,149,Qdi_zhenzi(Clone),0.110000,0.910000,-1.820000,322.761000,351.337400,357.907600
1040,2026-08-14 21:51:17.404,149,Qdi_zhenzi(Clone),0.110000,0.910000,-1.820000,324.190300,350.780400,358.602400
1041,2026-08-14 21:51:17.476,149,Qdi_zhenzi(Clone),0.110000,0.910000,-1.820000,324.373000,349.366200,359.534800
1042,2026-08-14 21:51:17.526,150,Qdi_zhenzi (1)(Clone),0.100000,0.900000,-1.950000,335.657000,359.156800,359.776700
1043,2026-08-14 21:51:20.033,101,Kele(Clone),-0.220000,1.610000,-1.780000,359.129800,0.341305,359.630100
1044,2026-08-14 21:51:20.151,101,Kele(Clone),-0.220000,1.610000,-1.780000,0.310763,359.971600,359.886600
1045,2026-08-14 21:51:20.202,101,Kele(Clone),-0.220000,1.610000,-1.780000,356.384600,3.979703,359.027600
1046,2026-08-14 21:51:20.264,101,Kele(Clone),-0.220000,1.610000,-1.780000,353.767900,5.590744,358.766200
1047,2026-08-14 21:51:20.316,101,Kele(Clone),-0.220000,1.610000,-1.780000,350.087000,9.073295,357.708200
1048,2026-08-14 21:51:20.380,101,Kele(Clone),-0.220000,1.610000,-1.780000,350.602300,16.228100,356.317600
1049,2026-08-14 21:51:20.436,101,Kele(Clone),-0.220000,1.610000,-1.780000,353.475000,25.601680,353.363000
1050,2026-08-14 21:51:20.487,101,Kele(Clone),-0.220000,1.610000,-1.780000,356.018800,25.136560,352.511000
1051,2026-08-14 21:51:20.487,103,Kele (2)(Clone),-0.120000,1.610000,-1.780000,359.674500,1.251906,358.925900
1052,2026-08-14 21:51:20.551,101,Kele(Clone),-0.220000,1.610000,-1.780000,1.283639,24.479130,355.788700
1053,2026-08-14 21:51:20.551,103,Kele (2)(Clone),-0.110000,1.610000,-1.780000,357.301100,11.128250,349.535000
1054,2026-08-14 21:51:20.617,101,Kele(Clone),-0.220000,1.610000,-1.780000,3.126607,24.473200,0.645591
1055,2026-08-14 21:51:20.617,103,Kele (2)(Clone),-0.110000,1.620000,-1.780000,356.573500,16.112410,339.127500
1056,2026-08-14 21:51:20.670,101,Kele(Clone),-0.220000,1.610000,-1.780000,2.509365,23.736520,0.161858
1057,2026-08-14 21:51:20.670,103,Kele (2)(Clone),-0.110000,1.620000,-1.780000,355.792600,15.857450,333.398800
1058,2026-08-14 21:51:20.730,101,Kele(Clone),-0.220000,1.610000,-1.780000,357.258400,20.227190,359.730100
1059,2026-08-14 21:51:20.730,103,Kele (2)(Clone),-0.091171,1.628829,-1.771171,16.086290,53.160560,321.851700
1060,2026-08-14 21:51:20.785,103,Kele (2)(Clone),-0.083811,1.630000,-1.770000,28.893740,65.608930,319.279500
1061,2026-08-14 21:51:20.834,103,Kele (2)(Clone),-0.070000,1.633736,-1.760000,56.224980,71.373920,306.064200
1062,2026-08-14 21:51:20.886,101,Kele(Clone),-0.220000,1.610000,-1.780000,0.539003,20.365170,359.924000
1063,2026-08-14 21:51:20.886,103,Kele (2)(Clone),-0.063290,1.639780,-1.760000,70.436650,56.211700,285.884100
1064,2026-08-14 21:51:20.954,103,Kele (2)(Clone),-0.060000,1.640000,-1.760000,84.833960,39.332980,267.620400
1065,2026-08-14 21:51:21.017,103,Kele (2)(Clone),-0.060000,1.640000,-1.760000,88.251010,39.268240,267.511100
1066,2026-08-14 21:51:21.087,103,Kele (2)(Clone),-0.050000,1.640000,-1.760000,84.661970,220.594500,88.638670
1067,2026-08-14 21:51:21.089,117,LeShi_heijiao(Clone),0.090000,1.610000,-1.780000,0.025756,297.828800,0.809760
1068,2026-08-14 21:51:21.089,118,LeShi_heijiao (1)(Clone),0.090000,1.610000,-1.890000,359.989000,297.825100,0.747066
1069,2026-08-14 21:51:21.141,103,Kele (2)(Clone),-0.050000,1.640000,-1.760000,87.904460,220.223600,88.246480
1070,2026-08-14 21:51:21.202,103,Kele (2)(Clone),-0.060000,1.640000,-1.760000,89.767610,57.903740,286.260700
1071,2026-08-14 21:51:21.202,117,LeShi_heijiao(Clone),0.090000,1.610000,-1.780000,359.133000,297.818100,0.705120
1072,2026-08-14 21:51:21.202,118,LeShi_heijiao (1)(Clone),0.090000,1.610000,-1.890000,359.240900,298.011300,359.810700
1073,2026-08-14 21:51:21.260,103,Kele (2)(Clone),-0.060000,1.640000,-1.760000,86.713420,39.618620,267.997100
1074,2026-08-14 21:51:21.324,101,Kele(Clone),-0.220000,1.618597,-1.780000,352.642300,19.624570,14.323870
1075,2026-08-14 21:51:21.324,103,Kele (2)(Clone),-0.060000,1.640000,-1.760000,85.232520,39.169770,267.465800
1076,2026-08-14 21:51:21.324,118,LeShi_heijiao (1)(Clone),0.090000,1.610000,-1.890000,359.519700,297.849100,0.540980
1077,2026-08-14 21:51:21.393,85,FenDa (2)(Clone),-0.330000,1.620000,-1.780000,359.531600,1.246598,12.602840
1078,2026-08-14 21:51:21.393,101,Kele(Clone),-0.251150,1.620000,-1.778850,352.218000,4.700047,22.907210
1079,2026-08-14 21:51:21.393,103,Kele (2)(Clone),-0.060000,1.640000,-1.760000,87.057360,39.471410,267.845300
1080,2026-08-14 21:51:21.393,118,LeShi_heijiao (1)(Clone),0.090000,1.610000,-1.890000,358.962100,297.836500,359.965900
1081,2026-08-14 21:51:21.458,83,Fenda(Clone),-0.420320,1.610000,-1.780000,0.709091,0.146789,8.406521
1082,2026-08-14 21:51:21.458,101,Kele(Clone),-0.290000,1.620000,-1.770000,354.243000,345.738400,21.764370
1083,2026-08-14 21:51:21.458,103,Kele (2)(Clone),-0.060000,1.640000,-1.760000,86.900410,37.840980,266.094000
1084,2026-08-14 21:51:21.521,83,Fenda(Clone),-0.430000,1.612760,-1.780000,0.836534,0.818318,11.621810
1085,2026-08-14 21:51:21.521,85,FenDa (2)(Clone),-0.340000,1.620000,-1.780000,349.293100,17.407480,25.788150
1086,2026-08-14 21:51:21.521,101,Kele(Clone),-0.290000,1.620000,-1.767240,358.730100,336.453600,26.307630
1087,2026-08-14 21:51:21.521,103,Kele (2)(Clone),-0.060000,1.640000,-1.760000,85.931240,39.487630,267.877000
1088,2026-08-14 21:51:21.574,83,Fenda(Clone),-0.430000,1.620000,-1.780000,0.107648,3.582647,19.862580
1089,2026-08-14 21:51:21.574,85,FenDa (2)(Clone),-0.340000,1.620000,-1.780000,345.004300,14.453530,32.059850
1090,2026-08-14 21:51:21.574,101,Kele(Clone),-0.290000,1.620000,-1.760000,0.665748,329.320600,31.613470
1091,2026-08-14 21:51:21.574,103,Kele (2)(Clone),-0.060000,1.640000,-1.760000,86.556450,38.132050,266.397800
1092,2026-08-14 21:51:21.635,29,Baishi (2)(Clone),-0.530000,1.610000,-1.780000,0.014006,359.762500,1.392380
1093,2026-08-14 21:51:21.636,83,Fenda(Clone),-0.430000,1.620000,-1.780000,358.604900,6.685181,23.736690
1094,2026-08-14 21:51:21.636,85,FenDa (2)(Clone),-0.340000,1.622149,-1.782149,342.164600,12.665700,36.434670
1095,2026-08-14 21:51:21.636,101,Kele(Clone),-0.290000,1.620000,-1.760000,2.513231,328.309000,33.832060
1096,2026-08-14 21:51:21.636,103,Kele (2)(Clone),-0.060000,1.640000,-1.760000,86.506100,39.679970,268.060800
1097,2026-08-14 21:51:21.692,29,Baishi (2)(Clone),-0.530000,1.610000,-1.780000,1.393860,0.069434,4.732033
1098,2026-08-14 21:51:21.692,83,Fenda(Clone),-0.430000,1.620000,-1.780000,354.064300,18.961820,25.546880
1099,2026-08-14 21:51:21.692,85,FenDa (2)(Clone),-0.340000,1.630000,-1.790000,335.647300,11.239530,39.565530
1100,2026-08-14 21:51:21.692,101,Kele(Clone),-0.290000,1.620000,-1.756685,6.144049,321.471800,35.224350
1101,2026-08-14 21:51:21.805,29,Baishi (2)(Clone),-0.530000,1.610000,-1.780000,3.653137,0.130191,6.564321
1102,2026-08-14 21:51:21.805,83,Fenda(Clone),-0.430000,1.620000,-1.790000,350.589100,28.031280,25.929820
1103,2026-08-14 21:51:21.805,85,FenDa (2)(Clone),-0.344340,1.630000,-1.790000,324.740400,6.608535,47.176250
1104,2026-08-14 21:51:21.805,86,FenDa (3)(Clone),-0.420000,1.610000,-1.880000,359.060000,0.013708,359.603900
1105,2026-08-14 21:51:21.805,101,Kele(Clone),-0.300000,1.620000,-1.750000,18.639480,301.279000,34.023380
1106,2026-08-14 21:51:21.865,29,Baishi (2)(Clone),-0.530000,1.610000,-1.780000,3.100326,0.144962,8.277847
1107,2026-08-14 21:51:21.865,85,FenDa (2)(Clone),-0.350000,1.630000,-1.790000,319.594500,8.100356,49.479420
1108,2026-08-14 21:51:21.926,29,Baishi (2)(Clone),-0.530000,1.610000,-1.780000,2.441212,359.758200,10.289730
1109,2026-08-14 21:51:21.926,83,Fenda(Clone),-0.430000,1.620000,-1.786546,351.352100,22.926180,28.732600
1110,2026-08-14 21:51:21.926,85,FenDa (2)(Clone),-0.350000,1.630000,-1.797106,314.699000,12.963430,48.984870
1111,2026-08-14 21:51:21.926,101,Kele(Clone),-0.300000,1.627106,-1.740556,32.007000,280.776600,29.766380
1112,2026-08-14 21:51:21.979,83,Fenda(Clone),-0.430000,1.620000,-1.785140,351.606600,22.151020,29.052510
1113,2026-08-14 21:51:21.979,85,FenDa (2)(Clone),-0.350000,1.630000,-1.800000,313.766900,13.871180,48.883070
1114,2026-08-14 21:51:21.979,101,Kele(Clone),-0.300000,1.630000,-1.740000,33.392070,277.951200,28.781600
1115,2026-08-14 21:51:22.029,29,Baishi (2)(Clone),-0.530000,1.620000,-1.780000,0.297930,0.359332,15.714270
1116,2026-08-14 21:51:22.029,83,Fenda(Clone),-0.430000,1.620000,-1.780000,351.912200,18.734280,33.720970
1117,2026-08-14 21:51:22.029,85,FenDa (2)(Clone),-0.350000,1.630000,-1.800000,307.377600,12.020500,55.044330
1118,2026-08-14 21:51:22.029,101,Kele(Clone),-0.310000,1.630000,-1.740000,45.338340,256.901600,15.957250
1119,2026-08-14 21:51:22.099,83,Fenda(Clone),-0.440000,1.620000,-1.780000,350.199300,18.695370,37.787770
1120,2026-08-14 21:51:22.099,85,FenDa (2)(Clone),-0.350000,1.630931,-1.800000,302.024700,9.087876,60.938350
1121,2026-08-14 21:51:22.099,101,Kele(Clone),-0.320000,1.630000,-1.730000,55.154100,215.549100,344.011300
1122,2026-08-14 21:51:22.161,27,Baishi(Clone),-0.630000,1.610000,-1.770000,0.113586,359.703700,3.080328
1123,2026-08-14 21:51:22.161,29,Baishi (2)(Clone),-0.530000,1.620000,-1.780000,356.003000,8.301725,22.435130
1124,2026-08-14 21:51:22.161,83,Fenda(Clone),-0.440000,1.623888,-1.780000,348.263200,19.230440,38.450010
1125,2026-08-14 21:51:22.161,85,FenDa (2)(Clone),-0.350000,1.640000,-1.800000,301.110400,1.709288,67.783870
1126,2026-08-14 21:51:22.161,86,FenDa (3)(Clone),-0.420000,1.610000,-1.880000,358.020700,0.400891,359.722100
1127,2026-08-14 21:51:22.162,101,Kele(Clone),-0.323888,1.630000,-1.720000,43.675290,173.083600,307.668900
1128,2026-08-14 21:51:22.232,27,Baishi(Clone),-0.630000,1.610000,-1.770000,1.163153,359.656200,5.180326
1129,2026-08-14 21:51:22.232,29,Baishi (2)(Clone),-0.530000,1.620000,-1.780000,354.577600,11.991570,24.131990
1130,2026-08-14 21:51:22.232,83,Fenda(Clone),-0.440000,1.630000,-1.780000,347.687100,17.849560,39.896340
1131,2026-08-14 21:51:22.232,85,FenDa (2)(Clone),-0.350000,1.640000,-1.800000,301.318300,354.515400,75.165280
1132,2026-08-14 21:51:22.232,101,Kele(Clone),-0.330000,1.630000,-1.720000,33.326910,163.533800,301.638300
1133,2026-08-14 21:51:22.290,27,Baishi(Clone),-0.630000,1.610000,-1.770000,1.955779,359.407000,7.101858
1134,2026-08-14 21:51:22.290,29,Baishi (2)(Clone),-0.530000,1.620000,-1.780000,353.837500,12.900080,25.859700
1135,2026-08-14 21:51:22.290,85,FenDa (2)(Clone),-0.350000,1.640000,-1.800000,302.761800,350.816300,79.058110
1136,2026-08-14 21:51:22.290,101,Kele(Clone),-0.330000,1.630000,-1.720000,26.895270,158.542500,299.592100
1137,2026-08-14 21:51:22.348,27,Baishi(Clone),-0.630000,1.610000,-1.770000,2.365565,359.371700,8.416323
1138,2026-08-14 21:51:22.348,29,Baishi (2)(Clone),-0.530000,1.620000,-1.780000,353.697700,11.695180,27.333150
1139,2026-08-14 21:51:22.349,83,Fenda(Clone),-0.440000,1.630000,-1.780000,345.643300,17.017740,41.433560
1140,2026-08-14 21:51:22.349,85,FenDa (2)(Clone),-0.350000,1.640000,-1.800000,303.589900,349.724400,80.027320
1141,2026-08-14 21:51:22.349,86,FenDa (3)(Clone),-0.420000,1.610000,-1.880000,358.187100,0.764122,358.641200
1142,2026-08-14 21:51:22.349,101,Kele(Clone),-0.330000,1.630000,-1.720000,27.600130,158.237300,299.207800
1143,2026-08-14 21:51:22.421,29,Baishi (2)(Clone),-0.530000,1.620000,-1.780000,352.338800,7.980504,30.802780
1144,2026-08-14 21:51:22.421,101,Kele(Clone),-0.330000,1.630000,-1.720000,34.059290,160.753800,299.184500
1145,2026-08-14 21:51:22.482,27,Baishi(Clone),-0.630000,1.620000,-1.770000,2.132669,359.886000,14.063200
1146,2026-08-14 21:51:22.482,29,Baishi (2)(Clone),-0.530000,1.620000,-1.780000,351.677400,4.286895,33.611500
1147,2026-08-14 21:51:22.482,83,Fenda(Clone),-0.440000,1.630000,-1.780000,343.806100,13.496000,44.642060
1148,2026-08-14 21:51:22.482,85,FenDa (2)(Clone),-0.350000,1.640000,-1.800000,304.612800,347.596800,82.087810
1149,2026-08-14 21:51:22.482,101,Kele(Clone),-0.330000,1.630000,-1.720000,37.885150,162.592300,299.744600
1150,2026-08-14 21:51:22.551,27,Baishi(Clone),-0.630000,1.620000,-1.780000,358.749800,8.240268,22.130140
1151,2026-08-14 21:51:22.552,29,Baishi (2)(Clone),-0.530000,1.630000,-1.780000,349.614600,355.817300,43.367690
1152,2026-08-14 21:51:22.552,83,Fenda(Clone),-0.440000,1.630000,-1.780000,342.806400,7.820813,49.556400
1153,2026-08-14 21:51:22.552,85,FenDa (2)(Clone),-0.357504,1.640000,-1.800000,306.642400,344.076600,85.848880
1154,2026-08-14 21:51:22.552,101,Kele(Clone),-0.330000,1.630000,-1.720000,38.234680,162.916100,298.516700
1155,2026-08-14 21:51:22.618,29,Baishi (2)(Clone),-0.540000,1.630000,-1.780000,345.967100,348.239000,56.733350
1156,2026-08-14 21:51:22.618,85,FenDa (2)(Clone),-0.360000,1.640000,-1.800000,308.549700,341.229300,89.467860
1157,2026-08-14 21:51:22.618,86,FenDa (3)(Clone),-0.420000,1.610000,-1.880000,359.015100,0.223178,359.170000
1158,2026-08-14 21:51:22.618,101,Kele(Clone),-0.330000,1.630000,-1.720000,39.122370,163.734200,298.003100
1159,2026-08-14 21:51:22.671,27,Baishi(Clone),-0.640000,1.630000,-1.780000,345.497700,17.280210,49.019120
1160,2026-08-14 21:51:22.671,28,Baishi (1)(Clone),-0.630000,1.610000,-1.870000,358.715900,359.622400,359.766600
1161,2026-08-14 21:51:22.671,29,Baishi (2)(Clone),-0.540000,1.630000,-1.780000,332.841900,348.681000,68.445870
1162,2026-08-14 21:51:22.671,83,Fenda(Clone),-0.449003,1.630000,-1.780000,342.264900,353.799100,56.940660
1163,2026-08-14 21:51:22.671,85,FenDa (2)(Clone),-0.360000,1.640000,-1.800000,310.389600,340.913600,89.744150
1164,2026-08-14 21:51:22.671,86,FenDa (3)(Clone),-0.420000,1.610000,-1.880000,359.429500,359.938600,359.588500
1165,2026-08-14 21:51:22.671,101,Kele(Clone),-0.330000,1.630000,-1.720000,38.652570,164.437900,297.701600
1166,2026-08-14 21:51:22.671,103,Kele (2)(Clone),-0.060000,1.640000,-1.760000,86.300750,37.019220,265.289600
1167,2026-08-14 21:51:22.735,27,Baishi(Clone),-0.650000,1.630000,-1.780000,341.100300,11.616900,63.952170
1168,2026-08-14 21:51:22.735,29,Baishi (2)(Clone),-0.540000,1.630000,-1.790000,321.175500,353.706500,70.200660
1169,2026-08-14 21:51:22.735,83,Fenda(Clone),-0.450000,1.630000,-1.770000,340.811000,347.138500,58.199860
1170,2026-08-14 21:51:22.735,85,FenDa (2)(Clone),-0.360000,1.640000,-1.800000,311.659700,341.128100,89.650970
1171,2026-08-14 21:51:22.735,118,LeShi_heijiao (1)(Clone),0.090000,1.610000,-1.890000,0.081476,297.937900,0.782910
1172,2026-08-14 21:51:22.735,197,Xuebi (2)(Clone),-0.810000,1.610000,-1.770000,0.159655,0.620972,2.909086
1173,2026-08-14 21:51:22.785,27,Baishi(Clone),-0.650000,1.630000,-1.780000,342.300800,9.947638,65.621990
1174,2026-08-14 21:51:22.785,29,Baishi (2)(Clone),-0.540000,1.630000,-1.790000,317.330200,356.322100,70.163190
1175,2026-08-14 21:51:22.785,83,Fenda(Clone),-0.450000,1.630000,-1.770000,340.772300,344.615700,58.664090
1176,2026-08-14 21:51:22.787,101,Kele(Clone),-0.330000,1.630000,-1.720000,38.901570,165.054900,297.344800
1177,2026-08-14 21:51:22.787,197,Xuebi (2)(Clone),-0.810000,1.610000,-1.770000,0.091162,0.919676,5.739829
1178,2026-08-14 21:51:22.854,27,Baishi(Clone),-0.650000,1.630000,-1.780000,347.101800,6.892977,68.822810
1179,2026-08-14 21:51:22.854,28,Baishi (1)(Clone),-0.630000,1.610000,-1.870000,359.918500,359.762800,359.446800
1180,2026-08-14 21:51:22.854,29,Baishi (2)(Clone),-0.540000,1.640000,-1.800000,310.531600,356.132600,74.973940
1181,2026-08-14 21:51:22.854,30,Baishi (3)(Clone),-0.530000,1.610000,-1.870000,359.127700,359.926200,359.287700
1182,2026-08-14 21:51:22.854,83,Fenda(Clone),-0.450000,1.630000,-1.770000,344.622600,338.692900,59.767510
1183,2026-08-14 21:51:22.854,85,FenDa (2)(Clone),-0.360000,1.640000,-1.800000,310.729500,341.011400,89.559430
1184,2026-08-14 21:51:22.854,101,Kele(Clone),-0.330000,1.630000,-1.720034,44.625280,171.120400,299.354800
1185,2026-08-14 21:51:22.854,103,Kele (2)(Clone),-0.060000,1.640000,-1.760000,86.208060,38.264970,266.649600
1186,2026-08-14 21:51:22.854,118,LeShi_heijiao (1)(Clone),0.090000,1.610000,-1.890000,359.049300,297.823500,0.109523
1187,2026-08-14 21:51:22.855,197,Xuebi (2)(Clone),-0.810000,1.610000,-1.770000,358.545100,1.229423,9.582037
1188,2026-08-14 21:51:22.914,27,Baishi(Clone),-0.650000,1.630000,-1.780000,348.063900,6.511968,69.415890
1189,2026-08-14 21:51:22.914,28,Baishi (1)(Clone),-0.630000,1.610000,-1.870000,359.269200,359.755700,0.098900
1190,2026-08-14 21:51:22.914,29,Baishi (2)(Clone),-0.540000,1.640000,-1.800000,309.480300,353.563400,78.006320
1191,2026-08-14 21:51:22.915,83,Fenda(Clone),-0.450000,1.630000,-1.770000,345.507800,337.592100,60.358400
1192,2026-08-14 21:51:22.915,101,Kele(Clone),-0.330000,1.630000,-1.730000,45.767620,172.240300,299.892600
1193,2026-08-14 21:51:22.915,103,Kele (2)(Clone),-0.060000,1.640000,-1.760000,85.589940,38.756630,267.033400
1194,2026-08-14 21:51:22.987,27,Baishi(Clone),-0.650000,1.630000,-1.780000,351.385300,4.891334,69.907700
1195,2026-08-14 21:51:22.987,28,Baishi (1)(Clone),-0.630000,1.610000,-1.870000,358.622500,359.793000,0.939075
1196,2026-08-14 21:51:22.987,29,Baishi (2)(Clone),-0.550000,1.640000,-1.800000,310.032500,341.758100,93.094890
1197,2026-08-14 21:51:22.987,30,Baishi (3)(Clone),-0.530000,1.610000,-1.870000,0.121385,359.921200,0.354018
1198,2026-08-14 21:51:22.987,83,Fenda(Clone),-0.450000,1.630000,-1.770000,345.411800,338.968800,61.862450
1199,2026-08-14 21:51:22.987,85,FenDa (2)(Clone),-0.360000,1.640000,-1.800000,311.737300,340.924400,89.915440
1200,2026-08-14 21:51:22.988,101,Kele(Clone),-0.330000,1.630000,-1.727353,45.400760,171.797800,299.417500
1201,2026-08-14 21:51:22.988,103,Kele (2)(Clone),-0.060000,1.640000,-1.760000,85.420080,37.529670,265.927700
1202,2026-08-14 21:51:22.988,197,Xuebi (2)(Clone),-0.810000,1.610000,-1.770000,359.408800,1.689614,10.860240
1203,2026-08-14 21:51:23.038,27,Baishi(Clone),-0.650000,1.630000,-1.770000,354.539200,4.583924,70.440220
1204,2026-08-14 21:51:23.038,28,Baishi (1)(Clone),-0.630000,1.610000,-1.870000,359.749200,359.609300,359.143200
1205,2026-08-14 21:51:23.038,29,Baishi (2)(Clone),-0.550000,1.640000,-1.800000,311.375100,344.256700,89.905880
1206,2026-08-14 21:51:23.038,103,Kele (2)(Clone),-0.060000,1.640000,-1.760000,85.583900,38.104200,266.499300
1207,2026-08-14 21:51:23.038,197,Xuebi (2)(Clone),-0.810000,1.610000,-1.770000,0.463234,0.925434,10.716100
1208,2026-08-14 21:51:23.091,83,Fenda(Clone),-0.450000,1.630000,-1.770000,344.682000,339.598800,61.576810
1209,2026-08-14 21:51:23.091,103,Kele (2)(Clone),-0.042918,1.640000,-1.750000,59.327720,226.265400,92.578200
1210,2026-08-14 21:51:23.091,117,LeShi_heijiao(Clone),0.090000,1.610000,-1.780000,359.478100,298.086200,0.297637
1211,2026-08-14 21:51:23.091,118,LeShi_heijiao (1)(Clone),0.090000,1.610000,-1.890000,359.293700,298.086200,359.592400
1212,2026-08-14 21:51:23.151,28,Baishi (1)(Clone),-0.630000,1.610000,-1.870000,359.708300,359.898700,0.017821
1213,2026-08-14 21:51:23.151,103,Kele (2)(Clone),-0.030000,1.630719,-1.730000,45.244810,226.360500,86.716330
1214,2026-08-14 21:51:23.151,117,LeShi_heijiao(Clone),0.090000,1.610000,-1.780000,0.038336,298.369700,359.903100
1215,2026-08-14 21:51:23.152,118,LeShi_heijiao (1)(Clone),0.090000,1.610000,-1.890000,359.552000,298.000500,0.345021
1216,2026-08-14 21:51:23.152,197,Xuebi (2)(Clone),-0.810000,1.610000,-1.770000,2.351103,1.238666,10.270890
1217,2026-08-14 21:51:23.266,27,Baishi(Clone),-0.650000,1.630000,-1.770000,355.981500,5.023620,70.259060
1218,2026-08-14 21:51:23.266,101,Kele(Clone),-0.330000,1.630000,-1.720000,45.081870,171.177600,299.236800
1219,2026-08-14 21:51:23.266,103,Kele (2)(Clone),-0.030000,1.640000,-1.740000,53.874130,228.108200,89.663670
1220,2026-08-14 21:51:23.266,117,LeShi_heijiao(Clone),0.090000,1.610000,-1.780000,359.021700,297.826100,359.760600
1221,2026-08-14 21:51:23.267,197,Xuebi (2)(Clone),-0.810000,1.610000,-1.770000,3.651551,1.849882,10.455950
1222,2026-08-14 21:51:23.317,103,Kele (2)(Clone),-0.040000,1.640000,-1.740000,60.374490,227.849700,89.435240
1223,2026-08-14 21:51:23.379,103,Kele (2)(Clone),-0.040000,1.640000,-1.740000,61.928490,228.157800,89.861230
1224,2026-08-14 21:51:23.379,197,Xuebi (2)(Clone),-0.810000,1.610000,-1.770000,4.416664,1.588472,10.209460
1225,2026-08-14 21:51:23.432,103,Kele (2)(Clone),-0.040000,1.640000,-1.740000,65.724770,228.456300,90.328940
1226,2026-08-14 21:51:23.501,103,Kele (2)(Clone),-0.040000,1.640000,-1.740000,69.389740,228.951600,90.828580
1227,2026-08-14 21:51:23.569,103,Kele (2)(Clone),-0.040000,1.640000,-1.740000,72.251280,228.675400,90.527120
1228,2026-08-14 21:51:23.637,103,Kele (2)(Clone),-0.040000,1.640000,-1.740000,74.619410,228.335400,90.194480
1229,2026-08-14 21:51:23.689,103,Kele (2)(Clone),-0.040000,1.640000,-1.740000,76.830490,227.736400,89.673760
1230,2026-08-14 21:51:23.750,103,Kele (2)(Clone),-0.040000,1.640000,-1.750000,84.363120,225.302200,87.283750
1231,2026-08-14 21:51:23.750,118,LeShi_heijiao (1)(Clone),0.090000,1.610000,-1.890000,359.873000,298.006700,1.133467
1232,2026-08-14 21:51:23.868,103,Kele (2)(Clone),-0.050000,1.640000,-1.750000,89.070850,45.090460,267.308300
1233,2026-08-14 21:51:23.868,117,LeShi_heijiao(Clone),0.090000,1.610000,-1.780000,359.801100,297.788200,0.412359
1234,2026-08-14 21:51:23.868,118,LeShi_heijiao (1)(Clone),0.090000,1.610000,-1.890000,359.112600,297.764500,0.743243
1235,2026-08-14 21:51:23.922,103,Kele (2)(Clone),-0.050000,1.640000,-1.750000,88.600440,45.855590,268.145800
1236,2026-08-14 21:51:23.977,103,Kele (2)(Clone),-0.050000,1.640000,-1.750000,84.765540,45.576960,267.910200
1237,2026-08-14 21:51:23.977,118,LeShi_heijiao (1)(Clone),0.090000,1.610000,-1.890000,359.149400,298.198300,359.324400
1238,2026-08-14 21:51:24.038,103,Kele (2)(Clone),-0.050000,1.640000,-1.750000,86.364180,42.946800,265.256000
1239,2026-08-14 21:51:24.089,118,LeShi_heijiao (1)(Clone),0.090000,1.610000,-1.890000,359.102000,297.886900,0.362786
1240,2026-08-14 21:51:24.259,103,Kele (2)(Clone),-0.050000,1.640000,-1.750000,85.973670,44.484090,266.798400
1241,2026-08-14 21:51:24.313,103,Kele (2)(Clone),-0.050000,1.640000,-1.750000,85.764880,45.829220,268.146400
1242,2026-08-14 21:51:24.375,103,Kele (2)(Clone),-0.050000,1.640000,-1.750000,86.558490,44.555780,266.862600
1243,2026-08-14 21:51:24.512,103,Kele (2)(Clone),-0.050000,1.640000,-1.750000,86.292390,43.111610,265.421700
1244,2026-08-14 21:51:24.579,103,Kele (2)(Clone),-0.050000,1.640000,-1.750000,86.640950,43.872010,266.177900
1245,2026-08-14 21:51:24.645,103,Kele (2)(Clone),-0.050000,1.640000,-1.750000,87.629420,42.540920,264.837300
1246,2026-08-14 21:51:24.645,117,LeShi_heijiao(Clone),0.090000,1.610000,-1.780000,359.039500,297.704500,359.987300
1247,2026-08-14 21:51:24.708,103,Kele (2)(Clone),-0.050000,1.640000,-1.750000,88.738850,44.248020,266.657700
1248,2026-08-14 21:51:24.708,117,LeShi_heijiao(Clone),0.090000,1.610000,-1.780000,358.826200,293.531700,0.397034
1249,2026-08-14 21:51:24.764,103,Kele (2)(Clone),-0.050000,1.640000,-1.750000,87.097270,43.832860,266.134600
1250,2026-08-14 21:51:24.764,117,LeShi_heijiao(Clone),0.100000,1.615480,-1.780000,354.056600,286.755900,4.212302
1251,2026-08-14 21:51:24.826,103,Kele (2)(Clone),-0.050000,1.640000,-1.750000,85.511970,44.845730,267.166700
1252,2026-08-14 21:51:24.826,117,LeShi_heijiao(Clone),0.100000,1.620000,-1.780000,349.916500,286.054400,6.948092
1253,2026-08-14 21:51:24.881,103,Kele (2)(Clone),-0.050000,1.640000,-1.750000,86.448790,43.932510,266.240700
1254,2026-08-14 21:51:24.881,117,LeShi_heijiao(Clone),0.100000,1.620000,-1.780000,345.125000,286.914600,8.309794
1255,2026-08-14 21:51:24.950,103,Kele (2)(Clone),-0.050000,1.640000,-1.750000,85.808390,43.273780,265.590300
1256,2026-08-14 21:51:24.950,117,LeShi_heijiao(Clone),0.100000,1.620000,-1.780000,341.704000,286.838600,9.388459
1257,2026-08-14 21:51:25.009,103,Kele (2)(Clone),-0.050000,1.640000,-1.750000,86.167020,43.735480,266.047200
1258,2026-08-14 21:51:25.009,117,LeShi_heijiao(Clone),0.100000,1.629035,-1.780000,335.842400,290.393200,10.546190
1259,2026-08-14 21:51:25.114,103,Kele (2)(Clone),-0.050000,1.640000,-1.750000,86.273170,42.985940,265.296700
1260,2026-08-14 21:51:25.114,117,LeShi_heijiao(Clone),0.110000,1.620000,-1.790000,336.588200,294.017500,6.350918
1261,2026-08-14 21:51:25.114,118,LeShi_heijiao (1)(Clone),0.090000,1.610000,-1.890000,0.086996,297.825900,0.713960
1262,2026-08-14 21:51:25.114,121,LeShi_kaorou(Clone),0.230000,1.610000,-1.780000,359.834200,298.010200,0.493061
1263,2026-08-14 21:51:25.114,122,LeShi_kaorou (1)(Clone),0.230000,1.610000,-1.900000,357.694600,297.914300,0.707698
1264,2026-08-14 21:51:25.176,103,Kele (2)(Clone),-0.050000,1.640000,-1.750000,87.629010,42.432890,264.767700
1265,2026-08-14 21:51:25.176,117,LeShi_heijiao(Clone),0.120000,1.626799,-1.810000,341.971700,279.828100,7.585631
1266,2026-08-14 21:51:25.176,122,LeShi_kaorou (1)(Clone),0.230000,1.610000,-1.900000,356.058700,297.329800,0.504013
1267,2026-08-14 21:51:25.238,103,Kele (2)(Clone),-0.048052,1.640000,-1.750000,89.373180,17.133490,239.398400
1268,2026-08-14 21:51:25.238,117,LeShi_heijiao(Clone),0.140000,1.630000,-1.830000,356.475900,277.727700,9.749455
1269,2026-08-14 21:51:25.238,121,LeShi_kaorou(Clone),0.230000,1.610000,-1.780000,358.965500,297.629500,0.831791
1270,2026-08-14 21:51:25.238,122,LeShi_kaorou (1)(Clone),0.230000,1.620000,-1.900000,347.699400,297.003900,1.087570
1271,2026-08-14 21:51:25.289,103,Kele (2)(Clone),-0.040000,1.640000,-1.750000,88.624700,235.962200,96.934070
1272,2026-08-14 21:51:25.289,117,LeShi_heijiao(Clone),0.132079,1.648827,-1.821172,0.534242,278.789200,6.159460
1273,2026-08-14 21:51:25.289,118,LeShi_heijiao (1)(Clone),0.090000,1.610000,-1.890000,358.958700,297.982700,0.418206
1274,2026-08-14 21:51:25.289,121,LeShi_kaorou(Clone),0.230000,1.610000,-1.780000,359.258000,297.454900,0.009031
1275,2026-08-14 21:51:25.289,122,LeShi_kaorou (1)(Clone),0.230000,1.627921,-1.900000,334.993200,296.193500,3.205465
1276,2026-08-14 21:51:25.289,126,LeShi_tudou (1)(Clone),0.360000,1.610000,-1.890000,359.684500,298.010200,0.243823
1277,2026-08-14 21:51:25.341,122,LeShi_kaorou (1)(Clone),0.230000,1.629729,-1.900000,334.040000,295.954700,3.429957
1278,2026-08-14 21:51:25.394,103,Kele (2)(Clone),-0.040000,1.640000,-1.750000,85.434040,227.342700,88.264760
1279,2026-08-14 21:51:25.394,117,LeShi_heijiao(Clone),0.120000,1.660000,-1.810000,357.482100,280.758900,2.381642
1280,2026-08-14 21:51:25.394,118,LeShi_heijiao (1)(Clone),0.090000,1.610000,-1.890000,359.866200,297.826200,0.238275
1281,2026-08-14 21:51:25.394,122,LeShi_kaorou (1)(Clone),0.230000,1.630000,-1.900000,322.459800,294.995000,5.691453
1282,2026-08-14 21:51:25.394,126,LeShi_tudou (1)(Clone),0.360000,1.610000,-1.890000,359.345200,297.813600,1.304446
1283,2026-08-14 21:51:25.465,103,Kele (2)(Clone),-0.040000,1.640000,-1.750000,83.520620,227.465600,88.383110
1284,2026-08-14 21:51:25.465,117,LeShi_heijiao(Clone),0.101063,1.678937,-1.791063,354.447000,281.824300,359.294900
1285,2026-08-14 21:51:25.465,122,LeShi_kaorou (1)(Clone),0.238937,1.640000,-1.900000,309.703100,293.567400,8.563302
1286,2026-08-14 21:51:25.525,117,LeShi_heijiao(Clone),0.110000,1.680000,-1.792028,348.890900,284.155700,352.736800
1287,2026-08-14 21:51:25.525,122,LeShi_kaorou (1)(Clone),0.252028,1.650000,-1.912028,279.377700,262.087300,41.933160
1288,2026-08-14 21:51:25.525,126,LeShi_tudou (1)(Clone),0.360000,1.610000,-1.890000,359.103400,298.010300,359.891800
1289,2026-08-14 21:51:25.581,103,Kele (2)(Clone),-0.040000,1.640000,-1.750000,86.228150,226.668300,87.540820
1290,2026-08-14 21:51:25.581,117,LeShi_heijiao(Clone),0.110000,1.680000,-1.800000,348.410000,285.255400,349.293300
1291,2026-08-14 21:51:25.581,121,LeShi_kaorou(Clone),0.230000,1.610000,-1.780000,358.462800,297.610400,359.755100
1292,2026-08-14 21:51:25.581,122,LeShi_kaorou (1)(Clone),0.260000,1.650000,-1.920000,274.177000,218.131300,86.496120
1293,2026-08-14 21:51:25.646,103,Kele (2)(Clone),-0.040000,1.640000,-1.750000,89.383560,254.205600,115.235500
1294,2026-08-14 21:51:25.646,117,LeShi_heijiao(Clone),0.110000,1.680000,-1.800000,348.974500,285.532600,348.655800
1295,2026-08-14 21:51:25.646,122,LeShi_kaorou (1)(Clone),0.260000,1.650000,-1.920000,272.970500,214.944500,89.702730
1296,2026-08-14 21:51:25.711,103,Kele (2)(Clone),-0.050000,1.640000,-1.750000,84.777720,44.157280,265.401800
1297,2026-08-14 21:51:25.711,117,LeShi_heijiao(Clone),0.100000,1.680000,-1.790708,351.409200,285.104800,350.467100
1298,2026-08-14 21:51:25.711,121,LeShi_kaorou(Clone),0.230000,1.610000,-1.780000,359.960400,297.477700,0.780703
1299,2026-08-14 21:51:25.835,103,Kele (2)(Clone),-0.040000,1.640000,-1.750000,87.245510,44.048980,265.175400
1300,2026-08-14 21:51:25.835,117,LeShi_heijiao(Clone),0.080000,1.680000,-1.770000,356.238000,283.414900,351.764900
1301,2026-08-14 21:51:25.835,118,LeShi_heijiao (1)(Clone),0.090000,1.610000,-1.890000,359.232400,297.826400,359.800700
1302,2026-08-14 21:51:25.835,121,LeShi_kaorou(Clone),0.230000,1.610000,-1.780000,359.181800,297.637200,0.330808
1303,2026-08-14 21:51:25.835,122,LeShi_kaorou (1)(Clone),0.260000,1.650000,-1.920000,275.611600,215.695400,88.899770
1304,2026-08-14 21:51:25.898,103,Kele (2)(Clone),-0.041525,1.640000,-1.750000,87.086370,45.416330,266.620000
1305,2026-08-14 21:51:25.898,117,LeShi_heijiao(Clone),0.058475,1.680000,-1.758475,358.300700,284.168300,352.392200
1306,2026-08-14 21:51:25.898,122,LeShi_kaorou (1)(Clone),0.260000,1.650000,-1.920000,276.696800,214.846300,89.845130
1307,2026-08-14 21:51:25.949,103,Kele (2)(Clone),-0.050000,1.640000,-1.750000,86.075140,45.783980,266.981200
1308,2026-08-14 21:51:25.949,117,LeShi_heijiao(Clone),0.043009,1.680000,-1.750000,358.363600,285.625800,354.854600
1309,2026-08-14 21:51:25.949,121,LeShi_kaorou(Clone),0.230000,1.610000,-1.780000,359.387000,297.457800,359.352900
1310,2026-08-14 21:51:26.001,103,Kele (2)(Clone),-0.040000,1.640000,-1.744264,81.964070,224.699100,85.357820
1311,2026-08-14 21:51:26.001,117,LeShi_heijiao(Clone),0.014264,1.680000,-1.714264,2.463732,285.362500,355.209400
1312,2026-08-14 21:51:26.064,103,Kele (2)(Clone),-0.040000,1.640000,-1.740000,73.590690,229.765100,90.029160
1313,2026-08-14 21:51:26.064,117,LeShi_heijiao(Clone),-0.005118,1.690000,-1.692441,5.744003,285.032800,356.350800
1314,2026-08-14 21:51:26.064,121,LeShi_kaorou(Clone),0.230000,1.610000,-1.780000,359.690600,297.639100,0.559713
1315,2026-08-14 21:51:26.133,103,Kele (2)(Clone),-0.040000,1.640000,-1.740000,66.709120,230.498900,90.398120
1316,2026-08-14 21:51:26.133,117,LeShi_heijiao(Clone),-0.035737,1.684263,-1.658527,7.560422,285.838500,2.511667
1317,2026-08-14 21:51:26.133,118,LeShi_heijiao (1)(Clone),0.090000,1.610000,-1.890000,0.182858,297.823600,1.406371
1318,2026-08-14 21:51:26.195,103,Kele (2)(Clone),-0.030000,1.640000,-1.740000,63.281920,229.916400,89.585570
1319,2026-08-14 21:51:26.195,117,LeShi_heijiao(Clone),-0.040762,1.679238,-1.660000,8.972528,285.365900,4.056058
1320,2026-08-14 21:51:26.195,118,LeShi_heijiao (1)(Clone),0.090000,1.610000,-1.890000,359.114500,297.812400,1.139217
1321,2026-08-14 21:51:26.195,121,LeShi_kaorou(Clone),0.230000,1.610000,-1.780000,359.109100,297.456800,359.620100
1322,2026-08-14 21:51:26.263,103,Kele (2)(Clone),-0.030000,1.630694,-1.740000,54.226770,226.842500,86.507290
1323,2026-08-14 21:51:26.263,117,LeShi_heijiao(Clone),-0.068613,1.670000,-1.660000,9.048167,285.744100,4.203040
1324,2026-08-14 21:51:26.317,103,Kele (2)(Clone),-0.021292,1.640000,-1.730000,32.849380,230.256000,90.074010
1325,2026-08-14 21:51:26.317,117,LeShi_heijiao(Clone),-0.080000,1.670000,-1.631292,8.724709,289.150300,5.561769
1326,2026-08-14 21:51:26.317,118,LeShi_heijiao (1)(Clone),0.090000,1.610000,-1.890000,359.092000,297.823200,0.131587
1327,2026-08-14 21:51:26.381,103,Kele (2)(Clone),-0.020000,1.640000,-1.730000,23.191170,230.362700,89.889940
1328,2026-08-14 21:51:26.382,117,LeShi_heijiao(Clone),-0.110000,1.670000,-1.571877,7.786366,291.689600,6.732331
1329,2026-08-14 21:51:26.432,103,Kele (2)(Clone),-0.010147,1.640000,-1.720000,358.405000,230.466500,90.005730
1330,2026-08-14 21:51:26.432,117,LeShi_heijiao(Clone),-0.150842,1.650204,-1.549853,3.291938,302.269400,7.036062
1331,2026-08-14 21:51:26.501,103,Kele (2)(Clone),-0.007697,1.640000,-1.717697,342.786000,230.450000,90.254680
1332,2026-08-14 21:51:26.501,117,LeShi_heijiao(Clone),-0.170000,1.652303,-1.516183,4.363211,303.422500,8.264421
1333,2026-08-14 21:51:26.561,103,Kele (2)(Clone),0.000000,1.640000,-1.710000,333.232900,230.621500,89.945350
1334,2026-08-14 21:51:26.561,117,LeShi_heijiao(Clone),-0.170000,1.670000,-1.425732,5.887685,302.068900,11.104850
1335,2026-08-14 21:51:26.612,103,Kele (2)(Clone),0.000000,1.640000,-1.710000,316.414700,230.647200,89.908390
1336,2026-08-14 21:51:26.612,117,LeShi_heijiao(Clone),-0.180000,1.660000,-1.430000,8.526699,304.576800,13.701730
1337,2026-08-14 21:51:26.730,103,Kele (2)(Clone),0.010000,1.640000,-1.701455,302.733500,230.844200,89.723920
1338,2026-08-14 21:51:26.730,117,LeShi_heijiao(Clone),-0.244095,1.630000,-1.345905,2.837775,315.286900,12.666810
1339,2026-08-14 21:51:26.835,103,Kele (2)(Clone),0.010000,1.640000,-1.700000,294.984200,231.436300,89.038560
1340,2026-08-14 21:51:26.835,117,LeShi_heijiao(Clone),-0.260000,1.632978,-1.305957,2.769982,319.003800,11.643420
1341,2026-08-14 21:51:26.903,103,Kele (2)(Clone),0.010000,1.640000,-1.700000,290.779800,230.877500,89.745740
1342,2026-08-14 21:51:26.903,117,LeShi_heijiao(Clone),-0.292570,1.622477,-1.269907,3.353654,320.478500,11.068260
1343,2026-08-14 21:51:26.954,103,Kele (2)(Clone),0.010000,1.640000,-1.700000,287.213400,230.695500,89.905440
1344,2026-08-14 21:51:26.954,117,LeShi_heijiao(Clone),-0.310000,1.620000,-1.210000,1.323807,327.059700,9.781885
1345,2026-08-14 21:51:27.014,117,LeShi_heijiao(Clone),-0.322894,1.610000,-1.172894,1.213650,328.205200,9.584798
1346,2026-08-14 21:51:27.070,103,Kele (2)(Clone),0.010000,1.640000,-1.700000,290.775100,231.091600,89.598950
1347,2026-08-14 21:51:27.070,117,LeShi_heijiao(Clone),-0.370000,1.600000,-1.115576,1.162600,335.767800,8.718187
1348,2026-08-14 21:51:27.135,103,Kele (2)(Clone),0.010000,1.640000,-1.700000,298.457400,231.533300,89.082020
1349,2026-08-14 21:51:27.135,117,LeShi_heijiao(Clone),-0.370000,1.605671,-1.055671,1.468655,341.214000,12.667970
1350,2026-08-14 21:51:27.206,103,Kele (2)(Clone),0.010000,1.640000,-1.700000,301.319100,230.849200,89.829100
1351,2026-08-14 21:51:27.206,117,LeShi_heijiao(Clone),-0.380000,1.600000,-1.044107,1.248514,342.735700,13.382290
1352,2026-08-14 21:51:27.259,103,Kele (2)(Clone),0.010000,1.640000,-1.710000,305.752700,230.534200,90.215320
1353,2026-08-14 21:51:27.259,117,LeShi_heijiao(Clone),-0.404226,1.580000,-0.965774,359.980100,348.039400,13.172080
1354,2026-08-14 21:51:27.320,103,Kele (2)(Clone),0.009623,1.640000,-1.710000,309.926300,230.459100,90.293020
1355,2026-08-14 21:51:27.320,117,LeShi_heijiao(Clone),-0.420377,1.579623,-0.929247,359.895300,352.278600,13.786170
1356,2026-08-14 21:51:27.374,103,Kele (2)(Clone),0.000000,1.640000,-1.710000,314.394500,230.438800,90.291200
1357,2026-08-14 21:51:27.374,117,LeShi_heijiao(Clone),-0.430000,1.570000,-0.866904,0.494296,355.674800,15.694750
1358,2026-08-14 21:51:27.425,103,Kele (2)(Clone),0.000000,1.640000,-1.710000,317.216400,230.716200,90.006740
1359,2026-08-14 21:51:27.425,117,LeShi_heijiao(Clone),-0.440000,1.579805,-0.850000,2.311745,357.684300,16.886600
1360,2026-08-14 21:51:27.477,103,Kele (2)(Clone),0.000000,1.640000,-1.710000,319.186300,230.654900,90.019040
1361,2026-08-14 21:51:27.477,117,LeShi_heijiao(Clone),-0.470000,1.552174,-0.767826,5.479733,0.033891,18.719740
1362,2026-08-14 21:51:27.542,117,LeShi_heijiao(Clone),-0.470000,1.560000,-0.760000,6.138565,2.362431,18.854650
1363,2026-08-14 21:51:27.604,103,Kele (2)(Clone),0.000000,1.640000,-1.710000,317.155400,230.717300,90.004040
1364,2026-08-14 21:51:27.604,117,LeShi_heijiao(Clone),-0.491244,1.550000,-0.660000,3.594298,9.615701,20.446810
1365,2026-08-14 21:51:27.660,103,Kele (2)(Clone),0.000000,1.640000,-1.710000,314.173600,230.683300,90.041950
1366,2026-08-14 21:51:27.660,117,LeShi_heijiao(Clone),-0.537812,1.530000,-0.614375,3.010666,10.828130,18.085510
1367,2026-08-14 21:51:27.726,103,Kele (2)(Clone),0.010000,1.640000,-1.710000,310.396700,230.384800,90.357690
1368,2026-08-14 21:51:27.726,117,LeShi_heijiao(Clone),-0.530000,1.532555,-0.564890,6.453321,13.992900,20.679010
1369,2026-08-14 21:51:27.776,103,Kele (2)(Clone),0.010000,1.640000,-1.710000,306.354600,230.842600,89.906500
1370,2026-08-14 21:51:27.776,117,LeShi_heijiao(Clone),-0.534465,1.535535,-0.491069,5.866508,17.626980,22.775140
1371,2026-08-14 21:51:27.839,103,Kele (2)(Clone),0.010000,1.640000,-1.700000,304.970500,230.773800,89.883710
1372,2026-08-14 21:51:27.839,117,LeShi_heijiao(Clone),-0.544528,1.520943,-0.475472,3.910800,18.459270,22.780900
1373,2026-08-14 21:51:27.895,103,Kele (2)(Clone),0.010000,1.640000,-1.700000,301.983600,231.054800,89.668270
1374,2026-08-14 21:51:27.895,117,LeShi_heijiao(Clone),-0.557485,1.497485,-0.414971,2.118369,22.016110,23.531830
1375,2026-08-14 21:51:27.957,103,Kele (2)(Clone),0.010000,1.640000,-1.700000,299.607800,231.192600,89.403530
1376,2026-08-14 21:51:27.957,117,LeShi_heijiao(Clone),-0.554302,1.490000,-0.400000,2.813853,24.729640,24.485100
1377,2026-08-14 21:51:28.014,103,Kele (2)(Clone),0.010000,1.640000,-1.700000,291.718400,231.428600,89.121840
1378,2026-08-14 21:51:28.014,117,LeShi_heijiao(Clone),-0.550000,1.490000,-0.348470,5.135714,28.501790,23.433800
1379,2026-08-14 21:51:28.076,103,Kele (2)(Clone),0.010000,1.640000,-1.700000,284.482800,230.912500,89.704090
1380,2026-08-14 21:51:28.076,117,LeShi_heijiao(Clone),-0.560000,1.480000,-0.310000,7.409523,31.618770,24.912070
1381,2026-08-14 21:51:28.144,103,Kele (2)(Clone),0.020000,1.640000,-1.700000,275.835000,228.075200,92.509360
1382,2026-08-14 21:51:28.144,117,LeShi_heijiao(Clone),-0.564824,1.470000,-0.284824,6.813961,34.537080,26.737360
1383,2026-08-14 21:51:28.211,103,Kele (2)(Clone),0.020000,1.640000,-1.690000,278.036900,50.490750,269.870400
1384,2026-08-14 21:51:28.212,117,LeShi_heijiao(Clone),-0.560000,1.450000,-0.230000,4.563530,41.485570,27.999560
1385,2026-08-14 21:51:28.282,103,Kele (2)(Clone),0.020000,1.640000,-1.690000,279.673400,50.228420,270.326100
1386,2026-08-14 21:51:28.282,117,LeShi_heijiao(Clone),-0.560000,1.460000,-0.198125,4.160898,46.164930,27.400470
1387,2026-08-14 21:51:28.340,103,Kele (2)(Clone),0.020000,1.640000,-1.690000,276.820900,50.504760,270.126900
1388,2026-08-14 21:51:28.340,117,LeShi_heijiao(Clone),-0.550000,1.460000,-0.160000,3.736526,54.051310,29.637110
1389,2026-08-14 21:51:28.395,103,Kele (2)(Clone),0.020000,1.640000,-1.690000,272.665600,52.372830,268.316800
1390,2026-08-14 21:51:28.395,117,LeShi_heijiao(Clone),-0.536035,1.446068,-0.088236,2.474315,58.652190,33.288650
1391,2026-08-14 21:51:28.494,103,Kele (2)(Clone),0.020000,1.640000,-1.690000,271.747900,54.348050,266.348100
1392,2026-08-14 21:51:28.494,117,LeShi_heijiao(Clone),-0.520000,1.448340,-0.070000,358.833400,60.727950,32.266420
1393,2026-08-14 21:51:28.547,117,LeShi_heijiao(Clone),-0.510000,1.450000,-0.046401,357.536200,63.418790,30.388800
1394,2026-08-14 21:51:28.608,103,Kele (2)(Clone),0.020000,1.640000,-1.690000,273.042700,50.669900,270.016400
1395,2026-08-14 21:51:28.608,117,LeShi_heijiao(Clone),-0.469401,1.450000,0.020599,356.773500,73.365400,32.228620
1396,2026-08-14 21:51:28.665,103,Kele (2)(Clone),0.020000,1.640000,-1.690000,273.225400,50.024490,270.660300
1397,2026-08-14 21:51:28.731,117,LeShi_heijiao(Clone),-0.452599,1.447401,0.090000,1.194898,77.649460,31.160580
1398,2026-08-14 21:51:29.136,117,LeShi_heijiao(Clone),-0.440000,1.466943,0.106943,3.780367,81.191600,31.892440
1399,2026-08-14 21:51:29.201,117,LeShi_heijiao(Clone),-0.460000,1.390000,0.390000,355.072200,77.229610,45.249020
1400,2026-08-14 21:51:29.267,117,LeShi_heijiao(Clone),-0.470000,1.370000,0.400000,353.612700,76.347680,46.608700
1401,2026-08-14 21:51:29.342,117,LeShi_heijiao(Clone),-0.505249,1.340000,0.465249,355.403500,76.965150,45.935700
1402,2026-08-14 21:51:29.404,117,LeShi_heijiao(Clone),-0.520000,1.360000,0.470000,358.016700,76.074300,46.400290
1403,2026-08-14 21:51:29.466,117,LeShi_heijiao(Clone),-0.541001,1.348999,0.497503,353.935300,76.927150,49.486820
1404,2026-08-14 21:51:29.520,117,LeShi_heijiao(Clone),-0.570000,1.330000,0.550000,355.298500,77.644140,48.725900
1405,2026-08-14 21:51:29.570,117,LeShi_heijiao(Clone),-0.590177,1.339451,0.570177,356.325000,77.609630,47.062810
1406,2026-08-14 21:51:29.678,117,LeShi_heijiao(Clone),-0.600000,1.330000,0.590000,354.814100,79.230130,49.113540
1407,2026-08-14 21:51:29.741,117,LeShi_heijiao(Clone),-0.610000,1.310000,0.620000,354.072500,80.509220,51.078850
1408,2026-08-14 21:51:29.795,117,LeShi_heijiao(Clone),-0.630000,1.317415,0.662584,353.123800,78.728780,51.552560
1409,2026-08-14 21:51:29.861,117,LeShi_heijiao(Clone),-0.640000,1.327854,0.667854,354.986800,80.901980,52.064500
1410,2026-08-14 21:51:29.919,117,LeShi_heijiao(Clone),-0.640000,1.320650,0.680000,356.913900,83.649600,53.331250
1411,2026-08-14 21:51:29.986,117,LeShi_heijiao(Clone),-0.660000,1.300000,0.732914,356.108000,83.553110,59.300480
1412,2026-08-14 21:51:30.038,117,LeShi_heijiao(Clone),-0.660000,1.290000,0.765366,354.903400,83.758690,59.332350
1413,2026-08-14 21:51:30.102,117,LeShi_heijiao(Clone),-0.660031,1.290000,0.780062,354.693000,83.896930,59.090070
1414,2026-08-14 21:51:30.153,117,LeShi_heijiao(Clone),-0.670000,1.280000,0.826095,358.103700,85.877110,59.309350
1415,2026-08-14 21:51:30.205,117,LeShi_heijiao(Clone),-0.678461,1.270000,0.856921,0.843441,86.756050,60.779050
1416,2026-08-14 21:51:30.259,117,LeShi_heijiao(Clone),-0.684735,1.290000,0.874735,2.900704,84.652100,64.265580
1417,2026-08-14 21:51:30.310,117,LeShi_heijiao(Clone),-0.690000,1.299941,0.899941,1.845792,83.376400,63.877440
1418,2026-08-14 21:51:30.372,117,LeShi_heijiao(Clone),-0.690000,1.290000,0.931759,0.674135,81.522070,63.231090
1419,2026-08-14 21:51:30.427,117,LeShi_heijiao(Clone),-0.690000,1.280000,0.950000,359.667700,81.429560,63.765460
1420,2026-08-14 21:51:30.492,117,LeShi_heijiao(Clone),-0.700000,1.239108,1.010000,355.064600,80.267520,68.541370
1421,2026-08-14 21:51:30.561,117,LeShi_heijiao(Clone),-0.701682,1.208318,1.020000,355.140600,79.914410,70.549190
1422,2026-08-14 21:51:30.627,117,LeShi_heijiao(Clone),-0.710000,1.222472,1.007528,0.121311,79.812030,71.618900
1423,2026-08-14 21:51:30.695,117,LeShi_heijiao(Clone),-0.710000,1.250000,1.010915,0.189605,82.256370,73.174320
1424,2026-08-14 21:51:30.759,117,LeShi_heijiao(Clone),-0.716299,1.230000,1.020000,355.675300,80.960850,74.758400
1425,2026-08-14 21:51:30.821,117,LeShi_heijiao(Clone),-0.720000,1.230000,1.020000,356.552600,80.831290,74.782590
1426,2026-08-14 21:51:31.184,117,LeShi_heijiao(Clone),-0.768431,1.249372,1.107177,29.386970,101.297800,94.595480
1427,2026-08-14 21:51:31.239,17,BaiChun_caomei(Clone),-0.760000,1.090000,1.230000,89.916070,23.551960,0.000000
1428,2026-08-14 21:51:31.239,107,KeleP1 (2)(Clone),-0.690000,1.130000,1.188971,314.906100,265.740400,271.387600
1429,2026-08-14 21:51:31.239,117,LeShi_heijiao(Clone),-0.838619,1.142071,1.140000,1.317612,110.714900,80.783820
1430,2026-08-14 21:51:31.239,145,Qdi_caomei(Clone),-0.610000,1.100000,1.120000,288.043100,105.890800,78.707970
1431,2026-08-14 21:51:31.308,17,BaiChun_caomei(Clone),-0.760000,1.090000,1.230000,88.992830,75.880840,52.203190
1432,2026-08-14 21:51:31.308,107,KeleP1 (2)(Clone),-0.720000,1.130000,1.180000,17.946220,260.161200,269.696400
1433,2026-08-14 21:51:31.308,117,LeShi_heijiao(Clone),-0.965226,1.080000,1.117387,322.832300,117.511400,65.616840
1434,2026-08-14 21:51:31.308,145,Qdi_caomei(Clone),-0.608694,1.110000,1.120000,291.704100,96.905360,87.216430
1435,2026-08-14 21:51:31.361,107,KeleP1 (2)(Clone),-0.736335,1.130000,1.180000,51.872740,261.650300,270.436500
1436,2026-08-14 21:51:31.361,117,LeShi_heijiao(Clone),-1.154346,1.057330,1.063665,295.554600,134.450000,48.078820
1437,2026-08-14 21:51:31.362,145,Qdi_caomei(Clone),-0.600000,1.110000,1.120000,293.122200,92.904250,91.212700
1438,2026-08-14 21:51:31.414,107,KeleP1 (2)(Clone),-0.750000,1.130000,1.170000,76.568810,263.705700,272.226000
1439,2026-08-14 21:51:31.414,117,LeShi_heijiao(Clone),-1.322262,1.001095,1.025548,283.211400,199.939500,342.203900
1440,2026-08-14 21:51:31.480,107,KeleP1 (2)(Clone),-0.753195,1.130000,1.170000,83.477870,261.917900,270.497100
1441,2026-08-14 21:51:31.480,117,LeShi_heijiao(Clone),-1.372364,0.980415,1.013610,285.448300,225.606400,316.434900
1442,2026-08-14 21:51:31.480,145,Qdi_caomei(Clone),-0.600000,1.110000,1.120000,293.267100,92.123730,92.108730
1443,2026-08-14 21:51:31.549,17,BaiChun_caomei(Clone),-0.760000,1.090000,1.230000,89.554570,240.567900,217.105000
1444,2026-08-14 21:51:31.549,107,KeleP1 (2)(Clone),-0.777784,1.130000,1.170000,55.495920,79.494380,88.308190
1445,2026-08-14 21:51:31.549,117,LeShi_heijiao(Clone),-1.520000,0.838863,0.977784,286.466900,112.382700,70.311160
1446,2026-08-14 21:51:31.549,145,Qdi_caomei(Clone),-0.600000,1.110000,1.120000,293.699700,92.483570,91.637690
1447,2026-08-14 21:51:31.613,17,BaiChun_caomei(Clone),-0.760000,1.090000,1.230000,89.547160,241.252400,217.789400
1448,2026-08-14 21:51:31.614,107,KeleP1 (2)(Clone),-0.790000,1.130000,1.160000,29.567970,79.399440,88.015430
1449,2026-08-14 21:51:31.614,117,LeShi_heijiao(Clone),-1.520000,0.715426,0.980000,311.263200,98.611190,84.381970
1450,2026-08-14 21:51:31.666,17,BaiChun_caomei(Clone),-0.760000,1.090000,1.230000,89.472140,247.999600,224.536600
1451,2026-08-14 21:51:31.666,107,KeleP1 (2)(Clone),-0.798801,1.121199,1.160000,12.938700,78.893160,86.159480
1452,2026-08-14 21:51:31.666,117,LeShi_heijiao(Clone),-1.511199,0.628396,0.980000,325.770400,96.316380,86.742150
1453,2026-08-14 21:51:31.715,107,KeleP1 (2)(Clone),-0.811975,1.098025,1.160000,336.674300,80.006560,81.764380
1454,2026-08-14 21:51:31.715,117,LeShi_heijiao(Clone),-1.508025,0.426302,0.980000,352.514000,94.047520,89.411840
1455,2026-08-14 21:51:31.767,17,BaiChun_caomei(Clone),-0.760000,1.090000,1.230000,89.648340,231.386400,207.809000
1456,2026-08-14 21:51:31.767,107,KeleP1 (2)(Clone),-0.820000,1.090000,1.160000,321.770800,79.900330,83.049550
1457,2026-08-14 21:51:31.767,117,LeShi_heijiao(Clone),-1.500000,0.311806,0.980000,6.481664,93.511070,90.538410
1458,2026-08-14 21:51:31.767,145,Qdi_caomei(Clone),-0.600000,1.110000,1.120000,292.891300,92.435980,91.908000
1459,2026-08-14 21:51:31.820,107,KeleP1 (2)(Clone),-0.840000,1.090776,1.160000,289.011600,66.044210,101.654800
1460,2026-08-14 21:51:31.820,117,LeShi_heijiao(Clone),-1.490000,0.044657,0.980000,33.520800,92.858410,91.948540
1461,2026-08-14 21:51:31.886,107,KeleP1 (2)(Clone),-0.863969,1.090000,1.156031,281.714100,270.116900,258.114100
1462,2026-08-14 21:51:31.886,117,LeShi_heijiao(Clone),-1.476030,0.040000,0.980000,57.168970,91.890690,90.488350
1463,2026-08-14 21:51:31.949,107,KeleP1 (2)(Clone),-0.879570,1.090000,1.150000,310.481000,259.745100,268.848100
1464,2026-08-14 21:51:31.949,117,LeShi_heijiao(Clone),-1.466226,0.040000,0.980000,75.852130,89.665510,88.197810
1465,2026-08-14 21:51:32.016,107,KeleP1 (2)(Clone),-0.890000,1.090000,1.150000,326.992100,259.712600,268.667700
1466,2026-08-14 21:51:32.016,117,LeShi_heijiao(Clone),-1.460000,0.035180,0.980000,87.836800,73.806020,72.237340
1467,2026-08-14 21:51:32.065,107,KeleP1 (2)(Clone),-0.890000,1.090000,1.150000,335.628400,259.782500,268.433500
1468,2026-08-14 21:51:32.065,117,LeShi_heijiao(Clone),-1.451944,0.038056,0.980000,84.833810,276.373700,274.757000
1469,2026-08-14 21:51:32.136,107,KeleP1 (2)(Clone),-0.900000,1.090000,1.150000,347.938200,259.550700,269.326700
1470,2026-08-14 21:51:32.136,117,LeShi_heijiao(Clone),-1.450000,0.040000,0.980000,73.507730,271.668400,269.990500
1471,2026-08-14 21:51:32.188,107,KeleP1 (2)(Clone),-0.900000,1.090000,1.150000,354.052600,259.386100,269.866000
1472,2026-08-14 21:51:32.188,117,LeShi_heijiao(Clone),-1.440000,0.040000,0.980000,67.137890,271.410100,269.743200
1473,2026-08-14 21:51:32.250,107,KeleP1 (2)(Clone),-0.910000,1.090000,1.150000,0.191435,259.477100,269.613800
1474,2026-08-14 21:51:32.251,117,LeShi_heijiao(Clone),-1.439878,0.040000,0.980000,56.920130,271.533700,269.899100
1475,2026-08-14 21:51:32.309,107,KeleP1 (2)(Clone),-0.910000,1.090000,1.140000,5.258185,259.405900,269.273700
1476,2026-08-14 21:51:32.309,117,LeShi_heijiao(Clone),-1.430000,0.040000,0.980000,49.508670,271.655700,270.103400
1477,2026-08-14 21:51:32.371,117,LeShi_heijiao(Clone),-1.430000,0.040000,0.980000,43.387240,271.645300,270.028100
1478,2026-08-14 21:51:32.429,107,KeleP1 (2)(Clone),-0.919215,1.090000,1.140000,19.723790,259.187400,268.497100
1479,2026-08-14 21:51:32.429,117,LeShi_heijiao(Clone),-1.430000,0.040000,0.980000,44.435540,271.661200,270.049000
1480,2026-08-14 21:51:32.491,107,KeleP1 (2)(Clone),-0.920000,1.090000,1.140000,27.623910,258.428400,266.846000
1481,2026-08-14 21:51:32.491,117,LeShi_heijiao(Clone),-1.430000,0.040000,0.980000,45.202660,271.550000,269.855500
1482,2026-08-14 21:51:32.555,107,KeleP1 (2)(Clone),-0.930000,1.090000,1.140000,40.221000,257.004900,264.731400
1483,2026-08-14 21:51:32.627,107,KeleP1 (2)(Clone),-0.930000,1.090000,1.140000,48.457290,256.299000,264.501900
1484,2026-08-14 21:51:32.677,107,KeleP1 (2)(Clone),-0.950000,1.080000,1.140000,75.576920,244.779700,253.147000
1485,2026-08-14 21:51:32.730,107,KeleP1 (2)(Clone),-0.977570,1.080000,1.140000,63.476380,100.490700,107.828500
1486,2026-08-14 21:51:32.794,107,KeleP1 (2)(Clone),-1.002104,1.043688,1.137896,23.923040,91.098700,96.978660
1487,2026-08-14 21:51:32.845,107,KeleP1 (2)(Clone),-1.007510,1.027470,1.132490,17.706990,90.445870,96.175100
1488,2026-08-14 21:51:32.914,107,KeleP1 (2)(Clone),-1.021583,0.943669,1.130000,350.819100,88.348720,93.355260
1489,2026-08-14 21:51:32.978,107,KeleP1 (2)(Clone),-1.040000,0.844169,1.120000,329.794200,87.677090,91.680340
1490,2026-08-14 21:51:33.038,107,KeleP1 (2)(Clone),-1.060000,0.730000,1.120000,302.700500,85.329410,92.267550
1491,2026-08-14 21:51:33.101,107,KeleP1 (2)(Clone),-1.090000,0.730000,1.120000,274.857400,279.729300,257.103100
1492,2026-08-14 21:51:33.177,107,KeleP1 (2)(Clone),-1.100000,0.730000,1.120000,294.691300,266.833700,266.940800
1493,2026-08-14 21:51:33.234,107,KeleP1 (2)(Clone),-1.101408,0.730000,1.120000,309.152200,263.199300,268.607500
1494,2026-08-14 21:51:33.289,107,KeleP1 (2)(Clone),-1.110000,0.730000,1.120000,324.178600,260.567200,268.852900
1495,2026-08-14 21:51:33.407,107,KeleP1 (2)(Clone),-1.120000,0.730000,1.120000,337.821900,259.086500,268.459900
1496,2026-08-14 21:51:33.468,107,KeleP1 (2)(Clone),-1.120000,0.725999,1.115999,346.611300,257.400700,269.290500
1497,2026-08-14 21:51:33.519,107,KeleP1 (2)(Clone),-1.123737,0.720000,1.110000,351.148400,257.144100,269.719100
1498,2026-08-14 21:51:33.574,107,KeleP1 (2)(Clone),-1.130000,0.720000,1.110000,355.568500,256.661400,269.722700
1499,2026-08-14 21:51:33.690,107,KeleP1 (2)(Clone),-1.130000,0.720000,1.110000,356.549300,256.499100,269.773800
1500,2026-08-14 21:51:33.808,107,KeleP1 (2)(Clone),-1.120000,0.720000,1.110000,351.994700,257.230800,269.797200
1501,2026-08-14 21:51:33.870,107,KeleP1 (2)(Clone),-1.120000,0.720000,1.110000,347.631300,257.622100,269.435200
1502,2026-08-14 21:51:33.928,107,KeleP1 (2)(Clone),-1.120000,0.728652,1.118652,344.369500,257.788200,268.921600
1503,2026-08-14 21:51:33.991,107,KeleP1 (2)(Clone),-1.120000,0.730000,1.120000,342.775400,257.939800,268.787500
1504,2026-08-14 21:51:34.127,107,KeleP1 (2)(Clone),-1.120000,0.730000,1.110000,346.799300,257.145900,269.240500
1505,2026-08-14 21:51:34.177,107,KeleP1 (2)(Clone),-1.120000,0.720000,1.110000,350.906900,256.734600,269.619200
1506,2026-08-14 21:51:34.246,107,KeleP1 (2)(Clone),-1.120000,0.720000,1.110000,351.872500,256.817700,269.757900
1507,2026-08-14 21:51:34.300,107,KeleP1 (2)(Clone),-1.130000,0.720000,1.110000,354.103400,256.865600,269.858800
1508,2026-08-14 21:51:34.362,107,KeleP1 (2)(Clone),-1.130000,0.720000,1.110000,353.271900,257.035500,269.746000
1509,2026-08-14 21:51:34.469,107,KeleP1 (2)(Clone),-1.120000,0.720000,1.110000,350.186200,257.542800,269.548100
1510,2026-08-14 21:51:34.587,107,KeleP1 (2)(Clone),-1.120000,0.720000,1.110000,348.010400,257.879400,269.409500
1511,2026-08-14 21:51:34.638,107,KeleP1 (2)(Clone),-1.120000,0.730000,1.110000,344.391800,258.029800,269.017500
1512,2026-08-14 21:51:34.708,107,KeleP1 (2)(Clone),-1.120000,0.730000,1.120000,343.391800,258.147000,268.973300
1513,2026-08-14 21:51:34.819,107,KeleP1 (2)(Clone),-1.120000,0.730000,1.110000,345.788400,257.689400,269.227500
1514,2026-08-14 21:51:34.882,107,KeleP1 (2)(Clone),-1.120000,0.720000,1.110000,348.027300,257.426200,269.571100
1515,2026-08-14 21:51:37.204,17,BaiChun_caomei(Clone),-0.760000,1.090000,1.230000,88.865810,142.341800,118.858200
1516,2026-08-14 21:51:37.266,17,BaiChun_caomei(Clone),-0.760000,1.090000,1.230000,89.747440,140.037100,116.574400
1517,2026-08-14 21:51:37.387,17,BaiChun_caomei(Clone),-0.760000,1.090000,1.230000,89.907220,23.329410,0.000000
1518,2026-08-14 21:51:37.388,145,Qdi_caomei(Clone),-0.600000,1.110000,1.120000,293.007400,92.985300,91.473970
